observation_date,open,high,low,close,volume,source
2016-05-10,225.000000,230.000000,223.000000,230.000000,1490000,manual download: /Users/pickaneym/Downloads/JFC Historical Data.csv
2016-05-11,230.000000,235.000000,229.000000,233.800000,1900000,manual download: /Users/pickaneym/Downloads/JFC Historical Data.csv
2016-05-12,233.000000,233.000000,229.200000,229.800000,617660,manual download: /Users/pickaneym/Downloads/JFC Historical Data.csv
2016-05-13,230.000000,237.800000,229.600000,234.600000,1390000,manual download: /Users/pickaneym/Downloads/JFC Historical Data.csv
2016-05-16,233.200000,242.600000,230.000000,240.000000,1380000,manual download: /Users/pickaneym/Downloads/JFC Historical Data.csv
2016-05-17,240.000000,240.000000,235.200000,235.600000,751020,manual download: /Users/pickaneym/Downloads/JFC Historical Data.csv
2016-05-18,237.000000,239.000000,231.000000,235.000000,1830000,manual download: /Users/pickaneym/Downloads/JFC Historical Data.csv
2016-05-19,235.800000,235.800000,231.200000,233.600000,802110,manual download: /Users/pickaneym/Downloads/JFC Historical Data.csv
2016-05-20,233.600000,237.000000,233.000000,235.000000,708500,manual download: /Users/pickaneym/Downloads/JFC Historical Data.csv
2016-05-23,236.000000,238.000000,235.800000,236.000000,426750,manual download: /Users/pickaneym/Downloads/JFC Historical Data.csv
2016-05-24,235.800000,237.400000,235.600000,236.200000,456240,manual download: /Users/pickaneym/Downloads/JFC Historical Data.csv
2016-05-25,237.200000,237.200000,235.400000,236.000000,679360,manual download: /Users/pickaneym/Downloads/JFC Historical Data.csv
2016-05-26,236.000000,236.000000,230.000000,233.600000,637360,manual download: /Users/pickaneym/Downloads/JFC Historical Data.csv
2016-05-27,235.000000,237.800000,234.600000,236.600000,362890,manual download: /Users/pickaneym/Downloads/JFC Historical Data.csv
2016-05-30,237.000000,238.200000,236.800000,237.600000,245260,manual download: /Users/pickaneym/Downloads/JFC Historical Data.csv
2016-05-31,237.600000,237.800000,235.400000,235.400000,2820000,manual download: /Users/pickaneym/Downloads/JFC Historical Data.csv
2016-06-01,235.200000,236.000000,234.400000,235.000000,514429,manual download: /Users/pickaneym/Downloads/JFC Historical Data.csv
2016-06-02,235.600000,236.000000,230.000000,230.000000,760710,manual download: /Users/pickaneym/Downloads/JFC Historical Data.csv
2016-06-03,234.000000,235.000000,229.800000,230.000000,917380,manual download: /Users/pickaneym/Downloads/JFC Historical Data.csv
2016-06-06,231.000000,233.400000,231.000000,233.000000,667220,manual download: /Users/pickaneym/Downloads/JFC Historical Data.csv
2016-06-07,235.000000,239.600000,233.200000,239.000000,781950,manual download: /Users/pickaneym/Downloads/JFC Historical Data.csv
2016-06-08,239.000000,239.800000,237.000000,237.000000,505640,manual download: /Users/pickaneym/Downloads/JFC Historical Data.csv
2016-06-09,237.000000,237.000000,233.000000,233.000000,460940,manual download: /Users/pickaneym/Downloads/JFC Historical Data.csv
2016-06-10,235.000000,238.000000,230.000000,230.000000,415750,manual download: /Users/pickaneym/Downloads/JFC Historical Data.csv
2016-06-13,231.000000,232.000000,229.200000,231.000000,437310,manual download: /Users/pickaneym/Downloads/JFC Historical Data.csv
2016-06-14,231.000000,234.000000,230.000000,231.000000,395630,manual download: /Users/pickaneym/Downloads/JFC Historical Data.csv
2016-06-15,231.200000,233.000000,230.000000,230.000000,285100,manual download: /Users/pickaneym/Downloads/JFC Historical Data.csv
2016-06-16,231.200000,235.000000,231.200000,234.000000,380010,manual download: /Users/pickaneym/Downloads/JFC Historical Data.csv
2016-06-17,235.000000,239.400000,235.000000,239.000000,646860,manual download: /Users/pickaneym/Downloads/JFC Historical Data.csv
2016-06-20,238.800000,239.000000,235.000000,238.000000,464400,manual download: /Users/pickaneym/Downloads/JFC Historical Data.csv
2016-06-21,239.000000,239.400000,230.000000,230.000000,802280,manual download: /Users/pickaneym/Downloads/JFC Historical Data.csv
2016-06-22,237.000000,237.000000,233.800000,234.600000,705190,manual download: /Users/pickaneym/Downloads/JFC Historical Data.csv
2016-06-23,231.600000,234.600000,231.600000,232.200000,439830,manual download: /Users/pickaneym/Downloads/JFC Historical Data.csv
2016-06-24,235.800000,235.800000,231.800000,235.000000,752550,manual download: /Users/pickaneym/Downloads/JFC Historical Data.csv
2016-06-27,231.200000,235.200000,231.200000,233.200000,578730,manual download: /Users/pickaneym/Downloads/JFC Historical Data.csv
2016-06-28,234.000000,235.200000,233.600000,235.000000,611860,manual download: /Users/pickaneym/Downloads/JFC Historical Data.csv
2016-06-29,235.000000,236.600000,234.600000,235.800000,1150000,manual download: /Users/pickaneym/Downloads/JFC Historical Data.csv
2016-06-30,235.800000,249.400000,235.800000,242.000000,2440000,manual download: /Users/pickaneym/Downloads/JFC Historical Data.csv
2016-07-01,243.000000,245.400000,243.000000,245.200000,993530,manual download: /Users/pickaneym/Downloads/JFC Historical Data.csv
2016-07-04,245.000000,245.000000,243.000000,244.000000,843490,manual download: /Users/pickaneym/Downloads/JFC Historical Data.csv
2016-07-05,244.000000,245.800000,243.800000,244.800000,629320,manual download: /Users/pickaneym/Downloads/JFC Historical Data.csv
2016-07-07,244.800000,247.000000,244.000000,244.800000,896050,manual download: /Users/pickaneym/Downloads/JFC Historical Data.csv
2016-07-08,244.400000,245.000000,244.000000,244.800000,462530,manual download: /Users/pickaneym/Downloads/JFC Historical Data.csv
2016-07-11,247.800000,252.000000,245.800000,250.000000,963190,manual download: /Users/pickaneym/Downloads/JFC Historical Data.csv
2016-07-12,250.000000,253.000000,249.400000,250.000000,1170000,manual download: /Users/pickaneym/Downloads/JFC Historical Data.csv
2016-07-13,250.400000,251.000000,247.000000,249.800000,928800,manual download: /Users/pickaneym/Downloads/JFC Historical Data.csv
2016-07-14,249.800000,250.000000,249.400000,250.000000,580410,manual download: /Users/pickaneym/Downloads/JFC Historical Data.csv
2016-07-15,250.000000,250.000000,249.600000,250.000000,714340,manual download: /Users/pickaneym/Downloads/JFC Historical Data.csv
2016-07-18,250.000000,250.000000,245.000000,246.000000,775780,manual download: /Users/pickaneym/Downloads/JFC Historical Data.csv
2016-07-19,247.000000,249.800000,247.000000,248.000000,722680,manual download: /Users/pickaneym/Downloads/JFC Historical Data.csv
2016-07-20,249.000000,250.600000,249.000000,250.400000,729770,manual download: /Users/pickaneym/Downloads/JFC Historical Data.csv
2016-07-21,250.200000,252.200000,249.600000,252.200000,761690,manual download: /Users/pickaneym/Downloads/JFC Historical Data.csv
2016-07-22,252.800000,257.800000,252.800000,255.000000,747230,manual download: /Users/pickaneym/Downloads/JFC Historical Data.csv
2016-07-25,255.000000,259.600000,252.800000,252.800000,503040,manual download: /Users/pickaneym/Downloads/JFC Historical Data.csv
2016-07-26,253.000000,257.800000,250.200000,250.200000,765090,manual download: /Users/pickaneym/Downloads/JFC Historical Data.csv
2016-07-27,250.200000,259.000000,250.200000,258.000000,1230000,manual download: /Users/pickaneym/Downloads/JFC Historical Data.csv
2016-07-28,258.000000,258.000000,255.800000,258.000000,811570,manual download: /Users/pickaneym/Downloads/JFC Historical Data.csv
2016-07-29,258.000000,258.600000,255.000000,255.000000,420200,manual download: /Users/pickaneym/Downloads/JFC Historical Data.csv
2016-08-01,258.000000,259.800000,251.000000,251.000000,633860,manual download: /Users/pickaneym/Downloads/JFC Historical Data.csv
2016-08-02,251.000000,254.400000,251.000000,254.000000,528030,manual download: /Users/pickaneym/Downloads/JFC Historical Data.csv
2016-08-03,254.200000,254.600000,251.800000,253.800000,380770,manual download: /Users/pickaneym/Downloads/JFC Historical Data.csv
2016-08-04,255.000000,260.000000,253.000000,260.000000,605700,manual download: /Users/pickaneym/Downloads/JFC Historical Data.csv
2016-08-05,260.000000,260.000000,254.800000,255.000000,450160,manual download: /Users/pickaneym/Downloads/JFC Historical Data.csv
2016-08-08,255.000000,256.400000,254.400000,255.000000,283210,manual download: /Users/pickaneym/Downloads/JFC Historical Data.csv
2016-08-09,256.000000,259.000000,255.000000,257.000000,475420,manual download: /Users/pickaneym/Downloads/JFC Historical Data.csv
2016-08-10,257.000000,257.800000,251.200000,252.200000,431770,manual download: /Users/pickaneym/Downloads/JFC Historical Data.csv
2016-08-11,252.600000,254.600000,252.200000,253.000000,643940,manual download: /Users/pickaneym/Downloads/JFC Historical Data.csv
2016-08-12,253.000000,253.200000,252.800000,253.000000,619340,manual download: /Users/pickaneym/Downloads/JFC Historical Data.csv
2016-08-15,253.000000,253.000000,251.800000,253.000000,390410,manual download: /Users/pickaneym/Downloads/JFC Historical Data.csv
2016-08-16,253.000000,253.200000,252.200000,253.000000,516570,manual download: /Users/pickaneym/Downloads/JFC Historical Data.csv
2016-08-17,253.000000,253.000000,251.200000,251.200000,380300,manual download: /Users/pickaneym/Downloads/JFC Historical Data.csv
2016-08-18,251.200000,252.800000,250.400000,252.800000,277070,manual download: /Users/pickaneym/Downloads/JFC Historical Data.csv
2016-08-19,253.000000,253.000000,252.000000,252.600000,327810,manual download: /Users/pickaneym/Downloads/JFC Historical Data.csv
2016-08-22,253.000000,253.000000,250.600000,253.000000,309320,manual download: /Users/pickaneym/Downloads/JFC Historical Data.csv
2016-08-23,252.800000,253.000000,251.800000,253.000000,667190,manual download: /Users/pickaneym/Downloads/JFC Historical Data.csv
2016-08-24,253.000000,253.000000,249.000000,250.000000,504810,manual download: /Users/pickaneym/Downloads/JFC Historical Data.csv
2016-08-25,252.000000,254.000000,251.000000,251.000000,552790,manual download: /Users/pickaneym/Downloads/JFC Historical Data.csv
2016-08-26,251.000000,253.000000,251.000000,253.000000,306170,manual download: /Users/pickaneym/Downloads/JFC Historical Data.csv
2016-08-30,251.200000,252.800000,248.000000,249.800000,783930,manual download: /Users/pickaneym/Downloads/JFC Historical Data.csv
2016-08-31,249.800000,250.200000,245.000000,245.000000,1080000,manual download: /Users/pickaneym/Downloads/JFC Historical Data.csv
2016-09-01,245.000000,253.000000,240.600000,253.000000,342180,manual download: /Users/pickaneym/Downloads/JFC Historical Data.csv
2016-09-02,252.400000,252.400000,249.000000,250.000000,644230,manual download: /Users/pickaneym/Downloads/JFC Historical Data.csv
2016-09-05,250.000000,250.000000,244.600000,244.600000,171670,manual download: /Users/pickaneym/Downloads/JFC Historical Data.csv
2016-09-06,244.800000,248.000000,244.800000,246.000000,744330,manual download: /Users/pickaneym/Downloads/JFC Historical Data.csv
2016-09-07,246.000000,248.000000,240.600000,247.000000,493640,manual download: /Users/pickaneym/Downloads/JFC Historical Data.csv
2016-09-08,247.000000,249.200000,243.000000,247.200000,610690,manual download: /Users/pickaneym/Downloads/JFC Historical Data.csv
2016-09-09,247.000000,247.000000,236.000000,236.000000,1180000,manual download: /Users/pickaneym/Downloads/JFC Historical Data.csv
2016-09-13,236.400000,247.800000,236.400000,246.000000,574110,manual download: /Users/pickaneym/Downloads/JFC Historical Data.csv
2016-09-14,246.000000,246.000000,241.200000,243.000000,313500,manual download: /Users/pickaneym/Downloads/JFC Historical Data.csv
2016-09-15,243.000000,250.000000,241.200000,250.000000,699170,manual download: /Users/pickaneym/Downloads/JFC Historical Data.csv
2016-09-16,249.600000,249.800000,241.200000,245.200000,498840,manual download: /Users/pickaneym/Downloads/JFC Historical Data.csv
2016-09-19,245.200000,249.000000,244.600000,248.600000,184010,manual download: /Users/pickaneym/Downloads/JFC Historical Data.csv
2016-09-20,248.000000,249.800000,245.200000,248.600000,342840,manual download: /Users/pickaneym/Downloads/JFC Historical Data.csv
2016-09-21,249.000000,249.400000,246.000000,248.000000,253460,manual download: /Users/pickaneym/Downloads/JFC Historical Data.csv
2016-09-22,248.000000,250.000000,247.800000,249.400000,262750,manual download: /Users/pickaneym/Downloads/JFC Historical Data.csv
2016-09-23,246.200000,249.400000,245.400000,247.800000,428320,manual download: /Users/pickaneym/Downloads/JFC Historical Data.csv
2016-09-26,247.800000,249.800000,247.400000,249.800000,525060,manual download: /Users/pickaneym/Downloads/JFC Historical Data.csv
2016-09-27,250.000000,250.000000,246.000000,248.600000,395880,manual download: /Users/pickaneym/Downloads/JFC Historical Data.csv
2016-09-28,247.000000,247.000000,243.000000,245.000000,336790,manual download: /Users/pickaneym/Downloads/JFC Historical Data.csv
2016-09-29,248.200000,248.200000,245.000000,248.200000,270410,manual download: /Users/pickaneym/Downloads/JFC Historical Data.csv
2016-09-30,248.000000,249.800000,246.600000,247.000000,627520,manual download: /Users/pickaneym/Downloads/JFC Historical Data.csv
2016-10-03,247.400000,249.600000,247.000000,248.800000,229490,manual download: /Users/pickaneym/Downloads/JFC Historical Data.csv
2016-10-04,248.800000,253.000000,248.600000,251.400000,891270,manual download: /Users/pickaneym/Downloads/JFC Historical Data.csv
2016-10-05,248.000000,249.800000,247.000000,249.800000,318640,manual download: /Users/pickaneym/Downloads/JFC Historical Data.csv
2016-10-06,250.000000,253.000000,250.000000,251.000000,355830,manual download: /Users/pickaneym/Downloads/JFC Historical Data.csv
2016-10-07,251.000000,252.000000,245.000000,245.800000,702830,manual download: /Users/pickaneym/Downloads/JFC Historical Data.csv
2016-10-10,247.200000,248.000000,246.000000,246.400000,183590,manual download: /Users/pickaneym/Downloads/JFC Historical Data.csv
2016-10-11,244.000000,244.400000,241.800000,244.000000,390070,manual download: /Users/pickaneym/Downloads/JFC Historical Data.csv
2016-10-12,241.600000,245.000000,240.000000,241.000000,579600,manual download: /Users/pickaneym/Downloads/JFC Historical Data.csv
2016-10-13,241.000000,245.000000,240.200000,241.000000,405070,manual download: /Users/pickaneym/Downloads/JFC Historical Data.csv
2016-10-14,241.000000,244.000000,241.000000,241.000000,478250,manual download: /Users/pickaneym/Downloads/JFC Historical Data.csv
2016-10-17,241.000000,244.600000,236.600000,236.600000,305360,manual download: /Users/pickaneym/Downloads/JFC Historical Data.csv
2016-10-18,244.000000,247.200000,242.200000,246.000000,517230,manual download: /Users/pickaneym/Downloads/JFC Historical Data.csv
2016-10-19,246.000000,252.000000,245.800000,250.400000,412440,manual download: /Users/pickaneym/Downloads/JFC Historical Data.csv
2016-10-20,250.000000,250.000000,241.800000,248.200000,360100,manual download: /Users/pickaneym/Downloads/JFC Historical Data.csv
2016-10-21,248.200000,252.000000,246.000000,247.000000,179150,manual download: /Users/pickaneym/Downloads/JFC Historical Data.csv
2016-10-24,248.000000,252.000000,247.000000,250.800000,488690,manual download: /Users/pickaneym/Downloads/JFC Historical Data.csv
2016-10-25,248.000000,250.000000,246.000000,246.000000,347960,manual download: /Users/pickaneym/Downloads/JFC Historical Data.csv
2016-10-26,246.200000,247.000000,244.200000,247.000000,479650,manual download: /Users/pickaneym/Downloads/JFC Historical Data.csv
2016-10-27,246.000000,247.000000,243.000000,243.000000,437520,manual download: /Users/pickaneym/Downloads/JFC Historical Data.csv
2016-10-28,243.000000,245.000000,236.800000,238.000000,773470,manual download: /Users/pickaneym/Downloads/JFC Historical Data.csv
2016-11-02,238.200000,240.000000,236.000000,236.000000,625330,manual download: /Users/pickaneym/Downloads/JFC Historical Data.csv
2016-11-03,236.000000,237.000000,232.200000,232.200000,800550,manual download: /Users/pickaneym/Downloads/JFC Historical Data.csv
2016-11-04,232.800000,236.000000,232.200000,235.000000,534770,manual download: /Users/pickaneym/Downloads/JFC Historical Data.csv
2016-11-07,235.000000,235.600000,230.000000,230.400000,730090,manual download: /Users/pickaneym/Downloads/JFC Historical Data.csv
2016-11-08,233.000000,244.800000,232.600000,241.000000,844580,manual download: /Users/pickaneym/Downloads/JFC Historical Data.csv
2016-11-09,242.000000,244.000000,231.000000,232.000000,596440,manual download: /Users/pickaneym/Downloads/JFC Historical Data.csv
2016-11-10,240.000000,240.000000,236.200000,239.800000,294990,manual download: /Users/pickaneym/Downloads/JFC Historical Data.csv
2016-11-11,233.000000,238.000000,230.800000,231.000000,827730,manual download: /Users/pickaneym/Downloads/JFC Historical Data.csv
2016-11-14,235.000000,235.400000,230.400000,231.000000,573040,manual download: /Users/pickaneym/Downloads/JFC Historical Data.csv
2016-11-15,231.000000,231.000000,208.000000,208.000000,2610000,manual download: /Users/pickaneym/Downloads/JFC Historical Data.csv
2016-11-16,210.400000,218.000000,209.200000,209.400000,1570000,manual download: /Users/pickaneym/Downloads/JFC Historical Data.csv
2016-11-17,213.000000,218.000000,211.000000,211.800000,1190000,manual download: /Users/pickaneym/Downloads/JFC Historical Data.csv
2016-11-18,214.000000,215.000000,209.000000,209.000000,1740000,manual download: /Users/pickaneym/Downloads/JFC Historical Data.csv
2016-11-21,210.000000,215.400000,210.000000,212.000000,466430,manual download: /Users/pickaneym/Downloads/JFC Historical Data.csv
2016-11-22,213.800000,216.000000,210.200000,216.000000,770270,manual download: /Users/pickaneym/Downloads/JFC Historical Data.csv
2016-11-23,216.000000,216.000000,208.600000,210.000000,620200,manual download: /Users/pickaneym/Downloads/JFC Historical Data.csv
2016-11-24,210.000000,215.000000,210.000000,212.400000,346590,manual download: /Users/pickaneym/Downloads/JFC Historical Data.csv
2016-11-25,214.000000,217.000000,212.400000,217.000000,310700,manual download: /Users/pickaneym/Downloads/JFC Historical Data.csv
2016-11-28,217.000000,217.000000,210.000000,210.000000,507180,manual download: /Users/pickaneym/Downloads/JFC Historical Data.csv
2016-11-29,209.400000,215.800000,209.000000,215.800000,1390000,manual download: /Users/pickaneym/Downloads/JFC Historical Data.csv
2016-12-01,217.000000,219.000000,212.000000,212.000000,838780,manual download: /Users/pickaneym/Downloads/JFC Historical Data.csv
2016-12-02,215.000000,219.000000,212.200000,219.000000,465930,manual download: /Users/pickaneym/Downloads/JFC Historical Data.csv
2016-12-05,218.600000,218.600000,212.800000,212.800000,159670,manual download: /Users/pickaneym/Downloads/JFC Historical Data.csv
2016-12-06,212.800000,216.800000,206.400000,208.000000,1550000,manual download: /Users/pickaneym/Downloads/JFC Historical Data.csv
2016-12-07,209.200000,211.000000,208.000000,210.000000,524850,manual download: /Users/pickaneym/Downloads/JFC Historical Data.csv
2016-12-08,213.800000,217.000000,210.000000,217.000000,615570,manual download: /Users/pickaneym/Downloads/JFC Historical Data.csv
2016-12-09,216.000000,217.400000,215.800000,217.000000,517220,manual download: /Users/pickaneym/Downloads/JFC Historical Data.csv
2016-12-12,217.000000,217.000000,210.800000,211.400000,542630,manual download: /Users/pickaneym/Downloads/JFC Historical Data.csv
2016-12-13,211.400000,215.200000,210.200000,215.000000,601050,manual download: /Users/pickaneym/Downloads/JFC Historical Data.csv
2016-12-14,212.400000,214.800000,210.000000,210.000000,590140,manual download: /Users/pickaneym/Downloads/JFC Historical Data.csv
2016-12-15,210.000000,212.400000,206.000000,206.000000,589500,manual download: /Users/pickaneym/Downloads/JFC Historical Data.csv
2016-12-16,207.000000,209.000000,205.000000,205.000000,634910,manual download: /Users/pickaneym/Downloads/JFC Historical Data.csv
2016-12-19,205.000000,205.800000,193.200000,195.000000,1260000,manual download: /Users/pickaneym/Downloads/JFC Historical Data.csv
2016-12-20,195.100000,197.900000,193.000000,195.000000,600480,manual download: /Users/pickaneym/Downloads/JFC Historical Data.csv
2016-12-21,194.000000,198.000000,190.000000,190.000000,960260,manual download: /Users/pickaneym/Downloads/JFC Historical Data.csv
2016-12-22,190.000000,192.000000,184.600000,185.500000,1460000,manual download: /Users/pickaneym/Downloads/JFC Historical Data.csv
2016-12-23,186.000000,190.900000,185.000000,190.600000,725220,manual download: /Users/pickaneym/Downloads/JFC Historical Data.csv
2016-12-27,191.500000,196.000000,191.000000,193.700000,176610,manual download: /Users/pickaneym/Downloads/JFC Historical Data.csv
2016-12-28,195.000000,200.000000,194.000000,200.000000,444860,manual download: /Users/pickaneym/Downloads/JFC Historical Data.csv
2016-12-29,199.300000,200.400000,194.000000,194.000000,615820,manual download: /Users/pickaneym/Downloads/JFC Historical Data.csv
2017-01-03,194.600000,200.000000,193.800000,200.000000,487890,manual download: /Users/pickaneym/Downloads/JFC Historical Data.csv
2017-01-04,200.000000,206.000000,198.000000,206.000000,737800,manual download: /Users/pickaneym/Downloads/JFC Historical Data.csv
2017-01-05,206.000000,219.400000,206.000000,214.000000,1130000,manual download: /Users/pickaneym/Downloads/JFC Historical Data.csv
2017-01-06,214.200000,215.200000,210.200000,213.000000,632770,manual download: /Users/pickaneym/Downloads/JFC Historical Data.csv
2017-01-09,214.000000,215.400000,213.400000,215.000000,803570,manual download: /Users/pickaneym/Downloads/JFC Historical Data.csv
2017-01-10,215.000000,220.000000,214.600000,219.000000,1110000,manual download: /Users/pickaneym/Downloads/JFC Historical Data.csv
2017-01-11,220.000000,220.000000,217.600000,219.600000,755150,manual download: /Users/pickaneym/Downloads/JFC Historical Data.csv
2017-01-12,219.600000,219.800000,214.000000,214.000000,461460,manual download: /Users/pickaneym/Downloads/JFC Historical Data.csv
2017-01-13,214.000000,215.600000,211.000000,212.000000,355890,manual download: /Users/pickaneym/Downloads/JFC Historical Data.csv
2017-01-16,212.000000,215.000000,209.000000,209.000000,413410,manual download: /Users/pickaneym/Downloads/JFC Historical Data.csv
2017-01-17,212.000000,212.200000,205.800000,205.800000,494420,manual download: /Users/pickaneym/Downloads/JFC Historical Data.csv
2017-01-18,206.000000,208.000000,202.200000,203.000000,435560,manual download: /Users/pickaneym/Downloads/JFC Historical Data.csv
2017-01-19,204.800000,207.000000,204.000000,205.000000,336040,manual download: /Users/pickaneym/Downloads/JFC Historical Data.csv
2017-01-20,206.200000,208.000000,203.000000,203.000000,542100,manual download: /Users/pickaneym/Downloads/JFC Historical Data.csv
2017-01-23,206.000000,208.000000,204.000000,207.000000,287470,manual download: /Users/pickaneym/Downloads/JFC Historical Data.csv
2017-01-24,208.400000,208.600000,205.800000,206.000000,415040,manual download: /Users/pickaneym/Downloads/JFC Historical Data.csv
2017-01-25,209.800000,209.800000,207.000000,207.200000,414310,manual download: /Users/pickaneym/Downloads/JFC Historical Data.csv
2017-01-26,208.000000,210.000000,206.600000,207.000000,1840000,manual download: /Users/pickaneym/Downloads/JFC Historical Data.csv
2017-01-27,207.000000,208.800000,207.000000,208.000000,698600,manual download: /Users/pickaneym/Downloads/JFC Historical Data.csv
2017-01-30,209.000000,209.000000,208.000000,209.000000,172300,manual download: /Users/pickaneym/Downloads/JFC Historical Data.csv
2017-01-31,209.400000,209.800000,205.600000,205.600000,488180,manual download: /Users/pickaneym/Downloads/JFC Historical Data.csv
2017-02-01,209.000000,209.000000,205.600000,207.000000,340350,manual download: /Users/pickaneym/Downloads/JFC Historical Data.csv
2017-02-02,208.000000,208.000000,205.800000,206.400000,873790,manual download: /Users/pickaneym/Downloads/JFC Historical Data.csv
2017-02-03,206.400000,207.200000,202.600000,206.000000,359090,manual download: /Users/pickaneym/Downloads/JFC Historical Data.csv
2017-02-06,206.600000,208.200000,206.400000,208.000000,346070,manual download: /Users/pickaneym/Downloads/JFC Historical Data.csv
2017-02-07,208.000000,208.000000,205.200000,206.600000,202830,manual download: /Users/pickaneym/Downloads/JFC Historical Data.csv
2017-02-08,207.400000,207.400000,206.000000,206.000000,305110,manual download: /Users/pickaneym/Downloads/JFC Historical Data.csv
2017-02-09,207.400000,207.400000,205.200000,206.000000,477160,manual download: /Users/pickaneym/Downloads/JFC Historical Data.csv
2017-02-10,206.000000,207.000000,205.000000,206.000000,381160,manual download: /Users/pickaneym/Downloads/JFC Historical Data.csv
2017-02-13,206.000000,207.200000,205.800000,207.000000,580600,manual download: /Users/pickaneym/Downloads/JFC Historical Data.csv
2017-02-14,206.000000,207.000000,205.800000,206.000000,680590,manual download: /Users/pickaneym/Downloads/JFC Historical Data.csv
2017-02-15,209.000000,209.800000,201.400000,201.400000,993700,manual download: /Users/pickaneym/Downloads/JFC Historical Data.csv
2017-02-16,202.200000,207.000000,201.800000,206.000000,1630000,manual download: /Users/pickaneym/Downloads/JFC Historical Data.csv
2017-02-17,206.200000,207.000000,203.000000,205.000000,198960,manual download: /Users/pickaneym/Downloads/JFC Historical Data.csv
2017-02-20,205.000000,206.000000,204.000000,205.000000,115630,manual download: /Users/pickaneym/Downloads/JFC Historical Data.csv
2017-02-21,205.000000,207.000000,204.200000,206.000000,498940,manual download: /Users/pickaneym/Downloads/JFC Historical Data.csv
2017-02-22,206.000000,206.000000,201.800000,201.800000,882270,manual download: /Users/pickaneym/Downloads/JFC Historical Data.csv
2017-02-23,202.200000,204.400000,202.000000,203.000000,550210,manual download: /Users/pickaneym/Downloads/JFC Historical Data.csv
2017-02-24,203.000000,204.800000,201.800000,201.800000,491280,manual download: /Users/pickaneym/Downloads/JFC Historical Data.csv
2017-02-27,202.000000,204.200000,202.000000,203.000000,512380,manual download: /Users/pickaneym/Downloads/JFC Historical Data.csv
2017-02-28,202.800000,204.000000,201.800000,201.800000,640150,manual download: /Users/pickaneym/Downloads/JFC Historical Data.csv
2017-03-01,202.000000,204.000000,201.600000,202.800000,296860,manual download: /Users/pickaneym/Downloads/JFC Historical Data.csv
2017-03-02,203.200000,204.200000,203.000000,203.400000,550330,manual download: /Users/pickaneym/Downloads/JFC Historical Data.csv
2017-03-03,203.400000,203.400000,200.000000,201.000000,471400,manual download: /Users/pickaneym/Downloads/JFC Historical Data.csv
2017-03-06,201.000000,201.600000,197.200000,198.000000,716610,manual download: /Users/pickaneym/Downloads/JFC Historical Data.csv
2017-03-07,198.000000,198.500000,194.800000,194.900000,2029999,manual download: /Users/pickaneym/Downloads/JFC Historical Data.csv
2017-03-08,195.200000,195.200000,193.700000,193.800000,1780000,manual download: /Users/pickaneym/Downloads/JFC Historical Data.csv
2017-03-09,194.000000,198.000000,194.000000,197.100000,836090,manual download: /Users/pickaneym/Downloads/JFC Historical Data.csv
2017-03-10,197.100000,199.000000,194.000000,194.000000,597590,manual download: /Users/pickaneym/Downloads/JFC Historical Data.csv
2017-03-13,195.000000,198.100000,195.000000,196.800000,400820,manual download: /Users/pickaneym/Downloads/JFC Historical Data.csv
2017-03-14,197.600000,198.000000,196.400000,197.000000,325820,manual download: /Users/pickaneym/Downloads/JFC Historical Data.csv
2017-03-15,197.000000,197.400000,195.000000,196.000000,141740,manual download: /Users/pickaneym/Downloads/JFC Historical Data.csv
2017-03-16,196.300000,199.000000,195.000000,196.000000,389080,manual download: /Users/pickaneym/Downloads/JFC Historical Data.csv
2017-03-17,197.000000,197.000000,191.500000,193.200000,1250000,manual download: /Users/pickaneym/Downloads/JFC Historical Data.csv
2017-03-20,193.200000,195.000000,192.800000,192.800000,346930,manual download: /Users/pickaneym/Downloads/JFC Historical Data.csv
2017-03-21,191.100000,195.000000,191.100000,194.000000,380830,manual download: /Users/pickaneym/Downloads/JFC Historical Data.csv
2017-03-22,193.900000,193.900000,191.000000,191.000000,472170,manual download: /Users/pickaneym/Downloads/JFC Historical Data.csv
2017-03-23,193.900000,194.000000,190.100000,190.200000,685300,manual download: /Users/pickaneym/Downloads/JFC Historical Data.csv
2017-03-24,191.900000,191.900000,187.400000,188.000000,711720,manual download: /Users/pickaneym/Downloads/JFC Historical Data.csv
2017-03-27,189.000000,190.000000,182.100000,182.100000,1910000,manual download: /Users/pickaneym/Downloads/JFC Historical Data.csv
2017-03-28,184.000000,185.500000,182.500000,182.500000,656230,manual download: /Users/pickaneym/Downloads/JFC Historical Data.csv
2017-03-29,183.100000,189.000000,183.100000,188.000000,1230000,manual download: /Users/pickaneym/Downloads/JFC Historical Data.csv
2017-03-30,189.000000,194.700000,189.000000,194.500000,1040000,manual download: /Users/pickaneym/Downloads/JFC Historical Data.csv
2017-03-31,191.100000,197.900000,191.100000,197.500000,1270000,manual download: /Users/pickaneym/Downloads/JFC Historical Data.csv
2017-04-03,197.500000,197.800000,196.000000,197.000000,820890,manual download: /Users/pickaneym/Downloads/JFC Historical Data.csv
2017-04-04,197.000000,199.900000,197.000000,198.000000,976980,manual download: /Users/pickaneym/Downloads/JFC Historical Data.csv
2017-04-05,198.500000,199.900000,198.100000,198.200000,1150000,manual download: /Users/pickaneym/Downloads/JFC Historical Data.csv
2017-04-06,198.200000,200.000000,198.200000,200.000000,624550,manual download: /Users/pickaneym/Downloads/JFC Historical Data.csv
2017-04-07,200.000000,210.400000,200.000000,210.400000,1410000,manual download: /Users/pickaneym/Downloads/JFC Historical Data.csv
2017-04-10,210.000000,210.000000,207.000000,208.600000,615630,manual download: /Users/pickaneym/Downloads/JFC Historical Data.csv
2017-04-11,208.600000,209.000000,206.000000,207.600000,601790,manual download: /Users/pickaneym/Downloads/JFC Historical Data.csv
2017-04-12,207.600000,209.800000,207.400000,208.800000,576590,manual download: /Users/pickaneym/Downloads/JFC Historical Data.csv
2017-04-17,209.000000,212.000000,207.800000,209.000000,762940,manual download: /Users/pickaneym/Downloads/JFC Historical Data.csv
2017-04-18,209.000000,209.800000,205.000000,207.000000,482940,manual download: /Users/pickaneym/Downloads/JFC Historical Data.csv
2017-04-19,205.000000,206.200000,203.200000,203.400000,480950,manual download: /Users/pickaneym/Downloads/JFC Historical Data.csv
2017-04-20,204.000000,205.000000,201.600000,205.000000,436010,manual download: /Users/pickaneym/Downloads/JFC Historical Data.csv
2017-04-21,205.400000,209.000000,205.400000,208.000000,823280,manual download: /Users/pickaneym/Downloads/JFC Historical Data.csv
2017-04-24,208.000000,210.600000,207.000000,210.400000,845290,manual download: /Users/pickaneym/Downloads/JFC Historical Data.csv
2017-04-25,210.600000,215.000000,210.600000,214.000000,764260,manual download: /Users/pickaneym/Downloads/JFC Historical Data.csv
2017-04-26,214.000000,215.000000,212.000000,214.000000,619240,manual download: /Users/pickaneym/Downloads/JFC Historical Data.csv
2017-04-27,214.000000,214.000000,210.000000,210.000000,478890,manual download: /Users/pickaneym/Downloads/JFC Historical Data.csv
2017-05-02,213.400000,216.000000,213.000000,215.800000,954730,manual download: /Users/pickaneym/Downloads/JFC Historical Data.csv
2017-05-03,215.800000,216.000000,213.200000,213.200000,1050000,manual download: /Users/pickaneym/Downloads/JFC Historical Data.csv
2017-05-04,213.800000,213.800000,212.600000,213.400000,1060000,manual download: /Users/pickaneym/Downloads/JFC Historical Data.csv
2017-05-05,213.400000,217.200000,213.200000,216.000000,953300,manual download: /Users/pickaneym/Downloads/JFC Historical Data.csv
2017-05-08,216.000000,219.800000,216.000000,218.600000,638980,manual download: /Users/pickaneym/Downloads/JFC Historical Data.csv
2017-05-09,218.800000,222.800000,218.800000,219.000000,625190,manual download: /Users/pickaneym/Downloads/JFC Historical Data.csv
2017-05-10,219.000000,220.000000,211.000000,211.000000,1140000,manual download: /Users/pickaneym/Downloads/JFC Historical Data.csv
2017-05-11,212.000000,214.000000,211.400000,213.000000,709720,manual download: /Users/pickaneym/Downloads/JFC Historical Data.csv
2017-05-12,213.000000,213.000000,210.200000,212.000000,497320,manual download: /Users/pickaneym/Downloads/JFC Historical Data.csv
2017-05-15,212.000000,213.000000,206.000000,206.000000,1530000,manual download: /Users/pickaneym/Downloads/JFC Historical Data.csv
2017-05-16,205.600000,208.000000,203.200000,205.000000,980280,manual download: /Users/pickaneym/Downloads/JFC Historical Data.csv
2017-05-17,205.400000,209.000000,205.000000,205.000000,1310000,manual download: /Users/pickaneym/Downloads/JFC Historical Data.csv
2017-05-18,200.000000,203.800000,198.100000,200.000000,1620000,manual download: /Users/pickaneym/Downloads/JFC Historical Data.csv
2017-05-19,201.000000,204.800000,200.400000,203.000000,589050,manual download: /Users/pickaneym/Downloads/JFC Historical Data.csv
2017-05-22,203.000000,206.800000,201.400000,202.200000,387630,manual download: /Users/pickaneym/Downloads/JFC Historical Data.csv
2017-05-23,204.000000,204.400000,201.000000,201.000000,404540,manual download: /Users/pickaneym/Downloads/JFC Historical Data.csv
2017-05-24,201.000000,206.800000,201.000000,206.200000,290890,manual download: /Users/pickaneym/Downloads/JFC Historical Data.csv
2017-05-25,206.200000,208.000000,203.000000,207.000000,291010,manual download: /Users/pickaneym/Downloads/JFC Historical Data.csv
2017-05-26,207.000000,207.000000,201.400000,201.400000,702310,manual download: /Users/pickaneym/Downloads/JFC Historical Data.csv
2017-05-29,201.600000,203.000000,201.400000,203.000000,412080,manual download: /Users/pickaneym/Downloads/JFC Historical Data.csv
2017-05-30,203.600000,205.000000,201.400000,203.800000,292950,manual download: /Users/pickaneym/Downloads/JFC Historical Data.csv
2017-05-31,203.800000,205.000000,202.400000,204.600000,1940000,manual download: /Users/pickaneym/Downloads/JFC Historical Data.csv
2017-06-01,204.600000,219.600000,204.600000,216.000000,1770000,manual download: /Users/pickaneym/Downloads/JFC Historical Data.csv
2017-06-02,215.600000,216.800000,214.000000,214.000000,748200,manual download: /Users/pickaneym/Downloads/JFC Historical Data.csv
2017-06-05,214.000000,216.800000,214.000000,216.000000,879570,manual download: /Users/pickaneym/Downloads/JFC Historical Data.csv
2017-06-06,216.000000,216.600000,214.400000,214.800000,369200,manual download: /Users/pickaneym/Downloads/JFC Historical Data.csv
2017-06-07,214.800000,218.000000,214.800000,216.600000,578080,manual download: /Users/pickaneym/Downloads/JFC Historical Data.csv
2017-06-08,216.800000,219.600000,215.000000,215.800000,698350,manual download: /Users/pickaneym/Downloads/JFC Historical Data.csv
2017-06-09,217.000000,218.800000,214.800000,215.800000,783900,manual download: /Users/pickaneym/Downloads/JFC Historical Data.csv
2017-06-13,215.800000,215.800000,212.600000,214.200000,452430,manual download: /Users/pickaneym/Downloads/JFC Historical Data.csv
2017-06-14,214.200000,215.400000,211.600000,215.400000,386160,manual download: /Users/pickaneym/Downloads/JFC Historical Data.csv
2017-06-15,215.000000,216.000000,215.000000,215.200000,238320,manual download: /Users/pickaneym/Downloads/JFC Historical Data.csv
2017-06-16,215.200000,217.000000,212.800000,217.000000,828030,manual download: /Users/pickaneym/Downloads/JFC Historical Data.csv
2017-06-19,217.000000,217.000000,214.800000,216.000000,486210,manual download: /Users/pickaneym/Downloads/JFC Historical Data.csv
2017-06-20,216.000000,216.000000,213.600000,215.000000,425560,manual download: /Users/pickaneym/Downloads/JFC Historical Data.csv
2017-06-21,215.000000,215.800000,214.000000,215.400000,677910,manual download: /Users/pickaneym/Downloads/JFC Historical Data.csv
2017-06-22,215.400000,215.400000,211.000000,212.800000,399000,manual download: /Users/pickaneym/Downloads/JFC Historical Data.csv
2017-06-23,212.800000,212.800000,211.000000,211.000000,564330,manual download: /Users/pickaneym/Downloads/JFC Historical Data.csv
2017-06-27,212.000000,212.000000,209.000000,210.000000,456100,manual download: /Users/pickaneym/Downloads/JFC Historical Data.csv
2017-06-28,210.000000,211.200000,208.600000,208.600000,528440,manual download: /Users/pickaneym/Downloads/JFC Historical Data.csv
2017-06-29,209.000000,210.000000,205.400000,205.400000,474770,manual download: /Users/pickaneym/Downloads/JFC Historical Data.csv
2017-06-30,205.400000,205.400000,202.400000,204.000000,764880,manual download: /Users/pickaneym/Downloads/JFC Historical Data.csv
2017-07-03,204.000000,207.000000,203.000000,206.200000,642580,manual download: /Users/pickaneym/Downloads/JFC Historical Data.csv
2017-07-04,207.000000,208.800000,207.000000,208.000000,671650,manual download: /Users/pickaneym/Downloads/JFC Historical Data.csv
2017-07-05,208.000000,208.200000,207.000000,208.000000,180240,manual download: /Users/pickaneym/Downloads/JFC Historical Data.csv
2017-07-06,207.800000,209.400000,206.600000,207.200000,980840,manual download: /Users/pickaneym/Downloads/JFC Historical Data.csv
2017-07-07,207.800000,208.200000,206.600000,208.000000,278640,manual download: /Users/pickaneym/Downloads/JFC Historical Data.csv
2017-07-10,208.000000,208.200000,206.000000,208.000000,265520,manual download: /Users/pickaneym/Downloads/JFC Historical Data.csv
2017-07-11,207.800000,208.600000,207.000000,208.000000,120620,manual download: /Users/pickaneym/Downloads/JFC Historical Data.csv
2017-07-12,208.000000,212.200000,207.600000,212.000000,307130,manual download: /Users/pickaneym/Downloads/JFC Historical Data.csv
2017-07-13,213.000000,215.800000,213.000000,214.600000,814280,manual download: /Users/pickaneym/Downloads/JFC Historical Data.csv
2017-07-14,214.600000,215.600000,213.400000,215.000000,455230,manual download: /Users/pickaneym/Downloads/JFC Historical Data.csv
2017-07-17,215.200000,215.800000,215.000000,215.200000,653330,manual download: /Users/pickaneym/Downloads/JFC Historical Data.csv
2017-07-18,215.400000,217.000000,215.400000,217.000000,516919,manual download: /Users/pickaneym/Downloads/JFC Historical Data.csv
2017-07-19,217.000000,221.400000,216.400000,220.400000,1440000,manual download: /Users/pickaneym/Downloads/JFC Historical Data.csv
2017-07-20,220.400000,223.400000,218.000000,220.000000,998670,manual download: /Users/pickaneym/Downloads/JFC Historical Data.csv
2017-07-21,220.000000,221.800000,215.000000,221.800000,349660,manual download: /Users/pickaneym/Downloads/JFC Historical Data.csv
2017-07-24,221.800000,221.800000,218.000000,219.200000,137570,manual download: /Users/pickaneym/Downloads/JFC Historical Data.csv
2017-07-25,219.000000,219.000000,216.200000,217.800000,266670,manual download: /Users/pickaneym/Downloads/JFC Historical Data.csv
2017-07-26,217.800000,219.000000,215.000000,216.800000,474360,manual download: /Users/pickaneym/Downloads/JFC Historical Data.csv
2017-07-27,216.800000,221.000000,216.600000,219.000000,429420,manual download: /Users/pickaneym/Downloads/JFC Historical Data.csv
2017-07-28,218.000000,222.000000,217.000000,222.000000,897920,manual download: /Users/pickaneym/Downloads/JFC Historical Data.csv
2017-07-31,221.800000,227.600000,217.600000,225.000000,829900,manual download: /Users/pickaneym/Downloads/JFC Historical Data.csv
2017-08-01,225.000000,225.000000,220.000000,223.000000,346240,manual download: /Users/pickaneym/Downloads/JFC Historical Data.csv
2017-08-02,223.000000,224.800000,218.000000,218.000000,571170,manual download: /Users/pickaneym/Downloads/JFC Historical Data.csv
2017-08-03,219.000000,220.000000,216.000000,216.000000,547200,manual download: /Users/pickaneym/Downloads/JFC Historical Data.csv
2017-08-04,215.800000,218.000000,214.600000,215.200000,818050,manual download: /Users/pickaneym/Downloads/JFC Historical Data.csv
2017-08-07,216.000000,219.600000,216.000000,219.000000,459170,manual download: /Users/pickaneym/Downloads/JFC Historical Data.csv
2017-08-08,219.400000,220.000000,218.200000,219.000000,508310,manual download: /Users/pickaneym/Downloads/JFC Historical Data.csv
2017-08-09,219.000000,219.000000,215.800000,217.000000,589350,manual download: /Users/pickaneym/Downloads/JFC Historical Data.csv
2017-08-10,217.000000,219.800000,216.400000,217.000000,807360,manual download: /Users/pickaneym/Downloads/JFC Historical Data.csv
2017-08-11,217.000000,217.200000,213.000000,216.400000,1200000,manual download: /Users/pickaneym/Downloads/JFC Historical Data.csv
2017-08-14,216.000000,222.400000,215.000000,222.000000,1730000,manual download: /Users/pickaneym/Downloads/JFC Historical Data.csv
2017-08-15,222.000000,226.000000,221.800000,225.000000,679390,manual download: /Users/pickaneym/Downloads/JFC Historical Data.csv
2017-08-16,225.400000,245.000000,225.000000,239.000000,2320000,manual download: /Users/pickaneym/Downloads/JFC Historical Data.csv
2017-08-17,238.000000,239.800000,236.000000,238.200000,1060000,manual download: /Users/pickaneym/Downloads/JFC Historical Data.csv
2017-08-18,237.200000,237.200000,234.000000,235.200000,678970,manual download: /Users/pickaneym/Downloads/JFC Historical Data.csv
2017-08-22,235.200000,240.000000,235.000000,240.000000,1400000,manual download: /Users/pickaneym/Downloads/JFC Historical Data.csv
2017-08-23,240.000000,242.000000,238.000000,239.200000,717480,manual download: /Users/pickaneym/Downloads/JFC Historical Data.csv
2017-08-24,239.400000,240.400000,238.000000,240.000000,291780,manual download: /Users/pickaneym/Downloads/JFC Historical Data.csv
2017-08-25,239.800000,241.000000,238.400000,239.000000,644400,manual download: /Users/pickaneym/Downloads/JFC Historical Data.csv
2017-08-29,240.000000,240.400000,237.800000,238.800000,1020000,manual download: /Users/pickaneym/Downloads/JFC Historical Data.csv
2017-08-30,238.600000,239.200000,237.800000,238.800000,654510,manual download: /Users/pickaneym/Downloads/JFC Historical Data.csv
2017-08-31,238.000000,238.800000,236.200000,238.200000,502640,manual download: /Users/pickaneym/Downloads/JFC Historical Data.csv
2017-09-04,238.200000,238.400000,236.000000,238.000000,673130,manual download: /Users/pickaneym/Downloads/JFC Historical Data.csv
2017-09-05,238.000000,244.000000,238.000000,244.000000,1040000,manual download: /Users/pickaneym/Downloads/JFC Historical Data.csv
2017-09-06,243.000000,243.000000,240.000000,241.000000,601000,manual download: /Users/pickaneym/Downloads/JFC Historical Data.csv
2017-09-07,243.000000,245.600000,240.800000,245.600000,721550,manual download: /Users/pickaneym/Downloads/JFC Historical Data.csv
2017-09-08,245.800000,251.400000,244.000000,244.000000,522760,manual download: /Users/pickaneym/Downloads/JFC Historical Data.csv
2017-09-11,244.000000,244.400000,242.200000,244.000000,615460,manual download: /Users/pickaneym/Downloads/JFC Historical Data.csv
2017-09-13,240.000000,244.200000,240.000000,242.000000,770740,manual download: /Users/pickaneym/Downloads/JFC Historical Data.csv
2017-09-14,242.000000,249.600000,241.600000,245.000000,637260,manual download: /Users/pickaneym/Downloads/JFC Historical Data.csv
2017-09-15,245.000000,245.000000,242.600000,243.000000,1250000,manual download: /Users/pickaneym/Downloads/JFC Historical Data.csv
2017-09-18,243.000000,245.000000,242.400000,245.000000,554560,manual download: /Users/pickaneym/Downloads/JFC Historical Data.csv
2017-09-19,246.400000,251.400000,240.800000,244.000000,1420000,manual download: /Users/pickaneym/Downloads/JFC Historical Data.csv
2017-09-20,244.000000,244.800000,241.400000,242.000000,1380000,manual download: /Users/pickaneym/Downloads/JFC Historical Data.csv
2017-09-21,242.600000,248.000000,242.000000,246.000000,390120,manual download: /Users/pickaneym/Downloads/JFC Historical Data.csv
2017-09-22,246.000000,246.000000,243.200000,244.800000,335990,manual download: /Users/pickaneym/Downloads/JFC Historical Data.csv
2017-09-25,244.800000,245.000000,242.000000,245.000000,198410,manual download: /Users/pickaneym/Downloads/JFC Historical Data.csv
2017-09-26,245.000000,249.800000,240.000000,249.800000,423000,manual download: /Users/pickaneym/Downloads/JFC Historical Data.csv
2017-09-27,249.000000,249.000000,242.200000,248.800000,887090,manual download: /Users/pickaneym/Downloads/JFC Historical Data.csv
2017-09-28,248.000000,248.000000,242.000000,242.000000,911910,manual download: /Users/pickaneym/Downloads/JFC Historical Data.csv
2017-09-29,243.000000,245.000000,242.000000,243.800000,732140,manual download: /Users/pickaneym/Downloads/JFC Historical Data.csv
2017-10-02,244.000000,244.800000,241.600000,242.600000,830970,manual download: /Users/pickaneym/Downloads/JFC Historical Data.csv
2017-10-03,242.600000,243.600000,241.000000,242.000000,777440,manual download: /Users/pickaneym/Downloads/JFC Historical Data.csv
2017-10-04,242.600000,242.800000,241.600000,242.400000,532970,manual download: /Users/pickaneym/Downloads/JFC Historical Data.csv
2017-10-05,242.800000,242.800000,241.600000,241.800000,968270,manual download: /Users/pickaneym/Downloads/JFC Historical Data.csv
2017-10-06,241.800000,243.600000,241.800000,242.200000,751550,manual download: /Users/pickaneym/Downloads/JFC Historical Data.csv
2017-10-09,242.200000,245.800000,242.000000,245.800000,206590,manual download: /Users/pickaneym/Downloads/JFC Historical Data.csv
2017-10-10,244.000000,245.000000,242.000000,245.000000,123900,manual download: /Users/pickaneym/Downloads/JFC Historical Data.csv
2017-10-11,245.000000,246.600000,243.200000,244.000000,313220,manual download: /Users/pickaneym/Downloads/JFC Historical Data.csv
2017-10-12,244.600000,247.000000,243.600000,244.600000,565970,manual download: /Users/pickaneym/Downloads/JFC Historical Data.csv
2017-10-13,244.800000,248.200000,244.800000,247.000000,859040,manual download: /Users/pickaneym/Downloads/JFC Historical Data.csv
2017-10-17,246.000000,249.200000,244.600000,245.000000,1220000,manual download: /Users/pickaneym/Downloads/JFC Historical Data.csv
2017-10-18,245.200000,246.000000,242.000000,246.000000,581580,manual download: /Users/pickaneym/Downloads/JFC Historical Data.csv
2017-10-19,245.400000,250.000000,244.600000,247.000000,1090000,manual download: /Users/pickaneym/Downloads/JFC Historical Data.csv
2017-10-20,247.000000,248.000000,245.000000,246.000000,273440,manual download: /Users/pickaneym/Downloads/JFC Historical Data.csv
2017-10-23,246.000000,251.000000,245.600000,249.000000,965550,manual download: /Users/pickaneym/Downloads/JFC Historical Data.csv
2017-10-24,249.000000,252.400000,246.600000,248.000000,824150,manual download: /Users/pickaneym/Downloads/JFC Historical Data.csv
2017-10-25,248.600000,250.800000,248.200000,250.000000,835040,manual download: /Users/pickaneym/Downloads/JFC Historical Data.csv
2017-10-26,250.200000,252.000000,248.600000,250.000000,736740,manual download: /Users/pickaneym/Downloads/JFC Historical Data.csv
2017-10-27,250.000000,250.000000,248.600000,249.800000,459090,manual download: /Users/pickaneym/Downloads/JFC Historical Data.csv
2017-10-30,250.000000,251.200000,248.400000,249.000000,301950,manual download: /Users/pickaneym/Downloads/JFC Historical Data.csv
2017-11-02,248.400000,251.400000,248.200000,251.400000,740850,manual download: /Users/pickaneym/Downloads/JFC Historical Data.csv
2017-11-03,251.400000,254.400000,248.200000,248.200000,792110,manual download: /Users/pickaneym/Downloads/JFC Historical Data.csv
2017-11-06,248.200000,251.000000,248.200000,251.000000,171700,manual download: /Users/pickaneym/Downloads/JFC Historical Data.csv
2017-11-07,251.600000,254.000000,250.600000,253.400000,790140,manual download: /Users/pickaneym/Downloads/JFC Historical Data.csv
2017-11-08,253.200000,253.200000,251.400000,252.000000,1030000,manual download: /Users/pickaneym/Downloads/JFC Historical Data.csv
2017-11-09,252.000000,253.000000,251.600000,253.000000,1230000,manual download: /Users/pickaneym/Downloads/JFC Historical Data.csv
2017-11-10,254.000000,254.000000,249.600000,251.200000,485010,manual download: /Users/pickaneym/Downloads/JFC Historical Data.csv
2017-11-13,253.000000,258.600000,253.000000,257.000000,968510,manual download: /Users/pickaneym/Downloads/JFC Historical Data.csv
2017-11-14,257.000000,259.600000,255.800000,259.600000,655920,manual download: /Users/pickaneym/Downloads/JFC Historical Data.csv
2017-11-15,258.800000,258.800000,255.800000,255.800000,621060,manual download: /Users/pickaneym/Downloads/JFC Historical Data.csv
2017-11-16,256.000000,260.000000,255.800000,258.800000,1600000,manual download: /Users/pickaneym/Downloads/JFC Historical Data.csv
2017-11-17,260.000000,260.000000,257.400000,259.800000,733970,manual download: /Users/pickaneym/Downloads/JFC Historical Data.csv
2017-11-20,260.000000,260.000000,257.000000,257.000000,798610,manual download: /Users/pickaneym/Downloads/JFC Historical Data.csv
2017-11-21,256.200000,256.200000,251.000000,254.000000,1040000,manual download: /Users/pickaneym/Downloads/JFC Historical Data.csv
2017-11-22,254.000000,259.000000,253.400000,255.000000,680180,manual download: /Users/pickaneym/Downloads/JFC Historical Data.csv
2017-11-23,254.600000,255.000000,253.000000,254.000000,295570,manual download: /Users/pickaneym/Downloads/JFC Historical Data.csv
2017-11-24,253.200000,258.400000,252.800000,258.400000,568850,manual download: /Users/pickaneym/Downloads/JFC Historical Data.csv
2017-11-27,258.200000,258.200000,253.600000,254.000000,551030,manual download: /Users/pickaneym/Downloads/JFC Historical Data.csv
2017-11-28,254.000000,254.000000,250.000000,252.000000,713760,manual download: /Users/pickaneym/Downloads/JFC Historical Data.csv
2017-11-29,252.400000,252.600000,243.600000,243.600000,4480000,manual download: /Users/pickaneym/Downloads/JFC Historical Data.csv
2017-12-01,244.000000,246.600000,243.600000,245.400000,1040000,manual download: /Users/pickaneym/Downloads/JFC Historical Data.csv
2017-12-04,245.400000,245.400000,240.200000,241.400000,583130,manual download: /Users/pickaneym/Downloads/JFC Historical Data.csv
2017-12-05,241.400000,244.600000,241.400000,243.800000,447580,manual download: /Users/pickaneym/Downloads/JFC Historical Data.csv
2017-12-06,243.200000,247.600000,242.000000,243.000000,433440,manual download: /Users/pickaneym/Downloads/JFC Historical Data.csv
2017-12-07,243.000000,248.000000,243.000000,246.800000,319960,manual download: /Users/pickaneym/Downloads/JFC Historical Data.csv
2017-12-08,247.000000,249.000000,245.000000,248.800000,336300,manual download: /Users/pickaneym/Downloads/JFC Historical Data.csv
2017-12-11,247.200000,249.000000,246.800000,249.000000,642820,manual download: /Users/pickaneym/Downloads/JFC Historical Data.csv
2017-12-12,249.400000,250.000000,248.400000,249.400000,1770000,manual download: /Users/pickaneym/Downloads/JFC Historical Data.csv
2017-12-13,250.000000,250.000000,247.000000,247.000000,545820,manual download: /Users/pickaneym/Downloads/JFC Historical Data.csv
2017-12-14,248.000000,248.000000,243.600000,244.000000,1360000,manual download: /Users/pickaneym/Downloads/JFC Historical Data.csv
2017-12-15,245.200000,246.200000,244.200000,246.000000,1610000,manual download: /Users/pickaneym/Downloads/JFC Historical Data.csv
2017-12-18,246.000000,250.200000,246.000000,249.400000,292370,manual download: /Users/pickaneym/Downloads/JFC Historical Data.csv
2017-12-19,249.200000,250.000000,244.200000,244.600000,945440,manual download: /Users/pickaneym/Downloads/JFC Historical Data.csv
2017-12-20,246.400000,248.800000,243.800000,243.800000,736850,manual download: /Users/pickaneym/Downloads/JFC Historical Data.csv
2017-12-21,245.000000,248.200000,244.400000,247.800000,330590,manual download: /Users/pickaneym/Downloads/JFC Historical Data.csv
2017-12-22,247.800000,248.000000,244.800000,247.000000,512020,manual download: /Users/pickaneym/Downloads/JFC Historical Data.csv
2017-12-27,247.000000,248.800000,246.000000,248.800000,319450,manual download: /Users/pickaneym/Downloads/JFC Historical Data.csv
2017-12-28,248.800000,257.000000,248.800000,254.000000,871930,manual download: /Users/pickaneym/Downloads/JFC Historical Data.csv
2017-12-29,255.000000,257.400000,253.000000,253.000000,567530,manual download: /Users/pickaneym/Downloads/JFC Historical Data.csv
2018-01-03,253.400000,256.800000,253.000000,255.400000,745780,manual download: /Users/pickaneym/Downloads/JFC Historical Data.csv
2018-01-04,255.400000,255.400000,253.000000,255.000000,617010,manual download: /Users/pickaneym/Downloads/JFC Historical Data.csv
2018-01-05,255.600000,257.400000,255.000000,255.000000,946040,manual download: /Users/pickaneym/Downloads/JFC Historical Data.csv
2018-01-08,257.400000,259.000000,253.400000,256.000000,840630,manual download: /Users/pickaneym/Downloads/JFC Historical Data.csv
2018-01-09,256.000000,258.000000,255.000000,255.800000,978180,manual download: /Users/pickaneym/Downloads/JFC Historical Data.csv
2018-01-10,256.200000,256.600000,255.000000,255.400000,447710,manual download: /Users/pickaneym/Downloads/JFC Historical Data.csv
2018-01-11,255.400000,256.000000,253.800000,255.000000,681780,manual download: /Users/pickaneym/Downloads/JFC Historical Data.csv
2018-01-12,257.800000,258.000000,255.000000,255.000000,1310000,manual download: /Users/pickaneym/Downloads/JFC Historical Data.csv
2018-01-15,257.000000,264.200000,255.000000,263.800000,1260000,manual download: /Users/pickaneym/Downloads/JFC Historical Data.csv
2018-01-16,263.800000,278.000000,263.800000,277.600000,1800000,manual download: /Users/pickaneym/Downloads/JFC Historical Data.csv
2018-01-17,277.400000,279.400000,276.600000,277.600000,1680000,manual download: /Users/pickaneym/Downloads/JFC Historical Data.csv
2018-01-18,277.000000,279.000000,271.400000,279.000000,1480000,manual download: /Users/pickaneym/Downloads/JFC Historical Data.csv
2018-01-19,278.000000,280.000000,275.200000,280.000000,560060,manual download: /Users/pickaneym/Downloads/JFC Historical Data.csv
2018-01-22,280.000000,286.800000,279.600000,283.000000,1000000,manual download: /Users/pickaneym/Downloads/JFC Historical Data.csv
2018-01-23,282.600000,283.000000,279.800000,282.200000,1180000,manual download: /Users/pickaneym/Downloads/JFC Historical Data.csv
2018-01-24,282.000000,288.800000,281.400000,282.000000,714160,manual download: /Users/pickaneym/Downloads/JFC Historical Data.csv
2018-01-25,282.000000,293.000000,282.000000,293.000000,491640,manual download: /Users/pickaneym/Downloads/JFC Historical Data.csv
2018-01-26,290.400000,293.000000,290.000000,292.200000,375570,manual download: /Users/pickaneym/Downloads/JFC Historical Data.csv
2018-01-29,292.000000,295.000000,285.400000,285.400000,542160,manual download: /Users/pickaneym/Downloads/JFC Historical Data.csv
2018-01-30,285.400000,285.400000,281.000000,284.200000,1130000,manual download: /Users/pickaneym/Downloads/JFC Historical Data.csv
2018-01-31,284.200000,285.000000,282.000000,284.800000,910980,manual download: /Users/pickaneym/Downloads/JFC Historical Data.csv
2018-02-01,284.800000,289.000000,284.600000,287.200000,512760,manual download: /Users/pickaneym/Downloads/JFC Historical Data.csv
2018-02-02,287.200000,294.000000,285.000000,294.000000,943050,manual download: /Users/pickaneym/Downloads/JFC Historical Data.csv
2018-02-05,290.000000,290.000000,282.000000,282.000000,742600,manual download: /Users/pickaneym/Downloads/JFC Historical Data.csv
2018-02-06,274.400000,289.000000,267.000000,289.000000,1020000,manual download: /Users/pickaneym/Downloads/JFC Historical Data.csv
2018-02-07,290.000000,294.600000,288.000000,293.200000,582230,manual download: /Users/pickaneym/Downloads/JFC Historical Data.csv
2018-02-08,294.000000,294.000000,288.000000,292.800000,871390,manual download: /Users/pickaneym/Downloads/JFC Historical Data.csv
2018-02-09,289.800000,292.000000,284.200000,292.000000,413260,manual download: /Users/pickaneym/Downloads/JFC Historical Data.csv
2018-02-12,289.000000,291.800000,282.200000,283.000000,741090,manual download: /Users/pickaneym/Downloads/JFC Historical Data.csv
2018-02-13,283.000000,284.000000,275.600000,277.000000,763250,manual download: /Users/pickaneym/Downloads/JFC Historical Data.csv
2018-02-14,281.600000,283.000000,275.000000,278.000000,1490000,manual download: /Users/pickaneym/Downloads/JFC Historical Data.csv
2018-02-15,281.800000,289.800000,280.000000,285.000000,516059,manual download: /Users/pickaneym/Downloads/JFC Historical Data.csv
2018-02-19,283.800000,291.000000,283.800000,285.000000,492990,manual download: /Users/pickaneym/Downloads/JFC Historical Data.csv
2018-02-20,289.600000,289.800000,283.800000,286.000000,397190,manual download: /Users/pickaneym/Downloads/JFC Historical Data.csv
2018-02-21,285.600000,286.000000,282.000000,282.000000,442680,manual download: /Users/pickaneym/Downloads/JFC Historical Data.csv
2018-02-22,283.400000,289.200000,280.000000,282.000000,602290,manual download: /Users/pickaneym/Downloads/JFC Historical Data.csv
2018-02-23,285.000000,289.400000,281.400000,282.000000,1270000,manual download: /Users/pickaneym/Downloads/JFC Historical Data.csv
2018-02-26,282.000000,292.800000,281.600000,292.000000,839100,manual download: /Users/pickaneym/Downloads/JFC Historical Data.csv
2018-02-27,292.000000,297.200000,289.200000,295.000000,815230,manual download: /Users/pickaneym/Downloads/JFC Historical Data.csv
2018-02-28,295.000000,298.800000,289.000000,298.400000,1050000,manual download: /Users/pickaneym/Downloads/JFC Historical Data.csv
2018-03-01,297.600000,300.000000,295.800000,297.600000,663930,manual download: /Users/pickaneym/Downloads/JFC Historical Data.csv
2018-03-02,297.600000,298.400000,295.000000,298.000000,735080,manual download: /Users/pickaneym/Downloads/JFC Historical Data.csv
2018-03-05,299.000000,300.000000,296.000000,299.600000,388840,manual download: /Users/pickaneym/Downloads/JFC Historical Data.csv
2018-03-06,300.000000,304.000000,297.800000,298.600000,833460,manual download: /Users/pickaneym/Downloads/JFC Historical Data.csv
2018-03-07,300.000000,304.000000,299.800000,304.000000,853340,manual download: /Users/pickaneym/Downloads/JFC Historical Data.csv
2018-03-08,303.000000,304.000000,295.000000,295.000000,367970,manual download: /Users/pickaneym/Downloads/JFC Historical Data.csv
2018-03-09,297.000000,297.000000,292.000000,292.000000,352590,manual download: /Users/pickaneym/Downloads/JFC Historical Data.csv
2018-03-12,296.000000,299.000000,292.200000,295.400000,303520,manual download: /Users/pickaneym/Downloads/JFC Historical Data.csv
2018-03-13,296.000000,297.000000,292.400000,293.000000,557650,manual download: /Users/pickaneym/Downloads/JFC Historical Data.csv
2018-03-14,293.000000,294.400000,287.400000,288.400000,757340,manual download: /Users/pickaneym/Downloads/JFC Historical Data.csv
2018-03-15,288.400000,288.600000,282.600000,284.000000,1140000,manual download: /Users/pickaneym/Downloads/JFC Historical Data.csv
2018-03-16,286.800000,305.400000,286.800000,305.400000,2049999,manual download: /Users/pickaneym/Downloads/JFC Historical Data.csv
2018-03-19,299.600000,299.600000,295.200000,298.000000,531280,manual download: /Users/pickaneym/Downloads/JFC Historical Data.csv
2018-03-20,296.800000,296.800000,285.000000,286.000000,1030000,manual download: /Users/pickaneym/Downloads/JFC Historical Data.csv
2018-03-21,286.600000,293.000000,285.000000,285.000000,953100,manual download: /Users/pickaneym/Downloads/JFC Historical Data.csv
2018-03-22,285.400000,288.000000,282.400000,286.800000,573890,manual download: /Users/pickaneym/Downloads/JFC Historical Data.csv
2018-03-23,285.000000,288.000000,280.000000,288.000000,864870,manual download: /Users/pickaneym/Downloads/JFC Historical Data.csv
2018-03-26,286.600000,295.000000,282.000000,295.000000,404650,manual download: /Users/pickaneym/Downloads/JFC Historical Data.csv
2018-03-27,295.000000,297.000000,289.400000,294.400000,356420,manual download: /Users/pickaneym/Downloads/JFC Historical Data.csv
2018-03-28,295.000000,299.000000,292.000000,299.000000,759390,manual download: /Users/pickaneym/Downloads/JFC Historical Data.csv
2018-04-02,296.000000,300.000000,292.000000,300.000000,701450,manual download: /Users/pickaneym/Downloads/JFC Historical Data.csv
2018-04-03,295.000000,298.000000,294.800000,296.400000,1390000,manual download: /Users/pickaneym/Downloads/JFC Historical Data.csv
2018-04-04,296.000000,299.800000,285.000000,285.000000,1020000,manual download: /Users/pickaneym/Downloads/JFC Historical Data.csv
2018-04-05,285.000000,289.000000,280.000000,280.000000,497530,manual download: /Users/pickaneym/Downloads/JFC Historical Data.csv
2018-04-06,281.000000,285.000000,276.000000,278.000000,1300000,manual download: /Users/pickaneym/Downloads/JFC Historical Data.csv
2018-04-10,278.000000,285.000000,275.200000,284.000000,1190000,manual download: /Users/pickaneym/Downloads/JFC Historical Data.csv
2018-04-11,284.000000,289.600000,284.000000,289.600000,1200000,manual download: /Users/pickaneym/Downloads/JFC Historical Data.csv
2018-04-12,289.800000,300.000000,289.400000,300.000000,268920,manual download: /Users/pickaneym/Downloads/JFC Historical Data.csv
2018-04-13,298.000000,298.000000,290.000000,292.200000,1000000,manual download: /Users/pickaneym/Downloads/JFC Historical Data.csv
2018-04-16,295.000000,295.000000,287.800000,291.600000,478570,manual download: /Users/pickaneym/Downloads/JFC Historical Data.csv
2018-04-17,291.600000,291.600000,287.400000,288.600000,1060000,manual download: /Users/pickaneym/Downloads/JFC Historical Data.csv
2018-04-18,288.600000,297.000000,288.000000,294.200000,496950,manual download: /Users/pickaneym/Downloads/JFC Historical Data.csv
2018-04-19,289.000000,293.400000,282.000000,285.000000,1650000,manual download: /Users/pickaneym/Downloads/JFC Historical Data.csv
2018-04-20,288.000000,293.000000,288.000000,291.000000,662390,manual download: /Users/pickaneym/Downloads/JFC Historical Data.csv
2018-04-23,291.000000,294.000000,290.000000,294.000000,302310,manual download: /Users/pickaneym/Downloads/JFC Historical Data.csv
2018-04-24,292.000000,293.600000,285.000000,285.000000,891380,manual download: /Users/pickaneym/Downloads/JFC Historical Data.csv
2018-04-25,285.400000,290.000000,280.200000,281.600000,1200000,manual download: /Users/pickaneym/Downloads/JFC Historical Data.csv
2018-04-26,280.000000,282.000000,279.000000,280.000000,1330000,manual download: /Users/pickaneym/Downloads/JFC Historical Data.csv
2018-04-27,282.200000,289.000000,282.000000,282.000000,275720,manual download: /Users/pickaneym/Downloads/JFC Historical Data.csv
2018-04-30,283.000000,287.600000,283.000000,285.000000,720250,manual download: /Users/pickaneym/Downloads/JFC Historical Data.csv
2018-05-02,286.000000,287.600000,283.000000,283.000000,439510,manual download: /Users/pickaneym/Downloads/JFC Historical Data.csv
2018-05-03,285.000000,285.000000,275.000000,275.000000,919090,manual download: /Users/pickaneym/Downloads/JFC Historical Data.csv
2018-05-04,276.000000,280.000000,273.000000,275.400000,863750,manual download: /Users/pickaneym/Downloads/JFC Historical Data.csv
2018-05-07,276.000000,279.000000,270.800000,279.000000,790120,manual download: /Users/pickaneym/Downloads/JFC Historical Data.csv
2018-05-08,279.000000,280.000000,276.400000,278.000000,1470000,manual download: /Users/pickaneym/Downloads/JFC Historical Data.csv
2018-05-09,279.000000,285.000000,279.000000,283.000000,646300,manual download: /Users/pickaneym/Downloads/JFC Historical Data.csv
2018-05-10,285.800000,286.200000,278.400000,279.800000,949240,manual download: /Users/pickaneym/Downloads/JFC Historical Data.csv
2018-05-11,280.800000,286.000000,280.600000,285.000000,366080,manual download: /Users/pickaneym/Downloads/JFC Historical Data.csv
2018-05-15,283.000000,283.600000,279.400000,283.000000,1040000,manual download: /Users/pickaneym/Downloads/JFC Historical Data.csv
2018-05-16,283.000000,286.600000,280.200000,286.600000,495600,manual download: /Users/pickaneym/Downloads/JFC Historical Data.csv
2018-05-17,286.000000,286.000000,284.000000,285.000000,432100,manual download: /Users/pickaneym/Downloads/JFC Historical Data.csv
2018-05-18,285.200000,285.200000,281.000000,285.000000,236440,manual download: /Users/pickaneym/Downloads/JFC Historical Data.csv
2018-05-21,284.000000,286.600000,280.000000,280.000000,355840,manual download: /Users/pickaneym/Downloads/JFC Historical Data.csv
2018-05-22,285.000000,286.000000,283.000000,284.000000,570700,manual download: /Users/pickaneym/Downloads/JFC Historical Data.csv
2018-05-23,285.000000,287.400000,280.000000,287.000000,574100,manual download: /Users/pickaneym/Downloads/JFC Historical Data.csv
2018-05-24,287.000000,287.000000,281.400000,285.000000,376390,manual download: /Users/pickaneym/Downloads/JFC Historical Data.csv
2018-05-25,285.000000,285.000000,279.800000,281.200000,486670,manual download: /Users/pickaneym/Downloads/JFC Historical Data.csv
2018-05-28,281.200000,281.200000,280.000000,280.400000,338540,manual download: /Users/pickaneym/Downloads/JFC Historical Data.csv
2018-05-29,280.200000,283.200000,279.000000,283.000000,317450,manual download: /Users/pickaneym/Downloads/JFC Historical Data.csv
2018-05-30,280.000000,283.600000,278.600000,280.000000,1100000,manual download: /Users/pickaneym/Downloads/JFC Historical Data.csv
2018-05-31,280.000000,281.200000,274.000000,274.000000,2840000,manual download: /Users/pickaneym/Downloads/JFC Historical Data.csv
2018-06-01,280.000000,284.200000,276.800000,283.800000,750260,manual download: /Users/pickaneym/Downloads/JFC Historical Data.csv
2018-06-04,284.000000,284.200000,279.200000,280.400000,1840000,manual download: /Users/pickaneym/Downloads/JFC Historical Data.csv
2018-06-05,280.400000,281.800000,279.400000,280.200000,696340,manual download: /Users/pickaneym/Downloads/JFC Historical Data.csv
2018-06-06,281.000000,281.800000,279.800000,280.800000,664040,manual download: /Users/pickaneym/Downloads/JFC Historical Data.csv
2018-06-07,280.800000,284.200000,280.800000,282.600000,435860,manual download: /Users/pickaneym/Downloads/JFC Historical Data.csv
2018-06-08,283.000000,284.000000,280.400000,284.000000,235220,manual download: /Users/pickaneym/Downloads/JFC Historical Data.csv
2018-06-11,284.000000,286.000000,282.800000,285.000000,487600,manual download: /Users/pickaneym/Downloads/JFC Historical Data.csv
2018-06-13,281.000000,282.600000,278.800000,279.000000,1080000,manual download: /Users/pickaneym/Downloads/JFC Historical Data.csv
2018-06-14,278.400000,280.200000,276.600000,279.200000,1390000,manual download: /Users/pickaneym/Downloads/JFC Historical Data.csv
2018-06-18,279.200000,279.200000,276.200000,277.200000,609580,manual download: /Users/pickaneym/Downloads/JFC Historical Data.csv
2018-06-19,276.200000,284.000000,276.000000,284.000000,757250,manual download: /Users/pickaneym/Downloads/JFC Historical Data.csv
2018-06-20,278.400000,282.000000,278.400000,279.000000,726920,manual download: /Users/pickaneym/Downloads/JFC Historical Data.csv
2018-06-21,279.000000,279.000000,269.000000,270.000000,1870000,manual download: /Users/pickaneym/Downloads/JFC Historical Data.csv
2018-06-22,270.000000,270.000000,263.000000,267.000000,1500000,manual download: /Users/pickaneym/Downloads/JFC Historical Data.csv
2018-06-25,275.000000,277.000000,267.000000,268.400000,757810,manual download: /Users/pickaneym/Downloads/JFC Historical Data.csv
2018-06-26,269.000000,272.600000,267.800000,270.600000,370900,manual download: /Users/pickaneym/Downloads/JFC Historical Data.csv
2018-06-27,270.800000,273.000000,269.000000,271.000000,529860,manual download: /Users/pickaneym/Downloads/JFC Historical Data.csv
2018-06-28,270.000000,270.000000,259.000000,259.600000,1760000,manual download: /Users/pickaneym/Downloads/JFC Historical Data.csv
2018-06-29,259.800000,265.000000,259.600000,263.000000,378480,manual download: /Users/pickaneym/Downloads/JFC Historical Data.csv
2018-07-02,263.000000,263.200000,259.000000,260.000000,965510,manual download: /Users/pickaneym/Downloads/JFC Historical Data.csv
2018-07-03,260.000000,262.400000,259.600000,260.000000,925680,manual download: /Users/pickaneym/Downloads/JFC Historical Data.csv
2018-07-04,260.000000,260.000000,251.000000,259.800000,1220000,manual download: /Users/pickaneym/Downloads/JFC Historical Data.csv
2018-07-05,259.800000,259.800000,252.800000,254.000000,635340,manual download: /Users/pickaneym/Downloads/JFC Historical Data.csv
2018-07-06,254.000000,254.200000,250.600000,251.000000,583500,manual download: /Users/pickaneym/Downloads/JFC Historical Data.csv
2018-07-09,251.800000,253.000000,245.000000,245.000000,736500,manual download: /Users/pickaneym/Downloads/JFC Historical Data.csv
2018-07-10,245.200000,249.000000,245.000000,246.000000,535530,manual download: /Users/pickaneym/Downloads/JFC Historical Data.csv
2018-07-11,246.000000,249.000000,245.800000,247.200000,760520,manual download: /Users/pickaneym/Downloads/JFC Historical Data.csv
2018-07-12,249.000000,251.400000,247.600000,249.800000,1780000,manual download: /Users/pickaneym/Downloads/JFC Historical Data.csv
2018-07-13,252.000000,253.600000,249.800000,251.800000,611160,manual download: /Users/pickaneym/Downloads/JFC Historical Data.csv
2018-07-16,252.000000,253.400000,246.600000,248.800000,273670,manual download: /Users/pickaneym/Downloads/JFC Historical Data.csv
2018-07-17,249.000000,252.600000,248.400000,252.600000,240860,manual download: /Users/pickaneym/Downloads/JFC Historical Data.csv
2018-07-18,252.600000,254.200000,251.000000,254.200000,142770,manual download: /Users/pickaneym/Downloads/JFC Historical Data.csv
2018-07-19,254.200000,254.400000,251.000000,253.000000,164630,manual download: /Users/pickaneym/Downloads/JFC Historical Data.csv
2018-07-20,250.600000,251.400000,250.000000,250.000000,585790,manual download: /Users/pickaneym/Downloads/JFC Historical Data.csv
2018-07-23,250.000000,251.000000,250.000000,250.000000,257100,manual download: /Users/pickaneym/Downloads/JFC Historical Data.csv
2018-07-24,250.400000,254.000000,250.000000,251.000000,224900,manual download: /Users/pickaneym/Downloads/JFC Historical Data.csv
2018-07-25,251.000000,254.000000,251.000000,251.200000,207290,manual download: /Users/pickaneym/Downloads/JFC Historical Data.csv
2018-07-26,253.000000,257.800000,252.000000,256.200000,714360,manual download: /Users/pickaneym/Downloads/JFC Historical Data.csv
2018-07-27,257.000000,266.000000,256.200000,266.000000,646770,manual download: /Users/pickaneym/Downloads/JFC Historical Data.csv
2018-07-30,265.000000,266.000000,261.600000,266.000000,281580,manual download: /Users/pickaneym/Downloads/JFC Historical Data.csv
2018-07-31,265.800000,270.000000,261.800000,270.000000,997780,manual download: /Users/pickaneym/Downloads/JFC Historical Data.csv
2018-08-01,270.000000,279.400000,267.600000,279.400000,789140,manual download: /Users/pickaneym/Downloads/JFC Historical Data.csv
2018-08-02,279.000000,279.000000,273.400000,276.000000,510190,manual download: /Users/pickaneym/Downloads/JFC Historical Data.csv
2018-08-03,275.000000,277.400000,273.800000,277.000000,442350,manual download: /Users/pickaneym/Downloads/JFC Historical Data.csv
2018-08-06,277.000000,280.000000,276.200000,280.000000,355370,manual download: /Users/pickaneym/Downloads/JFC Historical Data.csv
2018-08-07,279.800000,279.800000,270.000000,270.000000,641970,manual download: /Users/pickaneym/Downloads/JFC Historical Data.csv
2018-08-08,271.000000,276.800000,270.200000,276.800000,316510,manual download: /Users/pickaneym/Downloads/JFC Historical Data.csv
2018-08-09,274.000000,274.200000,269.000000,269.000000,448860,manual download: /Users/pickaneym/Downloads/JFC Historical Data.csv
2018-08-10,269.000000,274.000000,266.000000,267.000000,492160,manual download: /Users/pickaneym/Downloads/JFC Historical Data.csv
2018-08-13,266.000000,270.000000,262.800000,270.000000,242500,manual download: /Users/pickaneym/Downloads/JFC Historical Data.csv
2018-08-14,270.200000,273.400000,265.000000,273.400000,394990,manual download: /Users/pickaneym/Downloads/JFC Historical Data.csv
2018-08-15,273.400000,275.000000,270.000000,274.000000,334270,manual download: /Users/pickaneym/Downloads/JFC Historical Data.csv
2018-08-16,270.400000,270.800000,266.800000,266.800000,635710,manual download: /Users/pickaneym/Downloads/JFC Historical Data.csv
2018-08-17,266.600000,271.800000,266.600000,271.200000,985800,manual download: /Users/pickaneym/Downloads/JFC Historical Data.csv
2018-08-20,271.600000,274.800000,271.200000,273.000000,403650,manual download: /Users/pickaneym/Downloads/JFC Historical Data.csv
2018-08-22,275.000000,286.000000,273.600000,286.000000,1730000,manual download: /Users/pickaneym/Downloads/JFC Historical Data.csv
2018-08-23,287.000000,293.000000,286.800000,293.000000,2020000,manual download: /Users/pickaneym/Downloads/JFC Historical Data.csv
2018-08-24,293.000000,293.000000,284.200000,288.000000,582540,manual download: /Users/pickaneym/Downloads/JFC Historical Data.csv
2018-08-28,287.200000,294.000000,287.000000,290.200000,836640,manual download: /Users/pickaneym/Downloads/JFC Historical Data.csv
2018-08-29,288.800000,291.000000,286.000000,287.400000,687570,manual download: /Users/pickaneym/Downloads/JFC Historical Data.csv
2018-08-30,285.800000,286.000000,278.600000,286.000000,545750,manual download: /Users/pickaneym/Downloads/JFC Historical Data.csv
2018-08-31,287.800000,288.000000,279.400000,288.000000,1030000,manual download: /Users/pickaneym/Downloads/JFC Historical Data.csv
2018-09-03,288.000000,288.000000,282.000000,282.000000,347880,manual download: /Users/pickaneym/Downloads/JFC Historical Data.csv
2018-09-04,282.000000,288.000000,282.000000,286.600000,575500,manual download: /Users/pickaneym/Downloads/JFC Historical Data.csv
2018-09-05,286.600000,287.000000,279.000000,285.000000,477030,manual download: /Users/pickaneym/Downloads/JFC Historical Data.csv
2018-09-06,282.200000,282.200000,275.400000,276.000000,745500,manual download: /Users/pickaneym/Downloads/JFC Historical Data.csv
2018-09-07,277.000000,281.000000,275.400000,281.000000,546950,manual download: /Users/pickaneym/Downloads/JFC Historical Data.csv
2018-09-10,280.800000,281.000000,277.600000,278.400000,799990,manual download: /Users/pickaneym/Downloads/JFC Historical Data.csv
2018-09-11,278.400000,279.000000,275.200000,276.000000,358670,manual download: /Users/pickaneym/Downloads/JFC Historical Data.csv
2018-09-12,276.000000,279.600000,269.000000,269.000000,572730,manual download: /Users/pickaneym/Downloads/JFC Historical Data.csv
2018-09-13,270.000000,277.000000,270.000000,277.000000,550430,manual download: /Users/pickaneym/Downloads/JFC Historical Data.csv
2018-09-14,273.000000,274.000000,267.400000,269.000000,560990,manual download: /Users/pickaneym/Downloads/JFC Historical Data.csv
2018-09-17,269.000000,275.000000,269.000000,275.000000,167450,manual download: /Users/pickaneym/Downloads/JFC Historical Data.csv
2018-09-18,274.800000,274.800000,265.200000,272.000000,692650,manual download: /Users/pickaneym/Downloads/JFC Historical Data.csv
2018-09-19,272.000000,272.000000,258.000000,264.000000,542930,manual download: /Users/pickaneym/Downloads/JFC Historical Data.csv
2018-09-20,271.000000,273.200000,264.200000,271.000000,361700,manual download: /Users/pickaneym/Downloads/JFC Historical Data.csv
2018-09-21,273.800000,275.400000,269.800000,272.000000,694330,manual download: /Users/pickaneym/Downloads/JFC Historical Data.csv
2018-09-24,272.400000,273.000000,270.000000,271.000000,207870,manual download: /Users/pickaneym/Downloads/JFC Historical Data.csv
2018-09-25,271.800000,272.000000,268.000000,268.800000,229530,manual download: /Users/pickaneym/Downloads/JFC Historical Data.csv
2018-09-26,268.800000,268.800000,265.400000,266.200000,132640,manual download: /Users/pickaneym/Downloads/JFC Historical Data.csv
2018-09-27,266.000000,266.400000,259.000000,259.000000,804170,manual download: /Users/pickaneym/Downloads/JFC Historical Data.csv
2018-09-28,262.000000,265.000000,257.000000,257.000000,605490,manual download: /Users/pickaneym/Downloads/JFC Historical Data.csv
2018-10-01,257.200000,261.000000,252.000000,252.000000,394210,manual download: /Users/pickaneym/Downloads/JFC Historical Data.csv
2018-10-02,252.200000,255.000000,248.800000,250.000000,913210,manual download: /Users/pickaneym/Downloads/JFC Historical Data.csv
2018-10-03,251.000000,252.400000,250.800000,252.000000,393580,manual download: /Users/pickaneym/Downloads/JFC Historical Data.csv
2018-10-04,253.000000,255.400000,251.000000,252.000000,359360,manual download: /Users/pickaneym/Downloads/JFC Historical Data.csv
2018-10-05,251.000000,251.400000,246.600000,247.000000,897790,manual download: /Users/pickaneym/Downloads/JFC Historical Data.csv
2018-10-08,247.000000,248.000000,243.000000,243.000000,927610,manual download: /Users/pickaneym/Downloads/JFC Historical Data.csv
2018-10-09,243.200000,256.000000,243.200000,252.400000,427280,manual download: /Users/pickaneym/Downloads/JFC Historical Data.csv
2018-10-10,253.800000,254.000000,245.000000,254.000000,1380000,manual download: /Users/pickaneym/Downloads/JFC Historical Data.csv
2018-10-11,246.200000,254.000000,246.000000,254.000000,490960,manual download: /Users/pickaneym/Downloads/JFC Historical Data.csv
2018-10-12,253.000000,263.000000,249.000000,262.000000,440520,manual download: /Users/pickaneym/Downloads/JFC Historical Data.csv
2018-10-15,262.000000,264.000000,250.000000,250.000000,480350,manual download: /Users/pickaneym/Downloads/JFC Historical Data.csv
2018-10-16,252.000000,254.800000,248.000000,254.200000,864680,manual download: /Users/pickaneym/Downloads/JFC Historical Data.csv
2018-10-17,254.200000,262.000000,254.200000,258.600000,379720,manual download: /Users/pickaneym/Downloads/JFC Historical Data.csv
2018-10-18,258.600000,260.000000,256.000000,260.000000,328170,manual download: /Users/pickaneym/Downloads/JFC Historical Data.csv
2018-10-19,261.000000,265.000000,258.000000,265.000000,328340,manual download: /Users/pickaneym/Downloads/JFC Historical Data.csv
2018-10-22,265.000000,272.000000,263.400000,272.000000,699990,manual download: /Users/pickaneym/Downloads/JFC Historical Data.csv
2018-10-23,271.800000,271.800000,265.400000,268.000000,688370,manual download: /Users/pickaneym/Downloads/JFC Historical Data.csv
2018-10-24,268.000000,268.000000,263.000000,264.200000,462050,manual download: /Users/pickaneym/Downloads/JFC Historical Data.csv
2018-10-25,261.600000,262.000000,255.000000,262.000000,469150,manual download: /Users/pickaneym/Downloads/JFC Historical Data.csv
2018-10-26,262.000000,270.000000,260.000000,270.000000,698210,manual download: /Users/pickaneym/Downloads/JFC Historical Data.csv
2018-10-29,268.000000,271.000000,263.800000,270.000000,366380,manual download: /Users/pickaneym/Downloads/JFC Historical Data.csv
2018-10-30,267.000000,267.000000,259.800000,264.000000,823140,manual download: /Users/pickaneym/Downloads/JFC Historical Data.csv
2018-10-31,267.800000,277.000000,265.400000,276.000000,1470000,manual download: /Users/pickaneym/Downloads/JFC Historical Data.csv
2018-11-05,275.000000,284.600000,269.200000,280.000000,1690000,manual download: /Users/pickaneym/Downloads/JFC Historical Data.csv
2018-11-06,280.000000,282.000000,276.800000,278.600000,646700,manual download: /Users/pickaneym/Downloads/JFC Historical Data.csv
2018-11-07,278.600000,280.000000,270.800000,280.000000,569150,manual download: /Users/pickaneym/Downloads/JFC Historical Data.csv
2018-11-08,278.800000,280.000000,271.200000,280.000000,815650,manual download: /Users/pickaneym/Downloads/JFC Historical Data.csv
2018-11-09,279.000000,279.000000,273.000000,278.000000,333550,manual download: /Users/pickaneym/Downloads/JFC Historical Data.csv
2018-11-12,276.000000,279.400000,274.000000,274.000000,337800,manual download: /Users/pickaneym/Downloads/JFC Historical Data.csv
2018-11-13,273.200000,274.400000,265.200000,272.800000,899670,manual download: /Users/pickaneym/Downloads/JFC Historical Data.csv
2018-11-14,274.000000,279.000000,268.000000,279.000000,677510,manual download: /Users/pickaneym/Downloads/JFC Historical Data.csv
2018-11-15,278.800000,282.000000,276.600000,280.000000,371040,manual download: /Users/pickaneym/Downloads/JFC Historical Data.csv
2018-11-16,284.800000,284.800000,280.000000,282.000000,514500,manual download: /Users/pickaneym/Downloads/JFC Historical Data.csv
2018-11-19,280.000000,284.000000,278.400000,282.000000,562330,manual download: /Users/pickaneym/Downloads/JFC Historical Data.csv
2018-11-20,282.000000,282.000000,278.400000,279.000000,388900,manual download: /Users/pickaneym/Downloads/JFC Historical Data.csv
2018-11-21,279.000000,282.000000,277.400000,282.000000,437010,manual download: /Users/pickaneym/Downloads/JFC Historical Data.csv
2018-11-22,279.800000,285.000000,278.000000,285.000000,589260,manual download: /Users/pickaneym/Downloads/JFC Historical Data.csv
2018-11-23,283.200000,284.400000,283.000000,283.000000,372480,manual download: /Users/pickaneym/Downloads/JFC Historical Data.csv
2018-11-26,282.800000,284.200000,280.000000,280.000000,316450,manual download: /Users/pickaneym/Downloads/JFC Historical Data.csv
2018-11-27,280.600000,283.000000,279.800000,283.000000,712330,manual download: /Users/pickaneym/Downloads/JFC Historical Data.csv
2018-11-28,282.000000,283.000000,279.800000,280.000000,654090,manual download: /Users/pickaneym/Downloads/JFC Historical Data.csv
2018-11-29,280.000000,284.000000,278.400000,278.400000,2110000,manual download: /Users/pickaneym/Downloads/JFC Historical Data.csv
2018-12-03,278.600000,286.800000,278.600000,286.800000,1030000,manual download: /Users/pickaneym/Downloads/JFC Historical Data.csv
2018-12-04,286.800000,298.800000,286.000000,289.600000,1530000,manual download: /Users/pickaneym/Downloads/JFC Historical Data.csv
2018-12-05,289.000000,297.000000,288.800000,294.000000,735640,manual download: /Users/pickaneym/Downloads/JFC Historical Data.csv
2018-12-06,294.400000,296.600000,293.000000,296.000000,504510,manual download: /Users/pickaneym/Downloads/JFC Historical Data.csv
2018-12-07,295.600000,296.000000,294.000000,295.000000,574500,manual download: /Users/pickaneym/Downloads/JFC Historical Data.csv
2018-12-10,294.000000,294.000000,289.000000,291.000000,264940,manual download: /Users/pickaneym/Downloads/JFC Historical Data.csv
2018-12-11,290.000000,297.000000,288.200000,297.000000,602960,manual download: /Users/pickaneym/Downloads/JFC Historical Data.csv
2018-12-12,296.000000,296.600000,292.000000,294.000000,1700000,manual download: /Users/pickaneym/Downloads/JFC Historical Data.csv
2018-12-13,294.000000,295.200000,293.400000,294.600000,484920,manual download: /Users/pickaneym/Downloads/JFC Historical Data.csv
2018-12-14,295.000000,298.600000,295.000000,298.000000,1380000,manual download: /Users/pickaneym/Downloads/JFC Historical Data.csv
2018-12-17,298.000000,305.000000,297.000000,300.000000,1260000,manual download: /Users/pickaneym/Downloads/JFC Historical Data.csv
2018-12-18,301.000000,303.000000,298.600000,301.200000,1010000,manual download: /Users/pickaneym/Downloads/JFC Historical Data.csv
2018-12-19,300.000000,305.000000,298.200000,305.000000,1800000,manual download: /Users/pickaneym/Downloads/JFC Historical Data.csv
2018-12-20,305.600000,309.800000,303.000000,303.000000,659480,manual download: /Users/pickaneym/Downloads/JFC Historical Data.csv
2018-12-21,303.000000,303.000000,298.600000,302.400000,715510,manual download: /Users/pickaneym/Downloads/JFC Historical Data.csv
2018-12-26,298.000000,300.000000,285.000000,292.000000,1090000,manual download: /Users/pickaneym/Downloads/JFC Historical Data.csv
2018-12-27,292.000000,297.600000,288.000000,295.000000,585760,manual download: /Users/pickaneym/Downloads/JFC Historical Data.csv
2018-12-28,295.000000,299.800000,291.800000,291.800000,425440,manual download: /Users/pickaneym/Downloads/JFC Historical Data.csv
2019-01-02,292.000000,295.800000,291.800000,293.000000,181410,manual download: /Users/pickaneym/Downloads/JFC Historical Data.csv
2019-01-03,292.800000,294.200000,290.800000,292.000000,1670000,manual download: /Users/pickaneym/Downloads/JFC Historical Data.csv
2019-01-04,293.800000,310.400000,293.200000,309.000000,1620000,manual download: /Users/pickaneym/Downloads/JFC Historical Data.csv
2019-01-07,309.000000,324.200000,309.000000,323.000000,1000000,manual download: /Users/pickaneym/Downloads/JFC Historical Data.csv
2019-01-08,323.000000,323.000000,316.000000,321.000000,623090,manual download: /Users/pickaneym/Downloads/JFC Historical Data.csv
2019-01-09,321.000000,321.000000,316.000000,319.000000,1660000,manual download: /Users/pickaneym/Downloads/JFC Historical Data.csv
2019-01-10,318.000000,319.000000,312.000000,314.000000,1060000,manual download: /Users/pickaneym/Downloads/JFC Historical Data.csv
2019-01-11,314.000000,318.000000,312.000000,316.600000,428970,manual download: /Users/pickaneym/Downloads/JFC Historical Data.csv
2019-01-14,316.600000,324.000000,312.000000,324.000000,940570,manual download: /Users/pickaneym/Downloads/JFC Historical Data.csv
2019-01-15,324.000000,324.000000,315.000000,315.000000,595560,manual download: /Users/pickaneym/Downloads/JFC Historical Data.csv
2019-01-16,315.200000,317.800000,307.000000,307.000000,593810,manual download: /Users/pickaneym/Downloads/JFC Historical Data.csv
2019-01-17,308.000000,314.600000,308.000000,313.000000,440750,manual download: /Users/pickaneym/Downloads/JFC Historical Data.csv
2019-01-18,315.000000,324.800000,314.200000,324.800000,944340,manual download: /Users/pickaneym/Downloads/JFC Historical Data.csv
2019-01-21,324.600000,325.200000,320.000000,325.200000,401380,manual download: /Users/pickaneym/Downloads/JFC Historical Data.csv
2019-01-22,325.000000,325.000000,322.000000,325.000000,566250,manual download: /Users/pickaneym/Downloads/JFC Historical Data.csv
2019-01-23,324.400000,324.400000,316.200000,317.000000,422300,manual download: /Users/pickaneym/Downloads/JFC Historical Data.csv
2019-01-24,319.000000,322.200000,315.800000,315.800000,304390,manual download: /Users/pickaneym/Downloads/JFC Historical Data.csv
2019-01-25,315.800000,325.000000,315.800000,323.600000,383120,manual download: /Users/pickaneym/Downloads/JFC Historical Data.csv
2019-01-28,323.000000,324.000000,317.000000,317.000000,596470,manual download: /Users/pickaneym/Downloads/JFC Historical Data.csv
2019-01-29,323.000000,328.400000,322.000000,322.000000,716830,manual download: /Users/pickaneym/Downloads/JFC Historical Data.csv
2019-01-30,322.000000,322.000000,307.600000,314.000000,991120,manual download: /Users/pickaneym/Downloads/JFC Historical Data.csv
2019-01-31,317.000000,320.000000,315.000000,316.000000,1040000,manual download: /Users/pickaneym/Downloads/JFC Historical Data.csv
2019-02-01,318.000000,321.600000,318.000000,320.000000,705360,manual download: /Users/pickaneym/Downloads/JFC Historical Data.csv
2019-02-04,318.000000,320.000000,315.000000,315.000000,347870,manual download: /Users/pickaneym/Downloads/JFC Historical Data.csv
2019-02-06,317.000000,323.800000,317.000000,322.000000,1050000,manual download: /Users/pickaneym/Downloads/JFC Historical Data.csv
2019-02-07,322.000000,323.000000,319.200000,323.000000,538370,manual download: /Users/pickaneym/Downloads/JFC Historical Data.csv
2019-02-08,324.800000,324.800000,314.600000,316.200000,397410,manual download: /Users/pickaneym/Downloads/JFC Historical Data.csv
2019-02-11,317.000000,320.000000,314.800000,314.800000,434150,manual download: /Users/pickaneym/Downloads/JFC Historical Data.csv
2019-02-12,318.000000,318.000000,312.000000,312.000000,475100,manual download: /Users/pickaneym/Downloads/JFC Historical Data.csv
2019-02-13,314.000000,317.000000,311.200000,316.000000,820960,manual download: /Users/pickaneym/Downloads/JFC Historical Data.csv
2019-02-14,316.000000,322.000000,314.200000,321.200000,838930,manual download: /Users/pickaneym/Downloads/JFC Historical Data.csv
2019-02-15,321.200000,323.800000,316.600000,316.600000,615040,manual download: /Users/pickaneym/Downloads/JFC Historical Data.csv
2019-02-18,317.000000,319.800000,312.000000,312.000000,287990,manual download: /Users/pickaneym/Downloads/JFC Historical Data.csv
2019-02-19,313.000000,316.000000,310.000000,310.000000,1070000,manual download: /Users/pickaneym/Downloads/JFC Historical Data.csv
2019-02-20,311.000000,313.000000,309.000000,310.400000,972260,manual download: /Users/pickaneym/Downloads/JFC Historical Data.csv
2019-02-21,310.000000,310.600000,306.400000,307.200000,980260,manual download: /Users/pickaneym/Downloads/JFC Historical Data.csv
2019-02-22,307.400000,313.200000,307.400000,313.200000,454250,manual download: /Users/pickaneym/Downloads/JFC Historical Data.csv
2019-02-26,313.400000,316.800000,310.000000,315.000000,924040,manual download: /Users/pickaneym/Downloads/JFC Historical Data.csv
2019-02-27,314.000000,314.000000,308.000000,308.000000,1300000,manual download: /Users/pickaneym/Downloads/JFC Historical Data.csv
2019-02-28,309.800000,311.000000,307.800000,307.800000,653140,manual download: /Users/pickaneym/Downloads/JFC Historical Data.csv
2019-03-01,309.400000,315.800000,305.800000,309.000000,1840000,manual download: /Users/pickaneym/Downloads/JFC Historical Data.csv
2019-03-04,309.000000,312.000000,308.000000,309.000000,357810,manual download: /Users/pickaneym/Downloads/JFC Historical Data.csv
2019-03-05,309.000000,311.000000,309.000000,309.000000,682530,manual download: /Users/pickaneym/Downloads/JFC Historical Data.csv
2019-03-06,309.800000,316.000000,308.000000,316.000000,621600,manual download: /Users/pickaneym/Downloads/JFC Historical Data.csv
2019-03-07,316.000000,320.000000,316.000000,320.000000,678110,manual download: /Users/pickaneym/Downloads/JFC Historical Data.csv
2019-03-08,319.800000,319.800000,316.000000,317.600000,566000,manual download: /Users/pickaneym/Downloads/JFC Historical Data.csv
2019-03-11,317.600000,317.600000,308.800000,311.000000,453970,manual download: /Users/pickaneym/Downloads/JFC Historical Data.csv
2019-03-12,312.000000,317.000000,311.000000,317.000000,139630,manual download: /Users/pickaneym/Downloads/JFC Historical Data.csv
2019-03-13,315.600000,318.000000,315.000000,316.400000,364290,manual download: /Users/pickaneym/Downloads/JFC Historical Data.csv
2019-03-14,316.000000,316.000000,312.000000,312.000000,257019,manual download: /Users/pickaneym/Downloads/JFC Historical Data.csv
2019-03-15,313.000000,316.200000,310.600000,316.200000,740420,manual download: /Users/pickaneym/Downloads/JFC Historical Data.csv
2019-03-18,316.400000,317.200000,313.000000,315.200000,893290,manual download: /Users/pickaneym/Downloads/JFC Historical Data.csv
2019-03-19,315.200000,316.000000,312.200000,313.600000,365990,manual download: /Users/pickaneym/Downloads/JFC Historical Data.csv
2019-03-20,313.000000,315.000000,312.800000,313.600000,285920,manual download: /Users/pickaneym/Downloads/JFC Historical Data.csv
2019-03-21,313.600000,315.000000,312.000000,312.400000,472780,manual download: /Users/pickaneym/Downloads/JFC Historical Data.csv
2019-03-22,313.400000,317.200000,312.200000,312.400000,809450,manual download: /Users/pickaneym/Downloads/JFC Historical Data.csv
2019-03-25,313.000000,316.000000,308.000000,316.000000,2740000,manual download: /Users/pickaneym/Downloads/JFC Historical Data.csv
2019-03-26,315.800000,319.200000,314.000000,316.600000,730920,manual download: /Users/pickaneym/Downloads/JFC Historical Data.csv
2019-03-27,316.600000,317.000000,313.000000,316.000000,334490,manual download: /Users/pickaneym/Downloads/JFC Historical Data.csv
2019-03-28,317.000000,317.000000,313.000000,316.000000,272100,manual download: /Users/pickaneym/Downloads/JFC Historical Data.csv
2019-03-29,316.200000,319.000000,316.000000,317.000000,628390,manual download: /Users/pickaneym/Downloads/JFC Historical Data.csv
2019-04-01,317.000000,317.400000,311.800000,315.000000,436040,manual download: /Users/pickaneym/Downloads/JFC Historical Data.csv
2019-04-02,315.000000,318.600000,315.000000,317.000000,689090,manual download: /Users/pickaneym/Downloads/JFC Historical Data.csv
2019-04-03,317.000000,319.000000,316.400000,318.800000,389250,manual download: /Users/pickaneym/Downloads/JFC Historical Data.csv
2019-04-04,318.800000,319.600000,317.800000,318.800000,526570,manual download: /Users/pickaneym/Downloads/JFC Historical Data.csv
2019-04-05,319.000000,321.000000,319.000000,320.000000,1390000,manual download: /Users/pickaneym/Downloads/JFC Historical Data.csv
2019-04-08,320.200000,320.600000,318.800000,318.800000,493570,manual download: /Users/pickaneym/Downloads/JFC Historical Data.csv
2019-04-10,322.000000,322.600000,320.400000,322.000000,790720,manual download: /Users/pickaneym/Downloads/JFC Historical Data.csv
2019-04-11,322.000000,322.600000,317.200000,317.200000,335080,manual download: /Users/pickaneym/Downloads/JFC Historical Data.csv
2019-04-12,318.000000,319.800000,310.000000,310.000000,1670000,manual download: /Users/pickaneym/Downloads/JFC Historical Data.csv
2019-04-15,310.000000,312.000000,305.800000,310.000000,1040000,manual download: /Users/pickaneym/Downloads/JFC Historical Data.csv
2019-04-16,310.200000,310.400000,305.800000,306.000000,781860,manual download: /Users/pickaneym/Downloads/JFC Historical Data.csv
2019-04-17,306.000000,307.800000,303.000000,304.000000,700640,manual download: /Users/pickaneym/Downloads/JFC Historical Data.csv
2019-04-22,304.000000,309.800000,302.600000,303.000000,1300000,manual download: /Users/pickaneym/Downloads/JFC Historical Data.csv
2019-04-23,303.000000,304.400000,301.400000,302.200000,963380,manual download: /Users/pickaneym/Downloads/JFC Historical Data.csv
2019-04-24,301.800000,302.800000,300.000000,300.400000,1140000,manual download: /Users/pickaneym/Downloads/JFC Historical Data.csv
2019-04-25,301.000000,307.600000,301.000000,303.000000,906290,manual download: /Users/pickaneym/Downloads/JFC Historical Data.csv
2019-04-26,303.000000,305.000000,301.200000,303.000000,494290,manual download: /Users/pickaneym/Downloads/JFC Historical Data.csv
2019-04-29,303.400000,304.800000,302.800000,304.000000,284530,manual download: /Users/pickaneym/Downloads/JFC Historical Data.csv
2019-04-30,305.000000,306.800000,302.800000,304.600000,677750,manual download: /Users/pickaneym/Downloads/JFC Historical Data.csv
2019-05-02,304.600000,306.800000,300.000000,300.600000,979350,manual download: /Users/pickaneym/Downloads/JFC Historical Data.csv
2019-05-03,301.000000,303.600000,300.800000,301.000000,1640000,manual download: /Users/pickaneym/Downloads/JFC Historical Data.csv
2019-05-06,301.800000,306.000000,301.800000,302.000000,628950,manual download: /Users/pickaneym/Downloads/JFC Historical Data.csv
2019-05-07,302.200000,305.400000,302.200000,304.000000,726470,manual download: /Users/pickaneym/Downloads/JFC Historical Data.csv
2019-05-08,303.800000,305.000000,302.000000,303.000000,947300,manual download: /Users/pickaneym/Downloads/JFC Historical Data.csv
2019-05-09,300.400000,303.400000,300.400000,302.000000,745640,manual download: /Users/pickaneym/Downloads/JFC Historical Data.csv
2019-05-10,302.000000,305.000000,302.000000,302.800000,431890,manual download: /Users/pickaneym/Downloads/JFC Historical Data.csv
2019-05-14,301.000000,302.600000,291.800000,302.600000,6210000,manual download: /Users/pickaneym/Downloads/JFC Historical Data.csv
2019-05-15,302.600000,305.600000,293.000000,293.000000,1910000,manual download: /Users/pickaneym/Downloads/JFC Historical Data.csv
2019-05-16,293.000000,293.000000,285.000000,285.000000,1850000,manual download: /Users/pickaneym/Downloads/JFC Historical Data.csv
2019-05-17,286.400000,289.200000,277.000000,277.000000,2320000,manual download: /Users/pickaneym/Downloads/JFC Historical Data.csv
2019-05-20,277.000000,278.000000,272.000000,274.200000,1340000,manual download: /Users/pickaneym/Downloads/JFC Historical Data.csv
2019-05-21,276.000000,284.800000,274.000000,282.600000,1090000,manual download: /Users/pickaneym/Downloads/JFC Historical Data.csv
2019-05-22,284.000000,288.800000,283.800000,287.400000,533510,manual download: /Users/pickaneym/Downloads/JFC Historical Data.csv
2019-05-23,287.200000,287.200000,281.000000,284.000000,1690000,manual download: /Users/pickaneym/Downloads/JFC Historical Data.csv
2019-05-24,284.000000,284.000000,277.000000,278.000000,1110000,manual download: /Users/pickaneym/Downloads/JFC Historical Data.csv
2019-05-27,278.200000,278.600000,274.000000,274.000000,812360,manual download: /Users/pickaneym/Downloads/JFC Historical Data.csv
2019-05-28,273.800000,274.000000,270.000000,270.000000,2630000,manual download: /Users/pickaneym/Downloads/JFC Historical Data.csv
2019-05-29,270.800000,274.800000,270.600000,273.000000,699980,manual download: /Users/pickaneym/Downloads/JFC Historical Data.csv
2019-05-30,274.600000,284.400000,274.600000,282.000000,933720,manual download: /Users/pickaneym/Downloads/JFC Historical Data.csv
2019-05-31,283.000000,288.000000,283.000000,288.000000,1110000,manual download: /Users/pickaneym/Downloads/JFC Historical Data.csv
2019-06-03,288.000000,290.000000,284.400000,287.000000,910270,manual download: /Users/pickaneym/Downloads/JFC Historical Data.csv
2019-06-04,287.000000,287.000000,277.000000,277.000000,685690,manual download: /Users/pickaneym/Downloads/JFC Historical Data.csv
2019-06-06,279.000000,281.000000,275.000000,275.000000,1160000,manual download: /Users/pickaneym/Downloads/JFC Historical Data.csv
2019-06-07,278.000000,279.000000,275.200000,275.200000,542820,manual download: /Users/pickaneym/Downloads/JFC Historical Data.csv
2019-06-10,275.200000,280.000000,275.000000,280.000000,468090,manual download: /Users/pickaneym/Downloads/JFC Historical Data.csv
2019-06-11,281.000000,286.400000,281.000000,285.000000,536820,manual download: /Users/pickaneym/Downloads/JFC Historical Data.csv
2019-06-13,285.000000,289.000000,281.200000,289.000000,717140,manual download: /Users/pickaneym/Downloads/JFC Historical Data.csv
2019-06-14,288.800000,288.800000,280.200000,286.000000,578850,manual download: /Users/pickaneym/Downloads/JFC Historical Data.csv
2019-06-17,286.000000,286.000000,280.800000,282.000000,551770,manual download: /Users/pickaneym/Downloads/JFC Historical Data.csv
2019-06-18,282.000000,282.000000,277.000000,282.000000,683400,manual download: /Users/pickaneym/Downloads/JFC Historical Data.csv
2019-06-19,282.000000,282.400000,280.000000,281.000000,461510,manual download: /Users/pickaneym/Downloads/JFC Historical Data.csv
2019-06-20,281.000000,284.800000,279.400000,284.800000,455850,manual download: /Users/pickaneym/Downloads/JFC Historical Data.csv
2019-06-21,284.800000,288.000000,282.000000,288.000000,1270000,manual download: /Users/pickaneym/Downloads/JFC Historical Data.csv
2019-06-24,287.400000,288.200000,284.000000,287.000000,530980,manual download: /Users/pickaneym/Downloads/JFC Historical Data.csv
2019-06-25,287.200000,288.800000,284.200000,286.800000,800460,manual download: /Users/pickaneym/Downloads/JFC Historical Data.csv
2019-06-26,286.800000,286.800000,283.200000,285.000000,278760,manual download: /Users/pickaneym/Downloads/JFC Historical Data.csv
2019-06-27,285.000000,286.000000,283.400000,284.000000,358860,manual download: /Users/pickaneym/Downloads/JFC Historical Data.csv
2019-06-28,284.200000,284.200000,280.800000,281.800000,587180,manual download: /Users/pickaneym/Downloads/JFC Historical Data.csv
2019-07-01,282.400000,284.600000,282.200000,284.000000,258769,manual download: /Users/pickaneym/Downloads/JFC Historical Data.csv
2019-07-02,284.000000,285.000000,283.800000,285.000000,191510,manual download: /Users/pickaneym/Downloads/JFC Historical Data.csv
2019-07-03,285.800000,286.000000,284.800000,285.000000,311030,manual download: /Users/pickaneym/Downloads/JFC Historical Data.csv
2019-07-04,285.400000,286.800000,285.000000,285.800000,228480,manual download: /Users/pickaneym/Downloads/JFC Historical Data.csv
2019-07-05,285.800000,286.000000,284.600000,285.000000,335280,manual download: /Users/pickaneym/Downloads/JFC Historical Data.csv
2019-07-08,285.000000,285.200000,280.200000,282.000000,317970,manual download: /Users/pickaneym/Downloads/JFC Historical Data.csv
2019-07-09,282.000000,284.000000,281.200000,284.000000,244110,manual download: /Users/pickaneym/Downloads/JFC Historical Data.csv
2019-07-10,284.000000,284.200000,281.000000,282.000000,745130,manual download: /Users/pickaneym/Downloads/JFC Historical Data.csv
2019-07-11,282.000000,282.000000,280.400000,281.000000,1020000,manual download: /Users/pickaneym/Downloads/JFC Historical Data.csv
2019-07-12,282.000000,282.600000,280.400000,280.400000,906650,manual download: /Users/pickaneym/Downloads/JFC Historical Data.csv
2019-07-15,281.000000,285.600000,281.000000,285.600000,1210000,manual download: /Users/pickaneym/Downloads/JFC Historical Data.csv
2019-07-16,285.600000,285.600000,283.600000,284.600000,882710,manual download: /Users/pickaneym/Downloads/JFC Historical Data.csv
2019-07-17,284.600000,285.600000,281.000000,282.000000,503210,manual download: /Users/pickaneym/Downloads/JFC Historical Data.csv
2019-07-18,282.000000,282.000000,279.400000,280.000000,330400,manual download: /Users/pickaneym/Downloads/JFC Historical Data.csv
2019-07-19,279.400000,282.400000,278.200000,279.800000,622360,manual download: /Users/pickaneym/Downloads/JFC Historical Data.csv
2019-07-22,275.800000,277.600000,274.400000,275.000000,1120000,manual download: /Users/pickaneym/Downloads/JFC Historical Data.csv
2019-07-23,275.200000,277.000000,270.200000,272.800000,875030,manual download: /Users/pickaneym/Downloads/JFC Historical Data.csv
2019-07-24,272.600000,272.600000,251.000000,251.000000,5750000,manual download: /Users/pickaneym/Downloads/JFC Historical Data.csv
2019-07-25,250.800000,250.800000,231.000000,236.000000,10790000,manual download: /Users/pickaneym/Downloads/JFC Historical Data.csv
2019-07-26,239.000000,256.600000,237.200000,252.000000,4400000,manual download: /Users/pickaneym/Downloads/JFC Historical Data.csv
2019-07-29,254.800000,257.000000,242.000000,252.800000,2060000,manual download: /Users/pickaneym/Downloads/JFC Historical Data.csv
2019-07-30,253.000000,256.800000,248.000000,255.000000,1600000,manual download: /Users/pickaneym/Downloads/JFC Historical Data.csv
2019-07-31,256.400000,260.000000,254.400000,259.000000,1760000,manual download: /Users/pickaneym/Downloads/JFC Historical Data.csv
2019-08-01,259.000000,260.000000,255.000000,260.000000,707840,manual download: /Users/pickaneym/Downloads/JFC Historical Data.csv
2019-08-02,259.800000,259.800000,255.400000,258.000000,791650,manual download: /Users/pickaneym/Downloads/JFC Historical Data.csv
2019-08-05,258.000000,258.000000,247.000000,247.000000,1790000,manual download: /Users/pickaneym/Downloads/JFC Historical Data.csv
2019-08-06,244.000000,244.000000,234.800000,235.000000,2680000,manual download: /Users/pickaneym/Downloads/JFC Historical Data.csv
2019-08-07,235.000000,239.000000,229.000000,231.000000,2160000,manual download: /Users/pickaneym/Downloads/JFC Historical Data.csv
2019-08-08,231.200000,235.000000,230.000000,230.000000,1460000,manual download: /Users/pickaneym/Downloads/JFC Historical Data.csv
2019-08-09,230.000000,231.600000,225.000000,225.000000,1670000,manual download: /Users/pickaneym/Downloads/JFC Historical Data.csv
2019-08-13,225.000000,226.000000,217.200000,217.400000,1580000,manual download: /Users/pickaneym/Downloads/JFC Historical Data.csv
2019-08-14,220.000000,234.800000,219.000000,234.200000,1470000,manual download: /Users/pickaneym/Downloads/JFC Historical Data.csv
2019-08-15,229.600000,235.200000,224.000000,235.200000,1060000,manual download: /Users/pickaneym/Downloads/JFC Historical Data.csv
2019-08-16,234.600000,239.200000,230.400000,237.000000,766170,manual download: /Users/pickaneym/Downloads/JFC Historical Data.csv
2019-08-19,238.000000,238.400000,231.000000,234.000000,859570,manual download: /Users/pickaneym/Downloads/JFC Historical Data.csv
2019-08-20,233.600000,233.600000,224.600000,225.200000,1050000,manual download: /Users/pickaneym/Downloads/JFC Historical Data.csv
2019-08-22,224.400000,225.000000,220.400000,225.000000,891050,manual download: /Users/pickaneym/Downloads/JFC Historical Data.csv
2019-08-23,225.000000,230.000000,222.000000,230.000000,603580,manual download: /Users/pickaneym/Downloads/JFC Historical Data.csv
2019-08-27,229.800000,230.200000,224.400000,230.000000,1540000,manual download: /Users/pickaneym/Downloads/JFC Historical Data.csv
2019-08-28,229.600000,229.600000,225.400000,228.200000,579100,manual download: /Users/pickaneym/Downloads/JFC Historical Data.csv
2019-08-29,228.200000,233.600000,226.600000,233.600000,532340,manual download: /Users/pickaneym/Downloads/JFC Historical Data.csv
2019-08-30,235.800000,239.400000,235.000000,237.800000,1520000,manual download: /Users/pickaneym/Downloads/JFC Historical Data.csv
2019-09-02,237.600000,238.000000,232.000000,235.600000,444890,manual download: /Users/pickaneym/Downloads/JFC Historical Data.csv
2019-09-03,235.000000,235.400000,231.000000,231.000000,553680,manual download: /Users/pickaneym/Downloads/JFC Historical Data.csv
2019-09-04,232.000000,232.800000,227.000000,228.000000,388340,manual download: /Users/pickaneym/Downloads/JFC Historical Data.csv
2019-09-05,230.000000,231.000000,228.000000,229.000000,477980,manual download: /Users/pickaneym/Downloads/JFC Historical Data.csv
2019-09-06,229.000000,230.000000,226.800000,229.000000,764640,manual download: /Users/pickaneym/Downloads/JFC Historical Data.csv
2019-09-09,230.000000,232.000000,225.800000,225.800000,403590,manual download: /Users/pickaneym/Downloads/JFC Historical Data.csv
2019-09-10,227.000000,229.000000,225.800000,227.000000,337930,manual download: /Users/pickaneym/Downloads/JFC Historical Data.csv
2019-09-11,227.000000,228.000000,224.000000,226.200000,710030,manual download: /Users/pickaneym/Downloads/JFC Historical Data.csv
2019-09-12,226.000000,226.200000,222.400000,222.400000,3940000,manual download: /Users/pickaneym/Downloads/JFC Historical Data.csv
2019-09-13,222.600000,225.400000,222.200000,222.200000,420990,manual download: /Users/pickaneym/Downloads/JFC Historical Data.csv
2019-09-16,222.800000,225.000000,222.600000,224.000000,442140,manual download: /Users/pickaneym/Downloads/JFC Historical Data.csv
2019-09-17,223.800000,230.600000,223.000000,230.600000,563060,manual download: /Users/pickaneym/Downloads/JFC Historical Data.csv
2019-09-18,230.000000,230.200000,223.200000,223.200000,316300,manual download: /Users/pickaneym/Downloads/JFC Historical Data.csv
2019-09-19,226.000000,226.000000,222.800000,223.000000,424150,manual download: /Users/pickaneym/Downloads/JFC Historical Data.csv
2019-09-20,224.000000,225.000000,220.000000,220.000000,1050000,manual download: /Users/pickaneym/Downloads/JFC Historical Data.csv
2019-09-23,220.400000,221.600000,220.200000,220.200000,1250000,manual download: /Users/pickaneym/Downloads/JFC Historical Data.csv
2019-09-24,221.000000,221.800000,219.600000,220.000000,844440,manual download: /Users/pickaneym/Downloads/JFC Historical Data.csv
2019-09-25,219.800000,219.800000,212.000000,219.000000,1040000,manual download: /Users/pickaneym/Downloads/JFC Historical Data.csv
2019-09-26,219.000000,220.800000,217.400000,219.000000,355870,manual download: /Users/pickaneym/Downloads/JFC Historical Data.csv
2019-09-27,221.000000,221.400000,219.000000,220.200000,1260000,manual download: /Users/pickaneym/Downloads/JFC Historical Data.csv
2019-09-30,220.000000,222.800000,218.200000,222.000000,499940,manual download: /Users/pickaneym/Downloads/JFC Historical Data.csv
2019-10-01,222.000000,222.800000,219.600000,220.000000,453570,manual download: /Users/pickaneym/Downloads/JFC Historical Data.csv
2019-10-02,220.000000,221.800000,218.400000,220.800000,594020,manual download: /Users/pickaneym/Downloads/JFC Historical Data.csv
2019-10-03,221.000000,221.000000,217.800000,218.600000,1100000,manual download: /Users/pickaneym/Downloads/JFC Historical Data.csv
2019-10-04,220.000000,222.000000,219.000000,220.200000,600610,manual download: /Users/pickaneym/Downloads/JFC Historical Data.csv
2019-10-07,220.800000,223.200000,219.800000,220.000000,1870000,manual download: /Users/pickaneym/Downloads/JFC Historical Data.csv
2019-10-08,223.000000,229.400000,223.000000,226.000000,904760,manual download: /Users/pickaneym/Downloads/JFC Historical Data.csv
2019-10-09,226.600000,231.400000,225.000000,229.000000,555720,manual download: /Users/pickaneym/Downloads/JFC Historical Data.csv
2019-10-10,228.200000,229.800000,228.000000,229.000000,906250,manual download: /Users/pickaneym/Downloads/JFC Historical Data.csv
2019-10-11,229.200000,232.000000,229.200000,231.200000,216770,manual download: /Users/pickaneym/Downloads/JFC Historical Data.csv
2019-10-14,232.000000,235.000000,232.000000,234.600000,366980,manual download: /Users/pickaneym/Downloads/JFC Historical Data.csv
2019-10-15,235.200000,236.200000,232.000000,233.400000,718800,manual download: /Users/pickaneym/Downloads/JFC Historical Data.csv
2019-10-16,233.000000,233.000000,232.000000,233.000000,203210,manual download: /Users/pickaneym/Downloads/JFC Historical Data.csv
2019-10-17,233.400000,235.000000,232.400000,235.000000,327640,manual download: /Users/pickaneym/Downloads/JFC Historical Data.csv
2019-10-18,235.000000,235.200000,227.000000,230.000000,398090,manual download: /Users/pickaneym/Downloads/JFC Historical Data.csv
2019-10-21,230.000000,232.600000,226.200000,226.200000,237180,manual download: /Users/pickaneym/Downloads/JFC Historical Data.csv
2019-10-22,226.400000,229.200000,226.200000,227.200000,404690,manual download: /Users/pickaneym/Downloads/JFC Historical Data.csv
2019-10-23,227.000000,227.000000,223.600000,225.200000,346370,manual download: /Users/pickaneym/Downloads/JFC Historical Data.csv
2019-10-24,226.000000,230.000000,226.000000,227.600000,710950,manual download: /Users/pickaneym/Downloads/JFC Historical Data.csv
2019-10-25,227.600000,228.000000,225.400000,226.200000,107870,manual download: /Users/pickaneym/Downloads/JFC Historical Data.csv
2019-10-28,227.200000,229.800000,223.000000,223.000000,501830,manual download: /Users/pickaneym/Downloads/JFC Historical Data.csv
2019-10-29,223.000000,229.800000,223.000000,229.800000,834110,manual download: /Users/pickaneym/Downloads/JFC Historical Data.csv
2019-10-30,231.800000,232.000000,227.800000,232.000000,329130,manual download: /Users/pickaneym/Downloads/JFC Historical Data.csv
2019-10-31,232.000000,233.000000,230.200000,232.000000,480610,manual download: /Users/pickaneym/Downloads/JFC Historical Data.csv
2019-11-04,232.800000,233.000000,231.800000,233.000000,248530,manual download: /Users/pickaneym/Downloads/JFC Historical Data.csv
2019-11-05,233.000000,235.000000,232.000000,233.000000,669370,manual download: /Users/pickaneym/Downloads/JFC Historical Data.csv
2019-11-06,233.000000,234.200000,226.000000,227.000000,672150,manual download: /Users/pickaneym/Downloads/JFC Historical Data.csv
2019-11-07,228.000000,229.400000,224.800000,226.000000,279580,manual download: /Users/pickaneym/Downloads/JFC Historical Data.csv
2019-11-08,226.000000,228.400000,226.000000,228.000000,394910,manual download: /Users/pickaneym/Downloads/JFC Historical Data.csv
2019-11-11,227.000000,227.600000,224.000000,224.000000,808840,manual download: /Users/pickaneym/Downloads/JFC Historical Data.csv
2019-11-12,224.000000,224.800000,220.000000,220.000000,734710,manual download: /Users/pickaneym/Downloads/JFC Historical Data.csv
2019-11-13,219.800000,220.400000,212.400000,213.200000,1330000,manual download: /Users/pickaneym/Downloads/JFC Historical Data.csv
2019-11-14,213.800000,217.800000,202.600000,202.600000,1500000,manual download: /Users/pickaneym/Downloads/JFC Historical Data.csv
2019-11-15,202.600000,208.800000,202.000000,202.000000,1100000,manual download: /Users/pickaneym/Downloads/JFC Historical Data.csv
2019-11-18,202.000000,206.000000,202.000000,202.000000,796290,manual download: /Users/pickaneym/Downloads/JFC Historical Data.csv
2019-11-19,203.000000,205.000000,202.200000,204.400000,495140,manual download: /Users/pickaneym/Downloads/JFC Historical Data.csv
2019-11-20,205.000000,209.400000,204.000000,204.000000,405110,manual download: /Users/pickaneym/Downloads/JFC Historical Data.csv
2019-11-21,205.000000,207.800000,198.100000,198.600000,781770,manual download: /Users/pickaneym/Downloads/JFC Historical Data.csv
2019-11-22,200.400000,200.400000,194.200000,195.000000,843410,manual download: /Users/pickaneym/Downloads/JFC Historical Data.csv
2019-11-25,195.700000,197.500000,186.200000,186.200000,1110000,manual download: /Users/pickaneym/Downloads/JFC Historical Data.csv
2019-11-26,186.600000,190.500000,184.100000,184.100000,2550000,manual download: /Users/pickaneym/Downloads/JFC Historical Data.csv
2019-11-27,187.800000,198.600000,187.800000,197.900000,1100000,manual download: /Users/pickaneym/Downloads/JFC Historical Data.csv
2019-11-28,198.000000,198.600000,194.500000,195.000000,674160,manual download: /Users/pickaneym/Downloads/JFC Historical Data.csv
2019-11-29,195.000000,196.000000,192.000000,192.000000,779240,manual download: /Users/pickaneym/Downloads/JFC Historical Data.csv
2019-12-02,196.000000,198.600000,196.000000,197.900000,411200,manual download: /Users/pickaneym/Downloads/JFC Historical Data.csv
2019-12-03,197.900000,198.000000,192.000000,192.000000,621320,manual download: /Users/pickaneym/Downloads/JFC Historical Data.csv
2019-12-04,194.900000,198.000000,193.200000,198.000000,466630,manual download: /Users/pickaneym/Downloads/JFC Historical Data.csv
2019-12-05,198.000000,205.000000,198.000000,205.000000,533030,manual download: /Users/pickaneym/Downloads/JFC Historical Data.csv
2019-12-06,205.000000,205.200000,200.800000,202.000000,330360,manual download: /Users/pickaneym/Downloads/JFC Historical Data.csv
2019-12-09,204.000000,206.600000,202.200000,206.600000,314690,manual download: /Users/pickaneym/Downloads/JFC Historical Data.csv
2019-12-10,207.000000,207.600000,201.000000,201.000000,183340,manual download: /Users/pickaneym/Downloads/JFC Historical Data.csv
2019-12-11,205.800000,207.600000,202.600000,207.600000,259440,manual download: /Users/pickaneym/Downloads/JFC Historical Data.csv
2019-12-12,207.000000,216.000000,205.800000,216.000000,806660,manual download: /Users/pickaneym/Downloads/JFC Historical Data.csv
2019-12-13,217.000000,223.200000,216.200000,221.200000,875710,manual download: /Users/pickaneym/Downloads/JFC Historical Data.csv
2019-12-16,224.000000,228.000000,222.400000,223.600000,1000000,manual download: /Users/pickaneym/Downloads/JFC Historical Data.csv
2019-12-17,223.800000,225.000000,220.000000,225.000000,1160000,manual download: /Users/pickaneym/Downloads/JFC Historical Data.csv
2019-12-18,225.000000,225.000000,223.200000,225.000000,935250,manual download: /Users/pickaneym/Downloads/JFC Historical Data.csv
2019-12-19,224.600000,224.800000,216.000000,216.000000,597720,manual download: /Users/pickaneym/Downloads/JFC Historical Data.csv
2019-12-20,216.200000,218.000000,209.000000,213.000000,1400000,manual download: /Users/pickaneym/Downloads/JFC Historical Data.csv
2019-12-23,213.000000,220.000000,213.000000,220.000000,394710,manual download: /Users/pickaneym/Downloads/JFC Historical Data.csv
2019-12-26,220.000000,220.000000,214.000000,216.200000,238960,manual download: /Users/pickaneym/Downloads/JFC Historical Data.csv
2019-12-27,216.200000,217.000000,214.600000,216.000000,302990,manual download: /Users/pickaneym/Downloads/JFC Historical Data.csv
2020-01-02,216.000000,216.600000,210.400000,213.000000,377920,manual download: /Users/pickaneym/Downloads/JFC Historical Data.csv
2020-01-03,215.000000,218.000000,213.800000,214.800000,1400000,manual download: /Users/pickaneym/Downloads/JFC Historical Data.csv
2020-01-06,213.800000,213.800000,205.800000,213.000000,444130,manual download: /Users/pickaneym/Downloads/JFC Historical Data.csv
2020-01-07,213.000000,217.000000,213.000000,217.000000,777460,manual download: /Users/pickaneym/Downloads/JFC Historical Data.csv
2020-01-08,214.400000,214.400000,210.200000,210.200000,414790,manual download: /Users/pickaneym/Downloads/JFC Historical Data.csv
2020-01-09,210.400000,211.800000,207.000000,207.000000,463590,manual download: /Users/pickaneym/Downloads/JFC Historical Data.csv
2020-01-10,208.000000,211.000000,203.800000,206.600000,304320,manual download: /Users/pickaneym/Downloads/JFC Historical Data.csv
2020-01-13,208.000000,211.000000,203.800000,206.600000,304320,manual download: /Users/pickaneym/Downloads/JFC Historical Data.csv
2020-01-14,207.600000,212.000000,206.600000,212.000000,447000,manual download: /Users/pickaneym/Downloads/JFC Historical Data.csv
2020-01-15,211.000000,212.000000,206.000000,206.000000,308320,manual download: /Users/pickaneym/Downloads/JFC Historical Data.csv
2020-01-16,208.000000,208.000000,200.200000,201.000000,703890,manual download: /Users/pickaneym/Downloads/JFC Historical Data.csv
2020-01-17,202.000000,213.600000,202.000000,213.600000,481370,manual download: /Users/pickaneym/Downloads/JFC Historical Data.csv
2020-01-20,214.000000,214.400000,210.000000,212.800000,310910,manual download: /Users/pickaneym/Downloads/JFC Historical Data.csv
2020-01-21,212.600000,212.600000,207.400000,209.400000,225600,manual download: /Users/pickaneym/Downloads/JFC Historical Data.csv
2020-01-22,209.400000,215.000000,207.800000,209.000000,367870,manual download: /Users/pickaneym/Downloads/JFC Historical Data.csv
2020-01-23,209.000000,212.000000,208.000000,211.600000,278020,manual download: /Users/pickaneym/Downloads/JFC Historical Data.csv
2020-01-24,211.600000,217.000000,211.000000,217.000000,596560,manual download: /Users/pickaneym/Downloads/JFC Historical Data.csv
2020-01-27,216.000000,216.000000,211.000000,213.200000,219790,manual download: /Users/pickaneym/Downloads/JFC Historical Data.csv
2020-01-28,213.200000,213.200000,204.400000,205.000000,795770,manual download: /Users/pickaneym/Downloads/JFC Historical Data.csv
2020-01-29,205.400000,207.000000,201.000000,203.600000,318090,manual download: /Users/pickaneym/Downloads/JFC Historical Data.csv
2020-01-30,202.200000,203.000000,200.000000,200.200000,580180,manual download: /Users/pickaneym/Downloads/JFC Historical Data.csv
2020-01-31,200.200000,201.000000,191.200000,191.200000,876750,manual download: /Users/pickaneym/Downloads/JFC Historical Data.csv
2020-02-03,191.900000,197.200000,190.000000,196.000000,426520,manual download: /Users/pickaneym/Downloads/JFC Historical Data.csv
2020-02-04,197.500000,200.000000,195.000000,195.000000,1280000,manual download: /Users/pickaneym/Downloads/JFC Historical Data.csv
2020-02-05,195.100000,196.800000,190.500000,190.600000,1370000,manual download: /Users/pickaneym/Downloads/JFC Historical Data.csv
2020-02-06,190.800000,194.300000,190.800000,191.900000,1480000,manual download: /Users/pickaneym/Downloads/JFC Historical Data.csv
2020-02-07,193.000000,194.000000,192.300000,192.500000,283570,manual download: /Users/pickaneym/Downloads/JFC Historical Data.csv
2020-02-10,193.000000,194.000000,190.000000,190.000000,514380,manual download: /Users/pickaneym/Downloads/JFC Historical Data.csv
2020-02-11,191.000000,193.900000,191.000000,192.000000,811210,manual download: /Users/pickaneym/Downloads/JFC Historical Data.csv
2020-02-12,192.000000,194.000000,191.000000,192.000000,507220,manual download: /Users/pickaneym/Downloads/JFC Historical Data.csv
2020-02-13,192.000000,195.000000,191.000000,195.000000,275400,manual download: /Users/pickaneym/Downloads/JFC Historical Data.csv
2020-02-14,194.900000,194.900000,185.200000,185.200000,727570,manual download: /Users/pickaneym/Downloads/JFC Historical Data.csv
2020-02-17,187.200000,190.000000,187.100000,188.800000,281170,manual download: /Users/pickaneym/Downloads/JFC Historical Data.csv
2020-02-18,189.600000,189.700000,185.200000,185.200000,500990,manual download: /Users/pickaneym/Downloads/JFC Historical Data.csv
2020-02-19,184.600000,185.400000,181.500000,184.000000,1800000,manual download: /Users/pickaneym/Downloads/JFC Historical Data.csv
2020-02-20,184.000000,194.000000,184.000000,188.000000,1090000,manual download: /Users/pickaneym/Downloads/JFC Historical Data.csv
2020-02-21,190.800000,191.800000,188.900000,189.000000,1140000,manual download: /Users/pickaneym/Downloads/JFC Historical Data.csv
2020-02-24,190.200000,190.200000,185.200000,185.600000,1240000,manual download: /Users/pickaneym/Downloads/JFC Historical Data.csv
2020-02-26,180.000000,181.300000,170.200000,175.100000,2330000,manual download: /Users/pickaneym/Downloads/JFC Historical Data.csv
2020-02-27,175.400000,180.000000,174.500000,174.500000,652780,manual download: /Users/pickaneym/Downloads/JFC Historical Data.csv
2020-02-28,173.600000,173.600000,170.000000,170.000000,1740000,manual download: /Users/pickaneym/Downloads/JFC Historical Data.csv
2020-03-02,169.900000,172.000000,165.000000,167.100000,990990,manual download: /Users/pickaneym/Downloads/JFC Historical Data.csv
2020-03-03,168.100000,172.000000,168.000000,168.000000,1160000,manual download: /Users/pickaneym/Downloads/JFC Historical Data.csv
2020-03-04,168.700000,174.600000,167.200000,174.600000,869400,manual download: /Users/pickaneym/Downloads/JFC Historical Data.csv
2020-03-05,175.000000,184.000000,171.300000,184.000000,1140000,manual download: /Users/pickaneym/Downloads/JFC Historical Data.csv
2020-03-06,183.000000,183.000000,173.400000,176.500000,637540,manual download: /Users/pickaneym/Downloads/JFC Historical Data.csv
2020-03-09,170.000000,170.100000,161.500000,163.000000,1140000,manual download: /Users/pickaneym/Downloads/JFC Historical Data.csv
2020-03-10,160.000000,160.900000,153.000000,158.000000,1250000,manual download: /Users/pickaneym/Downloads/JFC Historical Data.csv
2020-03-11,159.000000,166.300000,159.000000,166.300000,916340,manual download: /Users/pickaneym/Downloads/JFC Historical Data.csv
2020-03-12,162.000000,162.000000,150.000000,153.000000,1200000,manual download: /Users/pickaneym/Downloads/JFC Historical Data.csv
2020-03-13,145.000000,145.000000,124.500000,140.500000,2200000,manual download: /Users/pickaneym/Downloads/JFC Historical Data.csv
2020-03-16,133.000000,134.000000,120.500000,121.000000,2240000,manual download: /Users/pickaneym/Downloads/JFC Historical Data.csv
2020-03-17,133.000000,134.000000,120.500000,121.000000,2240000,manual download: /Users/pickaneym/Downloads/JFC Historical Data.csv
2020-03-19,105.000000,106.200000,91.100000,91.100000,3310000,manual download: /Users/pickaneym/Downloads/JFC Historical Data.csv
2020-03-20,97.500000,103.700000,95.650000,100.000000,1990000,manual download: /Users/pickaneym/Downloads/JFC Historical Data.csv
2020-03-23,98.000000,99.900000,91.500000,95.000000,2580000,manual download: /Users/pickaneym/Downloads/JFC Historical Data.csv
2020-03-24,98.950000,99.850000,95.000000,95.000000,1600000,manual download: /Users/pickaneym/Downloads/JFC Historical Data.csv
2020-03-25,101.800000,101.800000,98.000000,98.450000,4030000,manual download: /Users/pickaneym/Downloads/JFC Historical Data.csv
2020-03-26,100.000000,104.500000,99.000000,102.200000,3230000,manual download: /Users/pickaneym/Downloads/JFC Historical Data.csv
2020-03-27,107.400000,111.000000,103.000000,107.000000,3590000,manual download: /Users/pickaneym/Downloads/JFC Historical Data.csv
2020-03-30,106.900000,106.900000,100.100000,103.000000,801630,manual download: /Users/pickaneym/Downloads/JFC Historical Data.csv
2020-03-31,105.000000,109.500000,105.000000,106.400000,1550000,manual download: /Users/pickaneym/Downloads/JFC Historical Data.csv
2020-04-01,107.000000,109.600000,103.000000,103.200000,2530000,manual download: /Users/pickaneym/Downloads/JFC Historical Data.csv
2020-04-02,102.900000,103.200000,102.000000,102.000000,1280000,manual download: /Users/pickaneym/Downloads/JFC Historical Data.csv
2020-04-03,102.300000,105.000000,102.000000,102.000000,846300,manual download: /Users/pickaneym/Downloads/JFC Historical Data.csv
2020-04-06,104.600000,106.400000,103.500000,106.000000,1870000,manual download: /Users/pickaneym/Downloads/JFC Historical Data.csv
2020-04-07,110.200000,112.500000,109.000000,110.500000,2750000,manual download: /Users/pickaneym/Downloads/JFC Historical Data.csv
2020-04-08,111.000000,120.000000,108.100000,120.000000,2920000,manual download: /Users/pickaneym/Downloads/JFC Historical Data.csv
2020-04-13,121.000000,136.100000,121.000000,135.000000,2590000,manual download: /Users/pickaneym/Downloads/JFC Historical Data.csv
2020-04-14,139.900000,148.000000,139.800000,146.500000,3520000,manual download: /Users/pickaneym/Downloads/JFC Historical Data.csv
2020-04-15,150.000000,152.100000,143.500000,148.600000,3940000,manual download: /Users/pickaneym/Downloads/JFC Historical Data.csv
2020-04-16,147.000000,147.000000,137.400000,141.500000,2320000,manual download: /Users/pickaneym/Downloads/JFC Historical Data.csv
2020-04-17,142.000000,147.000000,141.400000,145.000000,4900000,manual download: /Users/pickaneym/Downloads/JFC Historical Data.csv
2020-04-20,148.500000,149.900000,143.000000,143.000000,1590000,manual download: /Users/pickaneym/Downloads/JFC Historical Data.csv
2020-04-21,142.500000,142.500000,133.000000,136.100000,3140000,manual download: /Users/pickaneym/Downloads/JFC Historical Data.csv
2020-04-22,135.000000,135.000000,131.000000,134.000000,5810000,manual download: /Users/pickaneym/Downloads/JFC Historical Data.csv
2020-04-23,137.000000,140.000000,135.500000,136.000000,2550000,manual download: /Users/pickaneym/Downloads/JFC Historical Data.csv
2020-04-24,137.800000,137.800000,133.700000,134.300000,1040000,manual download: /Users/pickaneym/Downloads/JFC Historical Data.csv
2020-04-27,135.000000,136.500000,134.300000,134.500000,1600000,manual download: /Users/pickaneym/Downloads/JFC Historical Data.csv
2020-04-28,136.000000,141.400000,135.600000,141.200000,2290000,manual download: /Users/pickaneym/Downloads/JFC Historical Data.csv
2020-04-29,141.200000,147.000000,139.100000,147.000000,1480000,manual download: /Users/pickaneym/Downloads/JFC Historical Data.csv
2020-04-30,148.000000,149.000000,143.000000,143.100000,1930000,manual download: /Users/pickaneym/Downloads/JFC Historical Data.csv
2020-05-04,143.100000,143.100000,137.000000,138.200000,1250000,manual download: /Users/pickaneym/Downloads/JFC Historical Data.csv
2020-05-05,141.000000,141.000000,139.300000,139.600000,544550,manual download: /Users/pickaneym/Downloads/JFC Historical Data.csv
2020-05-06,141.000000,141.800000,138.500000,138.500000,505940,manual download: /Users/pickaneym/Downloads/JFC Historical Data.csv
2020-05-07,138.900000,140.900000,136.000000,136.500000,928450,manual download: /Users/pickaneym/Downloads/JFC Historical Data.csv
2020-05-08,138.500000,139.500000,135.200000,136.000000,626350,manual download: /Users/pickaneym/Downloads/JFC Historical Data.csv
2020-05-11,137.200000,141.000000,136.500000,140.500000,440240,manual download: /Users/pickaneym/Downloads/JFC Historical Data.csv
2020-05-12,141.200000,141.800000,138.600000,139.400000,948490,manual download: /Users/pickaneym/Downloads/JFC Historical Data.csv
2020-05-13,140.600000,141.000000,137.100000,138.000000,398280,manual download: /Users/pickaneym/Downloads/JFC Historical Data.csv
2020-05-14,139.000000,139.600000,135.900000,136.600000,599170,manual download: /Users/pickaneym/Downloads/JFC Historical Data.csv
2020-05-15,139.000000,140.000000,136.200000,137.200000,618100,manual download: /Users/pickaneym/Downloads/JFC Historical Data.csv
2020-05-18,139.000000,139.000000,135.900000,136.400000,895530,manual download: /Users/pickaneym/Downloads/JFC Historical Data.csv
2020-05-19,138.000000,140.000000,137.400000,140.000000,778900,manual download: /Users/pickaneym/Downloads/JFC Historical Data.csv
2020-05-20,140.000000,140.000000,137.200000,137.200000,477520,manual download: /Users/pickaneym/Downloads/JFC Historical Data.csv
2020-05-21,138.000000,139.000000,136.300000,136.500000,658920,manual download: /Users/pickaneym/Downloads/JFC Historical Data.csv
2020-05-22,138.000000,138.000000,133.000000,133.000000,1360000,manual download: /Users/pickaneym/Downloads/JFC Historical Data.csv
2020-05-26,133.000000,134.000000,117.000000,119.000000,4720000,manual download: /Users/pickaneym/Downloads/JFC Historical Data.csv
2020-05-27,120.100000,123.000000,120.000000,122.000000,1050000,manual download: /Users/pickaneym/Downloads/JFC Historical Data.csv
2020-05-28,120.000000,120.000000,115.200000,116.100000,3060000,manual download: /Users/pickaneym/Downloads/JFC Historical Data.csv
2020-05-29,116.500000,118.800000,108.700000,108.700000,13570000,manual download: /Users/pickaneym/Downloads/JFC Historical Data.csv
2020-06-01,113.000000,118.700000,112.000000,115.100000,3570000,manual download: /Users/pickaneym/Downloads/JFC Historical Data.csv
2020-06-02,119.000000,125.000000,117.000000,123.600000,2260000,manual download: /Users/pickaneym/Downloads/JFC Historical Data.csv
2020-06-03,125.700000,131.800000,125.700000,130.000000,2830000,manual download: /Users/pickaneym/Downloads/JFC Historical Data.csv
2020-06-04,132.000000,135.000000,129.500000,133.000000,2080000,manual download: /Users/pickaneym/Downloads/JFC Historical Data.csv
2020-06-05,133.000000,133.900000,126.000000,130.000000,1680000,manual download: /Users/pickaneym/Downloads/JFC Historical Data.csv
2020-06-08,133.000000,133.000000,128.000000,132.500000,2210000,manual download: /Users/pickaneym/Downloads/JFC Historical Data.csv
2020-06-09,133.100000,139.000000,132.500000,138.900000,2950000,manual download: /Users/pickaneym/Downloads/JFC Historical Data.csv
2020-06-10,139.900000,145.000000,139.100000,145.000000,2980000,manual download: /Users/pickaneym/Downloads/JFC Historical Data.csv
2020-06-11,144.000000,145.300000,140.500000,145.000000,2810000,manual download: /Users/pickaneym/Downloads/JFC Historical Data.csv
2020-06-15,145.000000,146.000000,141.000000,144.200000,2440000,manual download: /Users/pickaneym/Downloads/JFC Historical Data.csv
2020-06-16,144.000000,146.300000,141.500000,142.500000,1860000,manual download: /Users/pickaneym/Downloads/JFC Historical Data.csv
2020-06-17,142.700000,145.400000,142.700000,145.000000,2770000,manual download: /Users/pickaneym/Downloads/JFC Historical Data.csv
2020-06-18,145.100000,150.000000,145.000000,149.900000,2089999,manual download: /Users/pickaneym/Downloads/JFC Historical Data.csv
2020-06-19,149.000000,151.700000,146.000000,150.000000,1620000,manual download: /Users/pickaneym/Downloads/JFC Historical Data.csv
2020-06-22,151.000000,151.000000,147.900000,149.100000,824750,manual download: /Users/pickaneym/Downloads/JFC Historical Data.csv
2020-06-23,149.000000,149.000000,144.000000,144.000000,1560000,manual download: /Users/pickaneym/Downloads/JFC Historical Data.csv
2020-06-24,144.500000,147.500000,141.300000,143.900000,741670,manual download: /Users/pickaneym/Downloads/JFC Historical Data.csv
2020-06-25,142.900000,142.900000,139.500000,141.200000,933760,manual download: /Users/pickaneym/Downloads/JFC Historical Data.csv
2020-06-26,141.200000,142.900000,140.000000,140.200000,411960,manual download: /Users/pickaneym/Downloads/JFC Historical Data.csv
2020-06-29,139.000000,139.000000,135.100000,137.900000,718430,manual download: /Users/pickaneym/Downloads/JFC Historical Data.csv
2020-06-30,137.000000,140.000000,135.500000,140.000000,882320,manual download: /Users/pickaneym/Downloads/JFC Historical Data.csv
2020-07-01,140.000000,144.000000,139.500000,143.800000,706780,manual download: /Users/pickaneym/Downloads/JFC Historical Data.csv
2020-07-02,143.800000,147.000000,143.700000,147.000000,603020,manual download: /Users/pickaneym/Downloads/JFC Historical Data.csv
2020-07-03,147.500000,149.300000,146.000000,147.500000,1200000,manual download: /Users/pickaneym/Downloads/JFC Historical Data.csv
2020-07-06,147.500000,148.000000,145.700000,147.300000,513789,manual download: /Users/pickaneym/Downloads/JFC Historical Data.csv
2020-07-07,147.300000,147.300000,146.400000,147.000000,1200000,manual download: /Users/pickaneym/Downloads/JFC Historical Data.csv
2020-07-08,146.500000,147.000000,145.900000,146.600000,704290,manual download: /Users/pickaneym/Downloads/JFC Historical Data.csv
2020-07-09,146.400000,146.400000,140.000000,140.000000,695070,manual download: /Users/pickaneym/Downloads/JFC Historical Data.csv
2020-07-10,139.500000,139.500000,137.200000,137.500000,897060,manual download: /Users/pickaneym/Downloads/JFC Historical Data.csv
2020-07-13,137.500000,141.800000,137.500000,140.900000,869600,manual download: /Users/pickaneym/Downloads/JFC Historical Data.csv
2020-07-14,140.900000,142.500000,140.000000,140.000000,424880,manual download: /Users/pickaneym/Downloads/JFC Historical Data.csv
2020-07-15,140.000000,140.000000,136.200000,136.200000,1210000,manual download: /Users/pickaneym/Downloads/JFC Historical Data.csv
2020-07-16,136.500000,137.900000,133.000000,133.000000,1850000,manual download: /Users/pickaneym/Downloads/JFC Historical Data.csv
2020-07-17,135.500000,136.300000,133.500000,133.600000,875150,manual download: /Users/pickaneym/Downloads/JFC Historical Data.csv
2020-07-20,135.000000,135.500000,133.200000,133.500000,360850,manual download: /Users/pickaneym/Downloads/JFC Historical Data.csv
2020-07-21,134.800000,135.800000,133.200000,134.700000,500710,manual download: /Users/pickaneym/Downloads/JFC Historical Data.csv
2020-07-22,134.700000,134.700000,130.000000,130.000000,751080,manual download: /Users/pickaneym/Downloads/JFC Historical Data.csv
2020-07-23,130.000000,130.000000,125.000000,126.600000,1360000,manual download: /Users/pickaneym/Downloads/JFC Historical Data.csv
2020-07-24,128.100000,129.700000,127.500000,128.500000,400400,manual download: /Users/pickaneym/Downloads/JFC Historical Data.csv
2020-07-27,128.300000,128.300000,125.300000,128.000000,653170,manual download: /Users/pickaneym/Downloads/JFC Historical Data.csv
2020-07-28,128.000000,129.800000,127.900000,129.100000,1160000,manual download: /Users/pickaneym/Downloads/JFC Historical Data.csv
2020-07-29,130.000000,133.500000,129.800000,131.000000,3010000,manual download: /Users/pickaneym/Downloads/JFC Historical Data.csv
2020-07-30,133.000000,135.000000,132.000000,135.000000,1400000,manual download: /Users/pickaneym/Downloads/JFC Historical Data.csv
2020-08-03,129.500000,129.500000,126.500000,127.000000,1640000,manual download: /Users/pickaneym/Downloads/JFC Historical Data.csv
2020-08-04,127.200000,130.800000,126.200000,126.200000,657170,manual download: /Users/pickaneym/Downloads/JFC Historical Data.csv
2020-08-05,128.000000,133.400000,128.000000,131.000000,870380,manual download: /Users/pickaneym/Downloads/JFC Historical Data.csv
2020-08-06,130.000000,135.000000,129.000000,135.000000,842300,manual download: /Users/pickaneym/Downloads/JFC Historical Data.csv
2020-08-07,133.200000,135.000000,132.000000,134.200000,1140000,manual download: /Users/pickaneym/Downloads/JFC Historical Data.csv
2020-08-10,133.000000,138.500000,131.200000,137.500000,1090000,manual download: /Users/pickaneym/Downloads/JFC Historical Data.csv
2020-08-11,138.000000,144.000000,138.000000,141.100000,1370000,manual download: /Users/pickaneym/Downloads/JFC Historical Data.csv
2020-08-12,141.100000,142.400000,139.000000,140.200000,769320,manual download: /Users/pickaneym/Downloads/JFC Historical Data.csv
2020-08-13,141.000000,143.500000,140.900000,142.500000,577960,manual download: /Users/pickaneym/Downloads/JFC Historical Data.csv
2020-08-14,142.500000,144.800000,142.000000,144.500000,914330,manual download: /Users/pickaneym/Downloads/JFC Historical Data.csv
2020-08-17,144.000000,144.000000,137.500000,140.900000,392420,manual download: /Users/pickaneym/Downloads/JFC Historical Data.csv
2020-08-18,141.000000,143.800000,139.100000,140.500000,798140,manual download: /Users/pickaneym/Downloads/JFC Historical Data.csv
2020-08-19,141.500000,143.000000,140.200000,140.200000,549710,manual download: /Users/pickaneym/Downloads/JFC Historical Data.csv
2020-08-20,141.400000,141.400000,139.500000,139.500000,1410000,manual download: /Users/pickaneym/Downloads/JFC Historical Data.csv
2020-08-24,139.600000,141.500000,139.600000,141.200000,462920,manual download: /Users/pickaneym/Downloads/JFC Historical Data.csv
2020-08-25,141.000000,141.200000,139.500000,141.000000,392840,manual download: /Users/pickaneym/Downloads/JFC Historical Data.csv
2020-08-26,140.000000,140.100000,136.200000,138.500000,1160000,manual download: /Users/pickaneym/Downloads/JFC Historical Data.csv
2020-08-27,138.300000,138.800000,136.500000,138.700000,308450,manual download: /Users/pickaneym/Downloads/JFC Historical Data.csv
2020-08-28,138.000000,138.100000,135.100000,135.100000,1590000,manual download: /Users/pickaneym/Downloads/JFC Historical Data.csv
2020-09-01,137.000000,137.000000,133.600000,133.600000,1270000,manual download: /Users/pickaneym/Downloads/JFC Historical Data.csv
2020-09-02,133.600000,136.800000,133.600000,136.800000,477410,manual download: /Users/pickaneym/Downloads/JFC Historical Data.csv
2020-09-03,137.000000,139.000000,137.000000,137.800000,661710,manual download: /Users/pickaneym/Downloads/JFC Historical Data.csv
2020-09-04,137.200000,138.600000,133.500000,136.000000,2670000,manual download: /Users/pickaneym/Downloads/JFC Historical Data.csv
2020-09-07,136.100000,138.400000,136.100000,138.100000,499370,manual download: /Users/pickaneym/Downloads/JFC Historical Data.csv
2020-09-08,138.100000,138.200000,136.100000,138.100000,839820,manual download: /Users/pickaneym/Downloads/JFC Historical Data.csv
2020-09-09,138.000000,138.100000,136.000000,136.800000,627960,manual download: /Users/pickaneym/Downloads/JFC Historical Data.csv
2020-09-10,137.600000,137.600000,134.200000,136.000000,701320,manual download: /Users/pickaneym/Downloads/JFC Historical Data.csv
2020-09-11,136.000000,136.000000,135.000000,135.600000,548660,manual download: /Users/pickaneym/Downloads/JFC Historical Data.csv
2020-09-14,135.500000,135.500000,134.800000,135.000000,1720000,manual download: /Users/pickaneym/Downloads/JFC Historical Data.csv
2020-09-15,135.000000,135.500000,134.500000,134.900000,780190,manual download: /Users/pickaneym/Downloads/JFC Historical Data.csv
2020-09-16,134.800000,134.900000,133.200000,133.300000,1380000,manual download: /Users/pickaneym/Downloads/JFC Historical Data.csv
2020-09-17,134.000000,136.000000,130.200000,130.200000,1570000,manual download: /Users/pickaneym/Downloads/JFC Historical Data.csv
2020-09-18,132.000000,133.000000,130.200000,130.200000,2680000,manual download: /Users/pickaneym/Downloads/JFC Historical Data.csv
2020-09-21,132.000000,134.000000,131.700000,131.900000,544140,manual download: /Users/pickaneym/Downloads/JFC Historical Data.csv
2020-09-22,133.900000,133.900000,131.600000,132.500000,1210000,manual download: /Users/pickaneym/Downloads/JFC Historical Data.csv
2020-09-23,133.000000,138.500000,133.000000,138.100000,983000,manual download: /Users/pickaneym/Downloads/JFC Historical Data.csv
2020-09-24,138.300000,139.000000,136.600000,138.000000,465710,manual download: /Users/pickaneym/Downloads/JFC Historical Data.csv
2020-09-25,138.000000,138.400000,137.000000,138.000000,505510,manual download: /Users/pickaneym/Downloads/JFC Historical Data.csv
2020-09-28,138.500000,139.400000,138.200000,139.100000,465940,manual download: /Users/pickaneym/Downloads/JFC Historical Data.csv
2020-09-29,140.000000,144.800000,140.000000,144.800000,1580000,manual download: /Users/pickaneym/Downloads/JFC Historical Data.csv
2020-09-30,144.700000,145.000000,143.200000,145.000000,1420000,manual download: /Users/pickaneym/Downloads/JFC Historical Data.csv
2020-10-01,145.000000,145.000000,143.000000,143.600000,330260,manual download: /Users/pickaneym/Downloads/JFC Historical Data.csv
2020-10-02,143.500000,143.800000,140.500000,143.000000,516190,manual download: /Users/pickaneym/Downloads/JFC Historical Data.csv
2020-10-05,143.000000,143.000000,141.100000,141.100000,947680,manual download: /Users/pickaneym/Downloads/JFC Historical Data.csv
2020-10-06,141.000000,141.300000,137.800000,137.800000,734570,manual download: /Users/pickaneym/Downloads/JFC Historical Data.csv
2020-10-07,137.800000,137.900000,137.200000,137.700000,693560,manual download: /Users/pickaneym/Downloads/JFC Historical Data.csv
2020-10-08,138.000000,143.200000,138.000000,142.700000,846440,manual download: /Users/pickaneym/Downloads/JFC Historical Data.csv
2020-10-09,143.000000,144.500000,142.800000,143.800000,746480,manual download: /Users/pickaneym/Downloads/JFC Historical Data.csv
2020-10-12,143.800000,145.400000,142.900000,145.400000,831650,manual download: /Users/pickaneym/Downloads/JFC Historical Data.csv
2020-10-13,145.400000,147.500000,144.300000,145.500000,792550,manual download: /Users/pickaneym/Downloads/JFC Historical Data.csv
2020-10-14,145.100000,146.900000,145.100000,146.700000,880800,manual download: /Users/pickaneym/Downloads/JFC Historical Data.csv
2020-10-15,146.700000,147.500000,146.600000,147.200000,389960,manual download: /Users/pickaneym/Downloads/JFC Historical Data.csv
2020-10-16,146.000000,147.000000,145.400000,147.000000,380910,manual download: /Users/pickaneym/Downloads/JFC Historical Data.csv
2020-10-19,147.100000,154.800000,147.100000,154.600000,1880000,manual download: /Users/pickaneym/Downloads/JFC Historical Data.csv
2020-10-20,154.600000,174.000000,154.600000,169.000000,3940000,manual download: /Users/pickaneym/Downloads/JFC Historical Data.csv
2020-10-21,170.000000,175.000000,165.100000,170.000000,3110000,manual download: /Users/pickaneym/Downloads/JFC Historical Data.csv
2020-10-22,170.000000,177.800000,168.500000,170.500000,2960000,manual download: /Users/pickaneym/Downloads/JFC Historical Data.csv
2020-10-23,172.000000,179.000000,171.900000,179.000000,2350000,manual download: /Users/pickaneym/Downloads/JFC Historical Data.csv
2020-10-26,179.000000,179.000000,170.000000,176.400000,1450000,manual download: /Users/pickaneym/Downloads/JFC Historical Data.csv
2020-10-27,175.500000,175.500000,170.600000,173.200000,2200000,manual download: /Users/pickaneym/Downloads/JFC Historical Data.csv
2020-10-28,173.200000,176.400000,171.600000,174.500000,690540,manual download: /Users/pickaneym/Downloads/JFC Historical Data.csv
2020-10-29,173.500000,173.500000,171.600000,172.500000,637430,manual download: /Users/pickaneym/Downloads/JFC Historical Data.csv
2020-10-30,171.600000,171.600000,168.000000,170.000000,1010000,manual download: /Users/pickaneym/Downloads/JFC Historical Data.csv
2020-11-03,170.000000,175.000000,169.000000,174.500000,889400,manual download: /Users/pickaneym/Downloads/JFC Historical Data.csv
2020-11-04,175.100000,185.000000,175.100000,185.000000,1650000,manual download: /Users/pickaneym/Downloads/JFC Historical Data.csv
2020-11-05,185.000000,199.000000,184.800000,194.200000,2009999,manual download: /Users/pickaneym/Downloads/JFC Historical Data.csv
2020-11-06,194.400000,197.000000,188.100000,196.800000,1760000,manual download: /Users/pickaneym/Downloads/JFC Historical Data.csv
2020-11-09,197.000000,201.200000,195.000000,198.900000,1130000,manual download: /Users/pickaneym/Downloads/JFC Historical Data.csv
2020-11-10,198.500000,201.800000,196.000000,200.200000,2110000,manual download: /Users/pickaneym/Downloads/JFC Historical Data.csv
2020-11-11,200.200000,200.200000,196.000000,196.500000,1320000,manual download: /Users/pickaneym/Downloads/JFC Historical Data.csv
2020-11-13,196.000000,196.100000,192.800000,193.200000,1100000,manual download: /Users/pickaneym/Downloads/JFC Historical Data.csv
2020-11-16,193.300000,195.700000,189.000000,190.200000,1040000,manual download: /Users/pickaneym/Downloads/JFC Historical Data.csv
2020-11-17,190.300000,196.500000,190.300000,196.500000,1010000,manual download: /Users/pickaneym/Downloads/JFC Historical Data.csv
2020-11-18,196.220000,197.320000,195.620000,195.920000,451570,manual download: /Users/pickaneym/Downloads/JFC Historical Data.csv
2020-11-19,196.500000,196.500000,193.000000,193.800000,501090,manual download: /Users/pickaneym/Downloads/JFC Historical Data.csv
2020-11-20,194.000000,195.000000,192.000000,195.000000,530820,manual download: /Users/pickaneym/Downloads/JFC Historical Data.csv
2020-11-23,195.000000,195.000000,192.200000,193.000000,813110,manual download: /Users/pickaneym/Downloads/JFC Historical Data.csv
2020-11-24,193.000000,193.000000,190.000000,190.000000,996580,manual download: /Users/pickaneym/Downloads/JFC Historical Data.csv
2020-11-25,191.000000,194.600000,191.000000,191.000000,566790,manual download: /Users/pickaneym/Downloads/JFC Historical Data.csv
2020-11-26,191.000000,191.100000,188.500000,189.000000,693960,manual download: /Users/pickaneym/Downloads/JFC Historical Data.csv
2020-11-27,189.700000,194.300000,189.000000,189.000000,1720000,manual download: /Users/pickaneym/Downloads/JFC Historical Data.csv
2020-12-01,187.000000,197.000000,185.700000,197.000000,928550,manual download: /Users/pickaneym/Downloads/JFC Historical Data.csv
2020-12-02,197.000000,199.000000,194.300000,199.000000,885050,manual download: /Users/pickaneym/Downloads/JFC Historical Data.csv
2020-12-03,199.800000,205.000000,199.300000,204.800000,1630000,manual download: /Users/pickaneym/Downloads/JFC Historical Data.csv
2020-12-04,204.800000,207.200000,202.400000,206.400000,1120000,manual download: /Users/pickaneym/Downloads/JFC Historical Data.csv
2020-12-07,207.000000,209.000000,205.200000,209.000000,849270,manual download: /Users/pickaneym/Downloads/JFC Historical Data.csv
2020-12-09,209.000000,211.000000,209.000000,210.600000,618320,manual download: /Users/pickaneym/Downloads/JFC Historical Data.csv
2020-12-10,210.800000,210.800000,207.800000,207.800000,676190,manual download: /Users/pickaneym/Downloads/JFC Historical Data.csv
2020-12-11,207.800000,209.600000,205.000000,207.000000,1170000,manual download: /Users/pickaneym/Downloads/JFC Historical Data.csv
2020-12-14,206.800000,208.000000,206.000000,207.000000,603610,manual download: /Users/pickaneym/Downloads/JFC Historical Data.csv
2020-12-15,207.400000,209.800000,207.000000,207.000000,1090000,manual download: /Users/pickaneym/Downloads/JFC Historical Data.csv
2020-12-16,209.000000,209.000000,206.200000,206.200000,1030000,manual download: /Users/pickaneym/Downloads/JFC Historical Data.csv
2020-12-17,208.000000,208.200000,206.200000,206.200000,463650,manual download: /Users/pickaneym/Downloads/JFC Historical Data.csv
2020-12-18,206.400000,206.400000,202.400000,204.000000,786270,manual download: /Users/pickaneym/Downloads/JFC Historical Data.csv
2020-12-21,203.200000,204.000000,201.800000,201.800000,577690,manual download: /Users/pickaneym/Downloads/JFC Historical Data.csv
2020-12-22,201.000000,201.400000,193.300000,197.000000,1020000,manual download: /Users/pickaneym/Downloads/JFC Historical Data.csv
2020-12-23,197.500000,198.700000,194.000000,197.500000,776750,manual download: /Users/pickaneym/Downloads/JFC Historical Data.csv
2020-12-28,196.000000,196.300000,192.700000,193.300000,597460,manual download: /Users/pickaneym/Downloads/JFC Historical Data.csv
2020-12-29,193.400000,197.000000,193.300000,195.200000,702460,manual download: /Users/pickaneym/Downloads/JFC Historical Data.csv
2021-01-04,195.200000,195.200000,194.000000,194.400000,625440,manual download: /Users/pickaneym/Downloads/JFC Historical Data.csv
2021-01-05,194.000000,194.900000,192.500000,194.900000,513299,manual download: /Users/pickaneym/Downloads/JFC Historical Data.csv
2021-01-06,194.400000,194.800000,190.000000,194.400000,565340,manual download: /Users/pickaneym/Downloads/JFC Historical Data.csv
2021-01-07,194.300000,194.300000,192.600000,192.600000,802590,manual download: /Users/pickaneym/Downloads/JFC Historical Data.csv
2021-01-08,192.600000,193.500000,192.300000,192.500000,720470,manual download: /Users/pickaneym/Downloads/JFC Historical Data.csv
2021-01-11,192.600000,201.000000,192.600000,199.100000,1100000,manual download: /Users/pickaneym/Downloads/JFC Historical Data.csv
2021-01-12,200.000000,202.000000,198.400000,199.000000,844340,manual download: /Users/pickaneym/Downloads/JFC Historical Data.csv
2021-01-13,199.000000,199.500000,195.100000,199.500000,679010,manual download: /Users/pickaneym/Downloads/JFC Historical Data.csv
2021-01-14,197.000000,198.000000,195.500000,196.900000,1120000,manual download: /Users/pickaneym/Downloads/JFC Historical Data.csv
2021-01-15,195.500000,196.300000,194.100000,194.100000,870670,manual download: /Users/pickaneym/Downloads/JFC Historical Data.csv
2021-01-18,194.100000,194.100000,191.000000,194.000000,695290,manual download: /Users/pickaneym/Downloads/JFC Historical Data.csv
2021-01-19,193.900000,193.900000,190.700000,190.700000,847480,manual download: /Users/pickaneym/Downloads/JFC Historical Data.csv
2021-01-20,190.000000,190.400000,186.000000,188.000000,1070000,manual download: /Users/pickaneym/Downloads/JFC Historical Data.csv
2021-01-21,187.400000,188.100000,186.500000,186.900000,1100000,manual download: /Users/pickaneym/Downloads/JFC Historical Data.csv
2021-01-22,186.900000,187.600000,186.000000,186.700000,1020000,manual download: /Users/pickaneym/Downloads/JFC Historical Data.csv
2021-01-25,186.500000,186.600000,185.400000,185.700000,794610,manual download: /Users/pickaneym/Downloads/JFC Historical Data.csv
2021-01-26,185.600000,185.600000,180.000000,180.000000,1290000,manual download: /Users/pickaneym/Downloads/JFC Historical Data.csv
2021-01-27,179.500000,179.800000,175.600000,177.500000,781780,manual download: /Users/pickaneym/Downloads/JFC Historical Data.csv
2021-01-28,177.500000,180.100000,175.600000,179.600000,776420,manual download: /Users/pickaneym/Downloads/JFC Historical Data.csv
2021-01-29,179.600000,180.500000,177.700000,177.700000,1330000,manual download: /Users/pickaneym/Downloads/JFC Historical Data.csv
2021-02-01,177.700000,179.000000,177.000000,178.800000,604180,manual download: /Users/pickaneym/Downloads/JFC Historical Data.csv
2021-02-02,178.900000,183.400000,178.800000,179.800000,1330000,manual download: /Users/pickaneym/Downloads/JFC Historical Data.csv
2021-02-03,180.300000,183.000000,179.900000,180.000000,775810,manual download: /Users/pickaneym/Downloads/JFC Historical Data.csv
2021-02-04,180.000000,182.000000,179.700000,180.000000,1790000,manual download: /Users/pickaneym/Downloads/JFC Historical Data.csv
2021-02-05,181.000000,184.900000,180.900000,184.000000,1190000,manual download: /Users/pickaneym/Downloads/JFC Historical Data.csv
2021-02-08,183.700000,184.000000,182.500000,183.000000,767150,manual download: /Users/pickaneym/Downloads/JFC Historical Data.csv
2021-02-09,183.000000,185.800000,183.000000,184.900000,1070000,manual download: /Users/pickaneym/Downloads/JFC Historical Data.csv
2021-02-10,185.000000,187.000000,184.900000,185.500000,613750,manual download: /Users/pickaneym/Downloads/JFC Historical Data.csv
2021-02-11,185.600000,186.800000,178.700000,178.700000,581650,manual download: /Users/pickaneym/Downloads/JFC Historical Data.csv
2021-02-15,180.000000,181.500000,179.500000,179.500000,1100000,manual download: /Users/pickaneym/Downloads/JFC Historical Data.csv
2021-02-16,180.000000,180.500000,178.800000,179.000000,514770,manual download: /Users/pickaneym/Downloads/JFC Historical Data.csv
2021-02-17,180.000000,181.000000,178.100000,178.800000,1100000,manual download: /Users/pickaneym/Downloads/JFC Historical Data.csv
2021-02-18,179.000000,182.000000,178.900000,178.900000,802130,manual download: /Users/pickaneym/Downloads/JFC Historical Data.csv
2021-02-19,179.400000,180.000000,179.400000,179.900000,1170000,manual download: /Users/pickaneym/Downloads/JFC Historical Data.csv
2021-02-22,180.000000,180.200000,179.000000,179.000000,445450,manual download: /Users/pickaneym/Downloads/JFC Historical Data.csv
2021-02-23,178.700000,178.800000,175.000000,178.000000,1300000,manual download: /Users/pickaneym/Downloads/JFC Historical Data.csv
2021-02-24,178.100000,178.900000,172.900000,172.900000,1050000,manual download: /Users/pickaneym/Downloads/JFC Historical Data.csv
2021-02-26,175.000000,180.200000,175.000000,179.000000,930450,manual download: /Users/pickaneym/Downloads/JFC Historical Data.csv
2021-03-01,179.900000,180.200000,178.800000,178.800000,590930,manual download: /Users/pickaneym/Downloads/JFC Historical Data.csv
2021-03-02,179.100000,186.000000,179.100000,186.000000,1190000,manual download: /Users/pickaneym/Downloads/JFC Historical Data.csv
2021-03-03,185.400000,186.000000,184.400000,186.000000,948100,manual download: /Users/pickaneym/Downloads/JFC Historical Data.csv
2021-03-04,186.000000,191.000000,184.000000,189.900000,1250000,manual download: /Users/pickaneym/Downloads/JFC Historical Data.csv
2021-03-05,189.500000,189.500000,183.700000,186.800000,403870,manual download: /Users/pickaneym/Downloads/JFC Historical Data.csv
2021-03-08,186.000000,186.000000,180.300000,181.900000,473960,manual download: /Users/pickaneym/Downloads/JFC Historical Data.csv
2021-03-09,181.200000,183.000000,180.000000,183.000000,1130000,manual download: /Users/pickaneym/Downloads/JFC Historical Data.csv
2021-03-10,182.900000,186.000000,182.000000,184.000000,738380,manual download: /Users/pickaneym/Downloads/JFC Historical Data.csv
2021-03-11,184.000000,184.000000,180.000000,180.900000,623940,manual download: /Users/pickaneym/Downloads/JFC Historical Data.csv
2021-03-12,181.000000,183.500000,181.000000,181.900000,475030,manual download: /Users/pickaneym/Downloads/JFC Historical Data.csv
2021-03-15,181.700000,181.900000,176.000000,180.000000,1320000,manual download: /Users/pickaneym/Downloads/JFC Historical Data.csv
2021-03-16,179.000000,181.300000,178.000000,181.300000,823770,manual download: /Users/pickaneym/Downloads/JFC Historical Data.csv
2021-03-17,180.200000,185.000000,180.200000,185.000000,754480,manual download: /Users/pickaneym/Downloads/JFC Historical Data.csv
2021-03-18,186.000000,186.400000,184.900000,185.600000,563230,manual download: /Users/pickaneym/Downloads/JFC Historical Data.csv
2021-03-19,185.500000,185.500000,176.000000,176.000000,2330000,manual download: /Users/pickaneym/Downloads/JFC Historical Data.csv
2021-03-22,173.000000,176.000000,170.500000,175.900000,658190,manual download: /Users/pickaneym/Downloads/JFC Historical Data.csv
2021-03-23,176.100000,181.000000,176.100000,181.000000,1110000,manual download: /Users/pickaneym/Downloads/JFC Historical Data.csv
2021-03-24,180.000000,180.000000,172.000000,176.900000,3650000,manual download: /Users/pickaneym/Downloads/JFC Historical Data.csv
2021-03-25,177.900000,181.200000,177.900000,178.200000,263590,manual download: /Users/pickaneym/Downloads/JFC Historical Data.csv
2021-03-26,178.000000,179.000000,174.700000,174.900000,904700,manual download: /Users/pickaneym/Downloads/JFC Historical Data.csv
2021-03-29,173.500000,177.300000,170.700000,175.700000,1700000,manual download: /Users/pickaneym/Downloads/JFC Historical Data.csv
2021-03-30,175.700000,177.500000,175.600000,176.900000,273810,manual download: /Users/pickaneym/Downloads/JFC Historical Data.csv
2021-03-31,176.900000,178.100000,176.000000,176.900000,424690,manual download: /Users/pickaneym/Downloads/JFC Historical Data.csv
2021-04-05,176.900000,181.800000,175.500000,181.600000,495750,manual download: /Users/pickaneym/Downloads/JFC Historical Data.csv
2021-04-06,181.400000,186.000000,180.800000,185.000000,1060000,manual download: /Users/pickaneym/Downloads/JFC Historical Data.csv
2021-04-07,185.000000,187.500000,183.100000,184.800000,524070,manual download: /Users/pickaneym/Downloads/JFC Historical Data.csv
2021-04-08,184.800000,185.000000,179.000000,179.000000,426470,manual download: /Users/pickaneym/Downloads/JFC Historical Data.csv
2021-04-12,180.000000,182.100000,178.100000,179.700000,361320,manual download: /Users/pickaneym/Downloads/JFC Historical Data.csv
2021-04-13,178.500000,180.300000,178.500000,179.400000,208120,manual download: /Users/pickaneym/Downloads/JFC Historical Data.csv
2021-04-14,180.000000,183.900000,179.400000,183.900000,353350,manual download: /Users/pickaneym/Downloads/JFC Historical Data.csv
2021-04-15,182.000000,182.000000,179.200000,180.000000,630720,manual download: /Users/pickaneym/Downloads/JFC Historical Data.csv
2021-04-16,180.000000,180.100000,179.200000,179.500000,180960,manual download: /Users/pickaneym/Downloads/JFC Historical Data.csv
2021-04-19,180.000000,181.000000,175.300000,176.000000,522700,manual download: /Users/pickaneym/Downloads/JFC Historical Data.csv
2021-04-20,177.000000,180.000000,176.100000,176.100000,1230000,manual download: /Users/pickaneym/Downloads/JFC Historical Data.csv
2021-04-21,176.200000,179.300000,176.200000,177.300000,300310,manual download: /Users/pickaneym/Downloads/JFC Historical Data.csv
2021-04-22,177.300000,177.800000,174.600000,177.800000,524740,manual download: /Users/pickaneym/Downloads/JFC Historical Data.csv
2021-04-23,177.800000,178.000000,175.100000,176.000000,461680,manual download: /Users/pickaneym/Downloads/JFC Historical Data.csv
2021-04-26,176.000000,177.000000,175.300000,175.900000,319270,manual download: /Users/pickaneym/Downloads/JFC Historical Data.csv
2021-04-27,175.900000,177.000000,173.200000,173.200000,825700,manual download: /Users/pickaneym/Downloads/JFC Historical Data.csv
2021-04-28,174.100000,176.400000,174.100000,175.800000,357340,manual download: /Users/pickaneym/Downloads/JFC Historical Data.csv
2021-04-29,175.800000,177.000000,175.300000,177.000000,632770,manual download: /Users/pickaneym/Downloads/JFC Historical Data.csv
2021-04-30,176.500000,177.500000,176.000000,176.000000,340480,manual download: /Users/pickaneym/Downloads/JFC Historical Data.csv
2021-05-03,176.000000,180.000000,175.900000,178.500000,1500000,manual download: /Users/pickaneym/Downloads/JFC Historical Data.csv
2021-05-04,179.000000,179.500000,176.500000,177.000000,432070,manual download: /Users/pickaneym/Downloads/JFC Historical Data.csv
2021-05-05,177.000000,178.200000,176.100000,177.500000,313470,manual download: /Users/pickaneym/Downloads/JFC Historical Data.csv
2021-05-06,177.500000,177.500000,175.500000,176.000000,440040,manual download: /Users/pickaneym/Downloads/JFC Historical Data.csv
2021-05-07,175.000000,177.300000,175.000000,175.700000,374300,manual download: /Users/pickaneym/Downloads/JFC Historical Data.csv
2021-05-10,175.700000,175.800000,175.100000,175.100000,253600,manual download: /Users/pickaneym/Downloads/JFC Historical Data.csv
2021-05-11,175.100000,175.600000,174.400000,175.000000,296770,manual download: /Users/pickaneym/Downloads/JFC Historical Data.csv
2021-05-12,175.000000,175.000000,170.000000,170.400000,1160000,manual download: /Users/pickaneym/Downloads/JFC Historical Data.csv
2021-05-14,170.400000,170.400000,163.300000,168.000000,920640,manual download: /Users/pickaneym/Downloads/JFC Historical Data.csv
2021-05-17,168.100000,168.500000,166.500000,167.200000,558690,manual download: /Users/pickaneym/Downloads/JFC Historical Data.csv
2021-05-18,167.100000,169.000000,167.000000,167.300000,529010,manual download: /Users/pickaneym/Downloads/JFC Historical Data.csv
2021-05-19,170.000000,175.000000,170.000000,175.000000,815740,manual download: /Users/pickaneym/Downloads/JFC Historical Data.csv
2021-05-20,175.400000,177.500000,174.800000,177.000000,676580,manual download: /Users/pickaneym/Downloads/JFC Historical Data.csv
2021-05-21,177.900000,178.100000,177.000000,177.600000,562790,manual download: /Users/pickaneym/Downloads/JFC Historical Data.csv
2021-05-24,177.900000,180.600000,176.400000,179.700000,994700,manual download: /Users/pickaneym/Downloads/JFC Historical Data.csv
2021-05-25,180.000000,180.300000,178.000000,180.200000,801490,manual download: /Users/pickaneym/Downloads/JFC Historical Data.csv
2021-05-26,180.200000,182.400000,179.800000,182.000000,853030,manual download: /Users/pickaneym/Downloads/JFC Historical Data.csv
2021-05-27,182.000000,194.300000,182.000000,194.300000,2450000,manual download: /Users/pickaneym/Downloads/JFC Historical Data.csv
2021-05-28,192.900000,192.900000,188.200000,191.000000,901970,manual download: /Users/pickaneym/Downloads/JFC Historical Data.csv
2021-05-31,191.000000,194.000000,188.900000,192.900000,1570000,manual download: /Users/pickaneym/Downloads/JFC Historical Data.csv
2021-06-01,192.900000,193.200000,188.400000,188.500000,712280,manual download: /Users/pickaneym/Downloads/JFC Historical Data.csv
2021-06-02,188.500000,198.000000,188.500000,194.700000,907450,manual download: /Users/pickaneym/Downloads/JFC Historical Data.csv
2021-06-03,194.200000,195.600000,190.000000,193.800000,295790,manual download: /Users/pickaneym/Downloads/JFC Historical Data.csv
2021-06-04,192.500000,194.700000,192.500000,194.000000,576480,manual download: /Users/pickaneym/Downloads/JFC Historical Data.csv
2021-06-07,194.100000,196.700000,194.000000,196.000000,542080,manual download: /Users/pickaneym/Downloads/JFC Historical Data.csv
2021-06-08,196.100000,198.800000,196.100000,198.500000,557670,manual download: /Users/pickaneym/Downloads/JFC Historical Data.csv
2021-06-09,198.600000,206.000000,198.600000,205.000000,1920000,manual download: /Users/pickaneym/Downloads/JFC Historical Data.csv
2021-06-10,204.000000,204.400000,202.000000,203.600000,661060,manual download: /Users/pickaneym/Downloads/JFC Historical Data.csv
2021-06-11,203.600000,203.600000,202.800000,203.200000,608660,manual download: /Users/pickaneym/Downloads/JFC Historical Data.csv
2021-06-14,203.000000,208.400000,201.800000,207.200000,1040000,manual download: /Users/pickaneym/Downloads/JFC Historical Data.csv
2021-06-15,207.200000,216.600000,206.800000,215.000000,2180000,manual download: /Users/pickaneym/Downloads/JFC Historical Data.csv
2021-06-16,217.000000,223.800000,206.800000,206.800000,1960000,manual download: /Users/pickaneym/Downloads/JFC Historical Data.csv
2021-06-17,206.200000,211.000000,200.000000,202.000000,755470,manual download: /Users/pickaneym/Downloads/JFC Historical Data.csv
2021-06-18,202.000000,206.000000,200.000000,200.600000,894590,manual download: /Users/pickaneym/Downloads/JFC Historical Data.csv
2021-06-21,200.000000,205.000000,197.800000,202.200000,652820,manual download: /Users/pickaneym/Downloads/JFC Historical Data.csv
2021-06-22,202.200000,209.000000,201.600000,206.400000,647710,manual download: /Users/pickaneym/Downloads/JFC Historical Data.csv
2021-06-23,208.400000,212.000000,208.400000,210.400000,453390,manual download: /Users/pickaneym/Downloads/JFC Historical Data.csv
2021-06-24,210.800000,212.000000,209.800000,212.000000,585230,manual download: /Users/pickaneym/Downloads/JFC Historical Data.csv
2021-06-25,211.800000,216.000000,209.200000,216.000000,485600,manual download: /Users/pickaneym/Downloads/JFC Historical Data.csv
2021-06-28,215.600000,215.800000,212.200000,215.600000,337660,manual download: /Users/pickaneym/Downloads/JFC Historical Data.csv
2021-06-29,215.000000,215.000000,212.000000,213.600000,503420,manual download: /Users/pickaneym/Downloads/JFC Historical Data.csv
2021-06-30,213.400000,213.600000,208.800000,213.600000,943470,manual download: /Users/pickaneym/Downloads/JFC Historical Data.csv
2021-07-01,213.600000,217.400000,213.000000,214.000000,624860,manual download: /Users/pickaneym/Downloads/JFC Historical Data.csv
2021-07-02,214.600000,215.400000,211.600000,213.000000,447130,manual download: /Users/pickaneym/Downloads/JFC Historical Data.csv
2021-07-05,213.000000,217.000000,212.800000,216.800000,557230,manual download: /Users/pickaneym/Downloads/JFC Historical Data.csv
2021-07-06,217.000000,217.600000,214.000000,214.000000,368340,manual download: /Users/pickaneym/Downloads/JFC Historical Data.csv
2021-07-07,214.000000,214.000000,209.600000,212.400000,676080,manual download: /Users/pickaneym/Downloads/JFC Historical Data.csv
2021-07-08,212.000000,212.400000,210.200000,210.200000,187480,manual download: /Users/pickaneym/Downloads/JFC Historical Data.csv
2021-07-09,210.000000,210.000000,202.000000,203.000000,1330000,manual download: /Users/pickaneym/Downloads/JFC Historical Data.csv
2021-07-12,203.400000,210.000000,203.400000,209.800000,271390,manual download: /Users/pickaneym/Downloads/JFC Historical Data.csv
2021-07-13,209.800000,209.800000,205.600000,208.800000,294190,manual download: /Users/pickaneym/Downloads/JFC Historical Data.csv
2021-07-14,208.800000,209.600000,206.400000,209.600000,456450,manual download: /Users/pickaneym/Downloads/JFC Historical Data.csv
2021-07-15,209.600000,209.800000,208.800000,209.600000,353250,manual download: /Users/pickaneym/Downloads/JFC Historical Data.csv
2021-07-16,209.400000,212.400000,208.800000,210.000000,1590000,manual download: /Users/pickaneym/Downloads/JFC Historical Data.csv
2021-07-19,209.400000,211.000000,202.600000,210.600000,1060000,manual download: /Users/pickaneym/Downloads/JFC Historical Data.csv
2021-07-21,210.000000,210.000000,201.200000,204.000000,1220000,manual download: /Users/pickaneym/Downloads/JFC Historical Data.csv
2021-07-22,204.000000,207.000000,202.200000,205.000000,411620,manual download: /Users/pickaneym/Downloads/JFC Historical Data.csv
2021-07-23,205.000000,205.000000,197.600000,198.000000,857870,manual download: /Users/pickaneym/Downloads/JFC Historical Data.csv
2021-07-26,198.000000,198.200000,192.000000,193.600000,563030,manual download: /Users/pickaneym/Downloads/JFC Historical Data.csv
2021-07-27,193.800000,199.500000,193.100000,195.700000,422550,manual download: /Users/pickaneym/Downloads/JFC Historical Data.csv
2021-07-28,194.500000,194.500000,188.500000,190.500000,837550,manual download: /Users/pickaneym/Downloads/JFC Historical Data.csv
2021-07-29,190.500000,197.600000,190.300000,197.000000,856590,manual download: /Users/pickaneym/Downloads/JFC Historical Data.csv
2021-07-30,198.000000,198.000000,188.700000,190.000000,818990,manual download: /Users/pickaneym/Downloads/JFC Historical Data.csv
2021-08-02,189.900000,189.900000,185.000000,188.600000,524810,manual download: /Users/pickaneym/Downloads/JFC Historical Data.csv
2021-08-03,188.000000,195.900000,187.800000,195.900000,449730,manual download: /Users/pickaneym/Downloads/JFC Historical Data.csv
2021-08-04,195.900000,195.900000,192.200000,192.500000,312580,manual download: /Users/pickaneym/Downloads/JFC Historical Data.csv
2021-08-05,193.000000,194.900000,189.000000,189.600000,294810,manual download: /Users/pickaneym/Downloads/JFC Historical Data.csv
2021-08-06,189.700000,191.800000,188.500000,188.500000,371600,manual download: /Users/pickaneym/Downloads/JFC Historical Data.csv
2021-08-09,190.200000,195.400000,188.000000,195.000000,304870,manual download: /Users/pickaneym/Downloads/JFC Historical Data.csv
2021-08-10,195.100000,195.500000,192.300000,192.500000,261260,manual download: /Users/pickaneym/Downloads/JFC Historical Data.csv
2021-08-11,194.600000,197.700000,191.600000,191.600000,432260,manual download: /Users/pickaneym/Downloads/JFC Historical Data.csv
2021-08-12,191.500000,195.500000,191.100000,194.000000,267400,manual download: /Users/pickaneym/Downloads/JFC Historical Data.csv
2021-08-13,193.000000,193.000000,182.000000,182.000000,933550,manual download: /Users/pickaneym/Downloads/JFC Historical Data.csv
2021-08-16,186.900000,192.000000,185.200000,187.300000,687030,manual download: /Users/pickaneym/Downloads/JFC Historical Data.csv
2021-08-17,188.000000,194.400000,187.500000,193.000000,553940,manual download: /Users/pickaneym/Downloads/JFC Historical Data.csv
2021-08-18,193.500000,195.000000,193.000000,194.800000,214550,manual download: /Users/pickaneym/Downloads/JFC Historical Data.csv
2021-08-19,195.000000,198.000000,195.000000,198.000000,343160,manual download: /Users/pickaneym/Downloads/JFC Historical Data.csv
2021-08-20,198.400000,199.900000,193.500000,193.500000,243330,manual download: /Users/pickaneym/Downloads/JFC Historical Data.csv
2021-08-23,193.500000,196.800000,193.500000,195.000000,1380000,manual download: /Users/pickaneym/Downloads/JFC Historical Data.csv
2021-08-24,196.500000,199.900000,196.500000,199.900000,320120,manual download: /Users/pickaneym/Downloads/JFC Historical Data.csv
2021-08-25,199.900000,205.000000,198.000000,205.000000,232900,manual download: /Users/pickaneym/Downloads/JFC Historical Data.csv
2021-08-26,205.000000,205.000000,199.400000,199.400000,368880,manual download: /Users/pickaneym/Downloads/JFC Historical Data.csv
2021-08-27,200.000000,200.000000,197.800000,199.600000,271810,manual download: /Users/pickaneym/Downloads/JFC Historical Data.csv
2021-08-31,199.600000,201.800000,192.000000,201.800000,1200000,manual download: /Users/pickaneym/Downloads/JFC Historical Data.csv
2021-09-01,199.000000,200.000000,195.000000,195.000000,388210,manual download: /Users/pickaneym/Downloads/JFC Historical Data.csv
2021-09-02,195.000000,201.800000,195.000000,200.200000,419350,manual download: /Users/pickaneym/Downloads/JFC Historical Data.csv
2021-09-03,200.000000,202.600000,199.500000,200.600000,312380,manual download: /Users/pickaneym/Downloads/JFC Historical Data.csv
2021-09-06,200.800000,208.000000,200.600000,206.000000,727150,manual download: /Users/pickaneym/Downloads/JFC Historical Data.csv
2021-09-07,206.000000,206.000000,200.000000,200.000000,409260,manual download: /Users/pickaneym/Downloads/JFC Historical Data.csv
2021-09-08,201.200000,203.400000,200.000000,200.400000,332730,manual download: /Users/pickaneym/Downloads/JFC Historical Data.csv
2021-09-09,200.600000,202.000000,200.200000,201.800000,141360,manual download: /Users/pickaneym/Downloads/JFC Historical Data.csv
2021-09-10,202.400000,204.600000,200.600000,204.600000,224210,manual download: /Users/pickaneym/Downloads/JFC Historical Data.csv
2021-09-13,204.000000,204.800000,202.400000,204.800000,146440,manual download: /Users/pickaneym/Downloads/JFC Historical Data.csv
2021-09-14,204.800000,206.000000,203.200000,204.200000,534500,manual download: /Users/pickaneym/Downloads/JFC Historical Data.csv
2021-09-15,204.200000,204.200000,199.400000,199.500000,533760,manual download: /Users/pickaneym/Downloads/JFC Historical Data.csv
2021-09-16,200.000000,204.000000,199.900000,204.000000,292520,manual download: /Users/pickaneym/Downloads/JFC Historical Data.csv
2021-09-17,204.000000,204.000000,197.000000,197.000000,1010000,manual download: /Users/pickaneym/Downloads/JFC Historical Data.csv
2021-09-20,198.000000,201.000000,193.100000,194.000000,680020,manual download: /Users/pickaneym/Downloads/JFC Historical Data.csv
2021-09-21,193.000000,194.500000,190.500000,192.100000,444580,manual download: /Users/pickaneym/Downloads/JFC Historical Data.csv
2021-09-22,192.500000,197.000000,192.500000,195.900000,302580,manual download: /Users/pickaneym/Downloads/JFC Historical Data.csv
2021-09-23,197.000000,208.000000,196.000000,203.400000,1840000,manual download: /Users/pickaneym/Downloads/JFC Historical Data.csv
2021-09-24,203.600000,207.000000,201.000000,202.000000,163630,manual download: /Users/pickaneym/Downloads/JFC Historical Data.csv
2021-09-27,202.000000,202.800000,197.200000,197.200000,509270,manual download: /Users/pickaneym/Downloads/JFC Historical Data.csv
2021-09-28,197.500000,200.400000,197.000000,197.000000,480510,manual download: /Users/pickaneym/Downloads/JFC Historical Data.csv
2021-09-29,197.000000,197.000000,194.000000,196.000000,218110,manual download: /Users/pickaneym/Downloads/JFC Historical Data.csv
2021-09-30,197.000000,205.000000,196.200000,205.000000,427190,manual download: /Users/pickaneym/Downloads/JFC Historical Data.csv
2021-10-01,204.800000,204.800000,201.200000,202.000000,495520,manual download: /Users/pickaneym/Downloads/JFC Historical Data.csv
2021-10-04,202.000000,202.000000,198.400000,198.400000,300620,manual download: /Users/pickaneym/Downloads/JFC Historical Data.csv
2021-10-05,198.400000,203.000000,198.200000,203.000000,225630,manual download: /Users/pickaneym/Downloads/JFC Historical Data.csv
2021-10-06,203.000000,206.800000,200.400000,203.200000,730660,manual download: /Users/pickaneym/Downloads/JFC Historical Data.csv
2021-10-07,204.200000,211.800000,204.200000,210.000000,1850000,manual download: /Users/pickaneym/Downloads/JFC Historical Data.csv
2021-10-08,211.200000,214.000000,205.000000,205.000000,920880,manual download: /Users/pickaneym/Downloads/JFC Historical Data.csv
2021-10-11,206.000000,212.400000,205.400000,208.400000,381410,manual download: /Users/pickaneym/Downloads/JFC Historical Data.csv
2021-10-12,210.000000,219.000000,210.000000,217.800000,1400000,manual download: /Users/pickaneym/Downloads/JFC Historical Data.csv
2021-10-13,217.800000,217.800000,215.000000,216.000000,537320,manual download: /Users/pickaneym/Downloads/JFC Historical Data.csv
2021-10-14,219.000000,229.800000,219.000000,229.800000,2670000,manual download: /Users/pickaneym/Downloads/JFC Historical Data.csv
2021-10-15,229.800000,234.800000,226.000000,229.800000,1260000,manual download: /Users/pickaneym/Downloads/JFC Historical Data.csv
2021-10-18,229.800000,231.000000,218.200000,229.400000,767380,manual download: /Users/pickaneym/Downloads/JFC Historical Data.csv
2021-10-19,227.000000,229.000000,224.000000,227.200000,376000,manual download: /Users/pickaneym/Downloads/JFC Historical Data.csv
2021-10-20,228.000000,230.000000,227.000000,228.600000,532410,manual download: /Users/pickaneym/Downloads/JFC Historical Data.csv
2021-10-21,229.200000,231.000000,224.000000,231.000000,696540,manual download: /Users/pickaneym/Downloads/JFC Historical Data.csv
2021-10-22,230.800000,230.800000,224.000000,225.200000,520760,manual download: /Users/pickaneym/Downloads/JFC Historical Data.csv
2021-10-25,225.400000,229.000000,225.200000,227.000000,467900,manual download: /Users/pickaneym/Downloads/JFC Historical Data.csv
2021-10-26,228.000000,235.200000,227.000000,235.200000,1200000,manual download: /Users/pickaneym/Downloads/JFC Historical Data.csv
2021-10-27,236.200000,244.200000,236.200000,244.200000,1380000,manual download: /Users/pickaneym/Downloads/JFC Historical Data.csv
2021-10-28,244.200000,244.600000,240.000000,241.200000,642370,manual download: /Users/pickaneym/Downloads/JFC Historical Data.csv
2021-10-29,240.400000,241.200000,234.000000,235.200000,759740,manual download: /Users/pickaneym/Downloads/JFC Historical Data.csv
2021-11-02,240.400000,241.200000,229.000000,229.000000,2080000,manual download: /Users/pickaneym/Downloads/JFC Historical Data.csv
2021-11-03,230.000000,236.000000,230.000000,232.000000,1130000,manual download: /Users/pickaneym/Downloads/JFC Historical Data.csv
2021-11-04,232.600000,238.600000,231.200000,238.000000,436000,manual download: /Users/pickaneym/Downloads/JFC Historical Data.csv
2021-11-05,238.200000,244.200000,238.000000,244.000000,791800,manual download: /Users/pickaneym/Downloads/JFC Historical Data.csv
2021-11-08,244.000000,248.800000,243.800000,248.600000,701860,manual download: /Users/pickaneym/Downloads/JFC Historical Data.csv
2021-11-09,248.800000,259.800000,248.600000,259.800000,1520000,manual download: /Users/pickaneym/Downloads/JFC Historical Data.csv
2021-11-10,259.600000,259.600000,252.800000,254.000000,738360,manual download: /Users/pickaneym/Downloads/JFC Historical Data.csv
2021-11-11,253.000000,253.600000,248.600000,253.600000,431220,manual download: /Users/pickaneym/Downloads/JFC Historical Data.csv
2021-11-12,253.400000,253.400000,249.000000,253.000000,297440,manual download: /Users/pickaneym/Downloads/JFC Historical Data.csv
2021-11-15,251.000000,252.000000,249.000000,249.600000,415140,manual download: /Users/pickaneym/Downloads/JFC Historical Data.csv
2021-11-16,249.600000,249.800000,243.200000,245.200000,642380,manual download: /Users/pickaneym/Downloads/JFC Historical Data.csv
2021-11-17,245.200000,246.400000,243.200000,245.800000,649960,manual download: /Users/pickaneym/Downloads/JFC Historical Data.csv
2021-11-18,245.000000,249.400000,244.400000,249.200000,918360,manual download: /Users/pickaneym/Downloads/JFC Historical Data.csv
2021-11-19,249.800000,250.800000,247.200000,249.000000,320470,manual download: /Users/pickaneym/Downloads/JFC Historical Data.csv
2021-11-22,248.800000,248.800000,244.000000,245.000000,475760,manual download: /Users/pickaneym/Downloads/JFC Historical Data.csv
2021-11-23,244.800000,245.600000,242.000000,244.600000,796870,manual download: /Users/pickaneym/Downloads/JFC Historical Data.csv
2021-11-24,244.600000,251.000000,243.200000,248.000000,615080,manual download: /Users/pickaneym/Downloads/JFC Historical Data.csv
2021-11-25,246.000000,246.600000,244.000000,245.400000,505870,manual download: /Users/pickaneym/Downloads/JFC Historical Data.csv
2021-11-26,244.600000,244.800000,241.400000,243.800000,357870,manual download: /Users/pickaneym/Downloads/JFC Historical Data.csv
2021-11-29,233.000000,240.000000,225.000000,235.000000,1630000,manual download: /Users/pickaneym/Downloads/JFC Historical Data.csv
2021-12-01,236.000000,238.000000,218.800000,221.200000,2330000,manual download: /Users/pickaneym/Downloads/JFC Historical Data.csv
2021-12-02,222.000000,227.000000,219.000000,224.200000,1490000,manual download: /Users/pickaneym/Downloads/JFC Historical Data.csv
2021-12-03,225.000000,231.000000,223.000000,223.000000,869250,manual download: /Users/pickaneym/Downloads/JFC Historical Data.csv
2021-12-06,223.200000,231.800000,223.200000,227.000000,803350,manual download: /Users/pickaneym/Downloads/JFC Historical Data.csv
2021-12-07,229.600000,232.000000,228.600000,232.000000,345810,manual download: /Users/pickaneym/Downloads/JFC Historical Data.csv
2021-12-09,232.000000,239.400000,229.000000,239.400000,532780,manual download: /Users/pickaneym/Downloads/JFC Historical Data.csv
2021-12-10,238.800000,238.800000,232.600000,233.200000,428280,manual download: /Users/pickaneym/Downloads/JFC Historical Data.csv
2021-12-13,233.000000,234.800000,226.000000,227.800000,593520,manual download: /Users/pickaneym/Downloads/JFC Historical Data.csv
2021-12-14,227.800000,230.000000,227.600000,228.000000,719880,manual download: /Users/pickaneym/Downloads/JFC Historical Data.csv
2021-12-15,227.600000,228.800000,223.000000,223.000000,711140,manual download: /Users/pickaneym/Downloads/JFC Historical Data.csv
2021-12-16,223.600000,228.000000,222.800000,223.000000,1420000,manual download: /Users/pickaneym/Downloads/JFC Historical Data.csv
2021-12-17,228.400000,228.400000,223.000000,224.000000,767940,manual download: /Users/pickaneym/Downloads/JFC Historical Data.csv
2021-12-20,224.000000,224.200000,213.200000,214.000000,2110000,manual download: /Users/pickaneym/Downloads/JFC Historical Data.csv
2021-12-21,215.000000,215.000000,208.800000,208.800000,2400000,manual download: /Users/pickaneym/Downloads/JFC Historical Data.csv
2021-12-22,209.200000,219.000000,209.200000,219.000000,903830,manual download: /Users/pickaneym/Downloads/JFC Historical Data.csv
2021-12-23,219.000000,224.000000,219.000000,221.800000,241170,manual download: /Users/pickaneym/Downloads/JFC Historical Data.csv
2021-12-24,222.000000,224.800000,219.000000,219.000000,105000,manual download: /Users/pickaneym/Downloads/JFC Historical Data.csv
2021-12-27,219.000000,221.400000,216.800000,217.600000,234540,manual download: /Users/pickaneym/Downloads/JFC Historical Data.csv
2021-12-28,218.000000,221.000000,216.800000,216.800000,260670,manual download: /Users/pickaneym/Downloads/JFC Historical Data.csv
2021-12-29,218.000000,223.800000,217.000000,223.000000,372400,manual download: /Users/pickaneym/Downloads/JFC Historical Data.csv
2021-12-31,222.600000,222.800000,216.400000,216.400000,621950,manual download: /Users/pickaneym/Downloads/JFC Historical Data.csv
2022-01-03,216.000000,221.600000,213.400000,215.000000,398630,manual download: /Users/pickaneym/Downloads/JFC Historical Data.csv
2022-01-05,215.000000,219.800000,212.800000,218.400000,474900,manual download: /Users/pickaneym/Downloads/JFC Historical Data.csv
2022-01-06,217.400000,218.800000,215.000000,216.800000,174670,manual download: /Users/pickaneym/Downloads/JFC Historical Data.csv
2022-01-07,216.000000,216.000000,212.000000,215.000000,396440,manual download: /Users/pickaneym/Downloads/JFC Historical Data.csv
2022-01-10,214.000000,222.800000,214.000000,222.800000,849060,manual download: /Users/pickaneym/Downloads/JFC Historical Data.csv
2022-01-11,222.000000,222.800000,216.000000,220.400000,692030,manual download: /Users/pickaneym/Downloads/JFC Historical Data.csv
2022-01-12,221.000000,224.400000,220.000000,223.200000,493280,manual download: /Users/pickaneym/Downloads/JFC Historical Data.csv
2022-01-13,222.000000,230.800000,221.800000,230.600000,1100000,manual download: /Users/pickaneym/Downloads/JFC Historical Data.csv
2022-01-14,229.000000,231.000000,226.000000,229.000000,378250,manual download: /Users/pickaneym/Downloads/JFC Historical Data.csv
2022-01-17,229.000000,229.000000,225.000000,225.000000,221500,manual download: /Users/pickaneym/Downloads/JFC Historical Data.csv
2022-01-18,225.000000,231.000000,225.000000,230.000000,434710,manual download: /Users/pickaneym/Downloads/JFC Historical Data.csv
2022-01-19,228.800000,230.400000,225.400000,230.400000,465290,manual download: /Users/pickaneym/Downloads/JFC Historical Data.csv
2022-01-20,230.000000,230.000000,228.000000,229.000000,205180,manual download: /Users/pickaneym/Downloads/JFC Historical Data.csv
2022-01-21,227.000000,231.600000,223.200000,230.400000,516520,manual download: /Users/pickaneym/Downloads/JFC Historical Data.csv
2022-01-24,228.000000,229.000000,226.200000,229.000000,273910,manual download: /Users/pickaneym/Downloads/JFC Historical Data.csv
2022-01-25,229.000000,233.000000,228.200000,232.800000,554180,manual download: /Users/pickaneym/Downloads/JFC Historical Data.csv
2022-01-26,232.000000,232.200000,227.000000,232.000000,564050,manual download: /Users/pickaneym/Downloads/JFC Historical Data.csv
2022-01-27,231.600000,232.000000,228.200000,232.000000,169430,manual download: /Users/pickaneym/Downloads/JFC Historical Data.csv
2022-01-28,231.000000,236.600000,230.200000,236.600000,693640,manual download: /Users/pickaneym/Downloads/JFC Historical Data.csv
2022-01-31,236.600000,240.000000,236.000000,240.000000,545400,manual download: /Users/pickaneym/Downloads/JFC Historical Data.csv
2022-02-02,239.800000,245.000000,239.400000,244.400000,691720,manual download: /Users/pickaneym/Downloads/JFC Historical Data.csv
2022-02-03,244.400000,244.400000,235.000000,235.000000,299260,manual download: /Users/pickaneym/Downloads/JFC Historical Data.csv
2022-02-04,235.400000,237.600000,230.600000,237.600000,421830,manual download: /Users/pickaneym/Downloads/JFC Historical Data.csv
2022-02-07,237.600000,237.600000,234.000000,236.000000,212550,manual download: /Users/pickaneym/Downloads/JFC Historical Data.csv
2022-02-08,236.000000,240.800000,235.200000,240.000000,363960,manual download: /Users/pickaneym/Downloads/JFC Historical Data.csv
2022-02-09,241.000000,241.600000,239.000000,241.600000,569570,manual download: /Users/pickaneym/Downloads/JFC Historical Data.csv
2022-02-10,242.800000,244.000000,239.200000,244.000000,959820,manual download: /Users/pickaneym/Downloads/JFC Historical Data.csv
2022-02-11,244.600000,245.000000,238.000000,240.000000,1220000,manual download: /Users/pickaneym/Downloads/JFC Historical Data.csv
2022-02-14,240.000000,249.000000,240.000000,249.000000,1390000,manual download: /Users/pickaneym/Downloads/JFC Historical Data.csv
2022-02-15,247.200000,249.000000,246.000000,248.800000,483040,manual download: /Users/pickaneym/Downloads/JFC Historical Data.csv
2022-02-16,249.000000,251.000000,247.200000,251.000000,828450,manual download: /Users/pickaneym/Downloads/JFC Historical Data.csv
2022-02-17,250.000000,252.000000,249.400000,252.000000,466560,manual download: /Users/pickaneym/Downloads/JFC Historical Data.csv
2022-02-18,251.000000,251.400000,245.400000,247.000000,530290,manual download: /Users/pickaneym/Downloads/JFC Historical Data.csv
2022-02-21,247.200000,248.000000,241.200000,248.000000,404200,manual download: /Users/pickaneym/Downloads/JFC Historical Data.csv
2022-02-22,244.400000,250.000000,243.800000,249.800000,445530,manual download: /Users/pickaneym/Downloads/JFC Historical Data.csv
2022-02-23,247.000000,249.000000,244.200000,246.200000,482730,manual download: /Users/pickaneym/Downloads/JFC Historical Data.csv
2022-02-24,246.200000,246.800000,234.000000,236.000000,989690,manual download: /Users/pickaneym/Downloads/JFC Historical Data.csv
2022-02-28,236.000000,245.000000,236.000000,241.000000,1150000,manual download: /Users/pickaneym/Downloads/JFC Historical Data.csv
2022-03-01,241.400000,245.000000,240.000000,240.000000,331970,manual download: /Users/pickaneym/Downloads/JFC Historical Data.csv
2022-03-02,240.000000,242.000000,238.600000,238.800000,321780,manual download: /Users/pickaneym/Downloads/JFC Historical Data.csv
2022-03-03,238.800000,243.400000,238.600000,242.800000,274550,manual download: /Users/pickaneym/Downloads/JFC Historical Data.csv
2022-03-04,243.000000,243.600000,239.200000,241.000000,602070,manual download: /Users/pickaneym/Downloads/JFC Historical Data.csv
2022-03-07,241.000000,241.000000,231.200000,238.000000,514950,manual download: /Users/pickaneym/Downloads/JFC Historical Data.csv
2022-03-08,237.000000,237.600000,222.600000,222.600000,1090000,manual download: /Users/pickaneym/Downloads/JFC Historical Data.csv
2022-03-09,222.600000,234.800000,222.400000,230.800000,766890,manual download: /Users/pickaneym/Downloads/JFC Historical Data.csv
2022-03-10,236.000000,240.000000,233.000000,239.800000,719250,manual download: /Users/pickaneym/Downloads/JFC Historical Data.csv
2022-03-11,239.800000,239.800000,230.000000,230.000000,791650,manual download: /Users/pickaneym/Downloads/JFC Historical Data.csv
2022-03-14,230.000000,231.800000,216.800000,218.400000,1140000,manual download: /Users/pickaneym/Downloads/JFC Historical Data.csv
2022-03-15,218.400000,229.400000,211.000000,228.000000,1250000,manual download: /Users/pickaneym/Downloads/JFC Historical Data.csv
2022-03-16,228.000000,228.200000,223.600000,227.000000,992640,manual download: /Users/pickaneym/Downloads/JFC Historical Data.csv
2022-03-17,228.200000,229.400000,224.800000,225.000000,643910,manual download: /Users/pickaneym/Downloads/JFC Historical Data.csv
2022-03-18,225.000000,225.600000,216.000000,216.000000,1670000,manual download: /Users/pickaneym/Downloads/JFC Historical Data.csv
2022-03-21,218.200000,219.200000,212.000000,212.000000,822950,manual download: /Users/pickaneym/Downloads/JFC Historical Data.csv
2022-03-22,213.000000,214.200000,202.200000,205.000000,1940000,manual download: /Users/pickaneym/Downloads/JFC Historical Data.csv
2022-03-23,205.600000,212.200000,205.600000,210.400000,824150,manual download: /Users/pickaneym/Downloads/JFC Historical Data.csv
2022-03-24,211.000000,213.600000,210.400000,213.000000,1050000,manual download: /Users/pickaneym/Downloads/JFC Historical Data.csv
2022-03-25,214.000000,216.000000,212.200000,214.000000,333260,manual download: /Users/pickaneym/Downloads/JFC Historical Data.csv
2022-03-28,214.200000,220.000000,214.200000,219.800000,354140,manual download: /Users/pickaneym/Downloads/JFC Historical Data.csv
2022-03-29,219.800000,220.600000,214.000000,220.600000,425050,manual download: /Users/pickaneym/Downloads/JFC Historical Data.csv
2022-03-30,221.000000,224.000000,220.400000,224.000000,363720,manual download: /Users/pickaneym/Downloads/JFC Historical Data.csv
2022-03-31,224.000000,227.800000,223.000000,225.000000,849090,manual download: /Users/pickaneym/Downloads/JFC Historical Data.csv
2022-04-01,225.000000,225.000000,221.000000,222.000000,465950,manual download: /Users/pickaneym/Downloads/JFC Historical Data.csv
2022-04-04,222.000000,228.600000,222.000000,228.000000,385320,manual download: /Users/pickaneym/Downloads/JFC Historical Data.csv
2022-04-05,228.000000,229.800000,225.000000,229.800000,437810,manual download: /Users/pickaneym/Downloads/JFC Historical Data.csv
2022-04-06,229.800000,231.600000,225.000000,231.600000,565420,manual download: /Users/pickaneym/Downloads/JFC Historical Data.csv
2022-04-07,231.400000,231.400000,220.000000,220.000000,496560,manual download: /Users/pickaneym/Downloads/JFC Historical Data.csv
2022-04-08,220.600000,224.600000,219.400000,219.400000,349220,manual download: /Users/pickaneym/Downloads/JFC Historical Data.csv
2022-04-11,219.800000,221.600000,219.000000,219.000000,331880,manual download: /Users/pickaneym/Downloads/JFC Historical Data.csv
2022-04-12,219.000000,223.000000,215.400000,216.400000,647970,manual download: /Users/pickaneym/Downloads/JFC Historical Data.csv
2022-04-13,216.400000,221.400000,216.400000,219.000000,190610,manual download: /Users/pickaneym/Downloads/JFC Historical Data.csv
2022-04-18,220.000000,221.000000,219.000000,220.400000,176240,manual download: /Users/pickaneym/Downloads/JFC Historical Data.csv
2022-04-19,220.400000,228.000000,220.000000,228.000000,286350,manual download: /Users/pickaneym/Downloads/JFC Historical Data.csv
2022-04-20,229.000000,230.000000,227.800000,229.600000,302040,manual download: /Users/pickaneym/Downloads/JFC Historical Data.csv
2022-04-21,230.000000,230.000000,223.400000,224.000000,349100,manual download: /Users/pickaneym/Downloads/JFC Historical Data.csv
2022-04-22,224.000000,224.000000,218.600000,219.800000,825920,manual download: /Users/pickaneym/Downloads/JFC Historical Data.csv
2022-04-25,219.800000,219.800000,216.000000,217.600000,559400,manual download: /Users/pickaneym/Downloads/JFC Historical Data.csv
2022-04-26,217.600000,222.000000,217.000000,220.200000,498540,manual download: /Users/pickaneym/Downloads/JFC Historical Data.csv
2022-04-27,219.000000,220.000000,215.800000,218.800000,401650,manual download: /Users/pickaneym/Downloads/JFC Historical Data.csv
2022-04-28,218.000000,221.800000,216.600000,220.800000,355200,manual download: /Users/pickaneym/Downloads/JFC Historical Data.csv
2022-04-29,220.800000,222.000000,215.000000,215.000000,504060,manual download: /Users/pickaneym/Downloads/JFC Historical Data.csv
2022-05-02,215.000000,222.600000,214.200000,220.000000,468060,manual download: /Users/pickaneym/Downloads/JFC Historical Data.csv
2022-05-04,220.000000,222.000000,216.000000,222.000000,269290,manual download: /Users/pickaneym/Downloads/JFC Historical Data.csv
2022-05-05,221.800000,226.000000,220.000000,224.000000,400330,manual download: /Users/pickaneym/Downloads/JFC Historical Data.csv
2022-05-06,222.800000,222.800000,217.000000,217.400000,343670,manual download: /Users/pickaneym/Downloads/JFC Historical Data.csv
2022-05-10,214.800000,217.000000,203.000000,215.200000,949080,manual download: /Users/pickaneym/Downloads/JFC Historical Data.csv
2022-05-11,215.200000,224.000000,212.400000,217.200000,522760,manual download: /Users/pickaneym/Downloads/JFC Historical Data.csv
2022-05-12,219.200000,220.000000,210.000000,210.200000,726510,manual download: /Users/pickaneym/Downloads/JFC Historical Data.csv
2022-05-13,211.200000,217.000000,210.000000,210.000000,754370,manual download: /Users/pickaneym/Downloads/JFC Historical Data.csv
2022-05-16,210.200000,215.000000,210.000000,210.000000,336680,manual download: /Users/pickaneym/Downloads/JFC Historical Data.csv
2022-05-17,210.000000,210.600000,203.200000,207.000000,895610,manual download: /Users/pickaneym/Downloads/JFC Historical Data.csv
2022-05-18,207.200000,213.200000,207.000000,212.200000,1000000,manual download: /Users/pickaneym/Downloads/JFC Historical Data.csv
2022-05-19,213.400000,213.400000,208.000000,210.000000,649610,manual download: /Users/pickaneym/Downloads/JFC Historical Data.csv
2022-05-20,210.000000,214.000000,210.000000,212.400000,510500,manual download: /Users/pickaneym/Downloads/JFC Historical Data.csv
2022-05-23,212.400000,214.600000,210.000000,210.000000,409300,manual download: /Users/pickaneym/Downloads/JFC Historical Data.csv
2022-05-24,210.000000,210.000000,207.400000,208.000000,249870,manual download: /Users/pickaneym/Downloads/JFC Historical Data.csv
2022-05-25,208.000000,211.400000,207.600000,210.400000,300510,manual download: /Users/pickaneym/Downloads/JFC Historical Data.csv
2022-05-26,210.400000,213.000000,210.000000,213.000000,1200000,manual download: /Users/pickaneym/Downloads/JFC Historical Data.csv
2022-05-27,214.000000,216.000000,212.000000,213.000000,798060,manual download: /Users/pickaneym/Downloads/JFC Historical Data.csv
2022-05-30,213.000000,213.000000,209.600000,210.600000,916630,manual download: /Users/pickaneym/Downloads/JFC Historical Data.csv
2022-05-31,210.600000,210.600000,208.600000,209.400000,2610000,manual download: /Users/pickaneym/Downloads/JFC Historical Data.csv
2022-06-01,209.600000,210.000000,208.400000,208.600000,564920,manual download: /Users/pickaneym/Downloads/JFC Historical Data.csv
2022-06-02,208.600000,210.600000,207.400000,208.000000,369030,manual download: /Users/pickaneym/Downloads/JFC Historical Data.csv
2022-06-03,208.000000,208.000000,205.800000,206.400000,610490,manual download: /Users/pickaneym/Downloads/JFC Historical Data.csv
2022-06-06,206.400000,207.600000,200.400000,201.200000,1120000,manual download: /Users/pickaneym/Downloads/JFC Historical Data.csv
2022-06-07,201.200000,205.800000,201.200000,203.000000,450560,manual download: /Users/pickaneym/Downloads/JFC Historical Data.csv
2022-06-08,204.000000,210.200000,202.600000,210.200000,575810,manual download: /Users/pickaneym/Downloads/JFC Historical Data.csv
2022-06-09,209.600000,209.600000,206.000000,209.000000,313030,manual download: /Users/pickaneym/Downloads/JFC Historical Data.csv
2022-06-10,208.600000,208.600000,201.000000,201.000000,597540,manual download: /Users/pickaneym/Downloads/JFC Historical Data.csv
2022-06-13,202.000000,203.200000,197.400000,200.600000,696690,manual download: /Users/pickaneym/Downloads/JFC Historical Data.csv
2022-06-14,199.800000,200.000000,196.800000,199.500000,372010,manual download: /Users/pickaneym/Downloads/JFC Historical Data.csv
2022-06-15,199.500000,203.600000,199.000000,199.000000,540080,manual download: /Users/pickaneym/Downloads/JFC Historical Data.csv
2022-06-16,199.000000,202.600000,197.000000,200.200000,325760,manual download: /Users/pickaneym/Downloads/JFC Historical Data.csv
2022-06-17,198.200000,198.200000,192.000000,192.000000,852320,manual download: /Users/pickaneym/Downloads/JFC Historical Data.csv
2022-06-20,195.000000,196.000000,192.000000,196.000000,409950,manual download: /Users/pickaneym/Downloads/JFC Historical Data.csv
2022-06-21,197.000000,198.800000,194.500000,196.800000,487410,manual download: /Users/pickaneym/Downloads/JFC Historical Data.csv
2022-06-22,196.900000,197.900000,195.000000,195.000000,467360,manual download: /Users/pickaneym/Downloads/JFC Historical Data.csv
2022-06-23,195.000000,195.600000,192.600000,193.000000,368490,manual download: /Users/pickaneym/Downloads/JFC Historical Data.csv
2022-06-24,193.000000,200.000000,192.900000,200.000000,521900,manual download: /Users/pickaneym/Downloads/JFC Historical Data.csv
2022-06-27,200.000000,202.000000,200.000000,200.000000,385980,manual download: /Users/pickaneym/Downloads/JFC Historical Data.csv
2022-06-28,200.800000,201.000000,198.500000,200.000000,621470,manual download: /Users/pickaneym/Downloads/JFC Historical Data.csv
2022-06-29,200.800000,203.000000,200.800000,202.000000,631010,manual download: /Users/pickaneym/Downloads/JFC Historical Data.csv
2022-06-30,202.400000,204.000000,199.000000,203.600000,506630,manual download: /Users/pickaneym/Downloads/JFC Historical Data.csv
2022-07-01,203.600000,205.000000,200.000000,205.000000,696040,manual download: /Users/pickaneym/Downloads/JFC Historical Data.csv
2022-07-04,205.000000,205.000000,201.000000,203.200000,551770,manual download: /Users/pickaneym/Downloads/JFC Historical Data.csv
2022-07-05,203.000000,203.000000,200.200000,200.800000,184470,manual download: /Users/pickaneym/Downloads/JFC Historical Data.csv
2022-07-06,201.200000,207.800000,201.200000,207.000000,416660,manual download: /Users/pickaneym/Downloads/JFC Historical Data.csv
2022-07-07,208.000000,210.600000,202.200000,205.000000,428740,manual download: /Users/pickaneym/Downloads/JFC Historical Data.csv
2022-07-08,205.200000,217.000000,205.000000,217.000000,646240,manual download: /Users/pickaneym/Downloads/JFC Historical Data.csv
2022-07-11,216.800000,216.800000,210.800000,214.000000,248710,manual download: /Users/pickaneym/Downloads/JFC Historical Data.csv
2022-07-12,214.000000,214.000000,211.800000,212.400000,172230,manual download: /Users/pickaneym/Downloads/JFC Historical Data.csv
2022-07-13,213.000000,214.600000,207.000000,212.600000,390490,manual download: /Users/pickaneym/Downloads/JFC Historical Data.csv
2022-07-14,212.000000,212.800000,210.400000,212.800000,298740,manual download: /Users/pickaneym/Downloads/JFC Historical Data.csv
2022-07-15,212.000000,216.000000,209.000000,216.000000,282760,manual download: /Users/pickaneym/Downloads/JFC Historical Data.csv
2022-07-18,213.800000,213.800000,211.000000,212.400000,178520,manual download: /Users/pickaneym/Downloads/JFC Historical Data.csv
2022-07-19,212.400000,212.400000,209.600000,210.200000,254010,manual download: /Users/pickaneym/Downloads/JFC Historical Data.csv
2022-07-20,210.400000,214.000000,210.400000,212.800000,348270,manual download: /Users/pickaneym/Downloads/JFC Historical Data.csv
2022-07-21,213.000000,215.800000,210.000000,214.000000,299680,manual download: /Users/pickaneym/Downloads/JFC Historical Data.csv
2022-07-22,214.000000,214.000000,210.000000,210.600000,134000,manual download: /Users/pickaneym/Downloads/JFC Historical Data.csv
2022-07-25,210.600000,210.600000,206.600000,207.200000,155210,manual download: /Users/pickaneym/Downloads/JFC Historical Data.csv
2022-07-26,207.200000,207.200000,205.000000,206.200000,345020,manual download: /Users/pickaneym/Downloads/JFC Historical Data.csv
2022-07-27,205.400000,206.000000,201.200000,203.800000,363490,manual download: /Users/pickaneym/Downloads/JFC Historical Data.csv
2022-07-28,205.800000,208.400000,205.400000,207.000000,339070,manual download: /Users/pickaneym/Downloads/JFC Historical Data.csv
2022-07-29,207.000000,207.000000,199.300000,201.200000,593940,manual download: /Users/pickaneym/Downloads/JFC Historical Data.csv
2022-08-01,202.000000,209.000000,202.000000,205.400000,488740,manual download: /Users/pickaneym/Downloads/JFC Historical Data.csv
2022-08-02,205.400000,207.400000,204.800000,205.000000,322110,manual download: /Users/pickaneym/Downloads/JFC Historical Data.csv
2022-08-03,205.800000,211.000000,205.200000,211.000000,381510,manual download: /Users/pickaneym/Downloads/JFC Historical Data.csv
2022-08-04,210.000000,212.800000,207.800000,212.400000,290990,manual download: /Users/pickaneym/Downloads/JFC Historical Data.csv
2022-08-05,212.000000,216.400000,212.000000,214.800000,963460,manual download: /Users/pickaneym/Downloads/JFC Historical Data.csv
2022-08-08,215.000000,216.000000,212.800000,214.800000,448750,manual download: /Users/pickaneym/Downloads/JFC Historical Data.csv
2022-08-09,215.000000,219.000000,214.800000,219.000000,449310,manual download: /Users/pickaneym/Downloads/JFC Historical Data.csv
2022-08-10,218.800000,218.800000,216.400000,218.000000,212720,manual download: /Users/pickaneym/Downloads/JFC Historical Data.csv
2022-08-11,216.800000,233.000000,216.800000,233.000000,1610000,manual download: /Users/pickaneym/Downloads/JFC Historical Data.csv
2022-08-12,231.200000,235.000000,227.000000,232.000000,562250,manual download: /Users/pickaneym/Downloads/JFC Historical Data.csv
2022-08-15,231.200000,233.600000,230.000000,233.200000,729120,manual download: /Users/pickaneym/Downloads/JFC Historical Data.csv
2022-08-16,233.000000,237.400000,231.400000,237.400000,673470,manual download: /Users/pickaneym/Downloads/JFC Historical Data.csv
2022-08-17,235.000000,235.000000,227.000000,227.000000,709300,manual download: /Users/pickaneym/Downloads/JFC Historical Data.csv
2022-08-18,227.000000,233.600000,227.000000,233.600000,440880,manual download: /Users/pickaneym/Downloads/JFC Historical Data.csv
2022-08-19,233.600000,234.800000,228.000000,228.000000,371680,manual download: /Users/pickaneym/Downloads/JFC Historical Data.csv
2022-08-22,230.000000,236.800000,230.000000,233.000000,466880,manual download: /Users/pickaneym/Downloads/JFC Historical Data.csv
2022-08-23,233.000000,233.400000,225.400000,231.000000,468030,manual download: /Users/pickaneym/Downloads/JFC Historical Data.csv
2022-08-24,231.000000,234.800000,229.000000,231.000000,473880,manual download: /Users/pickaneym/Downloads/JFC Historical Data.csv
2022-08-25,233.800000,237.800000,232.400000,234.000000,486530,manual download: /Users/pickaneym/Downloads/JFC Historical Data.csv
2022-08-26,234.000000,237.000000,229.200000,237.000000,638470,manual download: /Users/pickaneym/Downloads/JFC Historical Data.csv
2022-08-30,233.000000,240.000000,233.000000,240.000000,684810,manual download: /Users/pickaneym/Downloads/JFC Historical Data.csv
2022-08-31,240.000000,240.000000,237.800000,239.600000,412670,manual download: /Users/pickaneym/Downloads/JFC Historical Data.csv
2022-09-01,239.600000,239.800000,236.400000,239.800000,270890,manual download: /Users/pickaneym/Downloads/JFC Historical Data.csv
2022-09-02,240.000000,246.000000,240.000000,245.800000,1280000,manual download: /Users/pickaneym/Downloads/JFC Historical Data.csv
2022-09-05,247.000000,249.400000,247.000000,248.800000,993360,manual download: /Users/pickaneym/Downloads/JFC Historical Data.csv
2022-09-06,248.800000,248.800000,246.000000,247.600000,464320,manual download: /Users/pickaneym/Downloads/JFC Historical Data.csv
2022-09-07,247.600000,247.600000,244.000000,244.400000,1000000,manual download: /Users/pickaneym/Downloads/JFC Historical Data.csv
2022-09-08,244.000000,249.200000,243.600000,247.800000,697070,manual download: /Users/pickaneym/Downloads/JFC Historical Data.csv
2022-09-09,247.800000,247.800000,245.200000,246.000000,134100,manual download: /Users/pickaneym/Downloads/JFC Historical Data.csv
2022-09-12,246.000000,246.800000,245.200000,246.400000,329580,manual download: /Users/pickaneym/Downloads/JFC Historical Data.csv
2022-09-13,245.200000,247.000000,241.000000,247.000000,189920,manual download: /Users/pickaneym/Downloads/JFC Historical Data.csv
2022-09-14,243.200000,244.800000,241.200000,244.800000,264570,manual download: /Users/pickaneym/Downloads/JFC Historical Data.csv
2022-09-15,242.600000,247.400000,242.000000,247.400000,1060000,manual download: /Users/pickaneym/Downloads/JFC Historical Data.csv
2022-09-16,246.800000,250.000000,243.000000,250.000000,920200,manual download: /Users/pickaneym/Downloads/JFC Historical Data.csv
2022-09-19,250.000000,250.000000,242.000000,242.000000,470650,manual download: /Users/pickaneym/Downloads/JFC Historical Data.csv
2022-09-20,246.000000,246.000000,243.000000,244.000000,567380,manual download: /Users/pickaneym/Downloads/JFC Historical Data.csv
2022-09-21,244.000000,244.000000,237.200000,238.000000,1070000,manual download: /Users/pickaneym/Downloads/JFC Historical Data.csv
2022-09-22,237.000000,237.000000,234.600000,237.000000,788570,manual download: /Users/pickaneym/Downloads/JFC Historical Data.csv
2022-09-23,237.000000,237.000000,235.000000,236.000000,551590,manual download: /Users/pickaneym/Downloads/JFC Historical Data.csv
2022-09-26,237.000000,237.000000,235.000000,236.000000,551590,manual download: /Users/pickaneym/Downloads/JFC Historical Data.csv
2022-09-27,235.000000,235.000000,228.000000,229.000000,801240,manual download: /Users/pickaneym/Downloads/JFC Historical Data.csv
2022-09-28,229.000000,229.000000,224.000000,228.400000,651350,manual download: /Users/pickaneym/Downloads/JFC Historical Data.csv
2022-09-29,229.000000,235.000000,229.000000,234.000000,898830,manual download: /Users/pickaneym/Downloads/JFC Historical Data.csv
2022-09-30,233.000000,233.000000,228.000000,229.000000,593840,manual download: /Users/pickaneym/Downloads/JFC Historical Data.csv
2022-10-03,233.200000,234.600000,230.400000,234.200000,619300,manual download: /Users/pickaneym/Downloads/JFC Historical Data.csv
2022-10-04,236.000000,241.000000,236.000000,240.000000,698150,manual download: /Users/pickaneym/Downloads/JFC Historical Data.csv
2022-10-05,240.600000,242.000000,236.400000,238.000000,1100000,manual download: /Users/pickaneym/Downloads/JFC Historical Data.csv
2022-10-06,236.600000,240.000000,232.200000,234.800000,497420,manual download: /Users/pickaneym/Downloads/JFC Historical Data.csv
2022-10-07,235.000000,238.000000,231.000000,231.000000,791050,manual download: /Users/pickaneym/Downloads/JFC Historical Data.csv
2022-10-10,231.000000,234.400000,228.000000,228.000000,248740,manual download: /Users/pickaneym/Downloads/JFC Historical Data.csv
2022-10-11,227.000000,236.000000,227.000000,233.000000,610070,manual download: /Users/pickaneym/Downloads/JFC Historical Data.csv
2022-10-12,233.000000,233.000000,230.400000,233.000000,1120000,manual download: /Users/pickaneym/Downloads/JFC Historical Data.csv
2022-10-13,233.000000,233.000000,230.000000,231.600000,574650,manual download: /Users/pickaneym/Downloads/JFC Historical Data.csv
2022-10-14,232.000000,233.000000,230.400000,231.000000,317670,manual download: /Users/pickaneym/Downloads/JFC Historical Data.csv
2022-10-17,230.000000,235.000000,230.000000,232.000000,469000,manual download: /Users/pickaneym/Downloads/JFC Historical Data.csv
2022-10-18,234.000000,235.000000,232.000000,232.600000,429840,manual download: /Users/pickaneym/Downloads/JFC Historical Data.csv
2022-10-19,232.400000,239.000000,231.000000,235.000000,570590,manual download: /Users/pickaneym/Downloads/JFC Historical Data.csv
2022-10-20,234.600000,237.000000,228.000000,230.400000,650360,manual download: /Users/pickaneym/Downloads/JFC Historical Data.csv
2022-10-21,230.400000,232.200000,225.000000,225.400000,511650,manual download: /Users/pickaneym/Downloads/JFC Historical Data.csv
2022-10-24,229.000000,230.600000,224.800000,224.800000,653560,manual download: /Users/pickaneym/Downloads/JFC Historical Data.csv
2022-10-25,224.600000,227.000000,224.200000,225.200000,438150,manual download: /Users/pickaneym/Downloads/JFC Historical Data.csv
2022-10-26,225.400000,230.000000,224.800000,229.000000,249990,manual download: /Users/pickaneym/Downloads/JFC Historical Data.csv
2022-10-27,229.000000,233.400000,227.200000,232.000000,386330,manual download: /Users/pickaneym/Downloads/JFC Historical Data.csv
2022-10-28,232.000000,232.400000,230.600000,232.000000,355440,manual download: /Users/pickaneym/Downloads/JFC Historical Data.csv
2022-11-02,233.600000,233.800000,225.600000,226.800000,619720,manual download: /Users/pickaneym/Downloads/JFC Historical Data.csv
2022-11-03,227.000000,231.000000,227.000000,228.000000,365090,manual download: /Users/pickaneym/Downloads/JFC Historical Data.csv
2022-11-04,228.400000,230.000000,225.000000,228.200000,361280,manual download: /Users/pickaneym/Downloads/JFC Historical Data.csv
2022-11-07,228.000000,230.600000,224.200000,229.000000,732880,manual download: /Users/pickaneym/Downloads/JFC Historical Data.csv
2022-11-08,230.000000,236.000000,226.000000,228.600000,725610,manual download: /Users/pickaneym/Downloads/JFC Historical Data.csv
2022-11-09,229.800000,235.600000,229.200000,233.000000,390420,manual download: /Users/pickaneym/Downloads/JFC Historical Data.csv
2022-11-10,235.400000,235.600000,230.600000,233.000000,676110,manual download: /Users/pickaneym/Downloads/JFC Historical Data.csv
2022-11-11,236.000000,241.400000,233.600000,238.400000,923630,manual download: /Users/pickaneym/Downloads/JFC Historical Data.csv
2022-11-14,239.600000,247.800000,238.600000,247.800000,1160000,manual download: /Users/pickaneym/Downloads/JFC Historical Data.csv
2022-11-15,243.200000,248.000000,242.400000,248.000000,907240,manual download: /Users/pickaneym/Downloads/JFC Historical Data.csv
2022-11-16,248.000000,248.000000,238.000000,243.000000,1310000,manual download: /Users/pickaneym/Downloads/JFC Historical Data.csv
2022-11-17,243.000000,243.000000,239.800000,242.000000,670310,manual download: /Users/pickaneym/Downloads/JFC Historical Data.csv
2022-11-18,243.000000,247.000000,241.600000,244.000000,1000000,manual download: /Users/pickaneym/Downloads/JFC Historical Data.csv
2022-11-21,244.000000,252.000000,244.000000,252.000000,2290000,manual download: /Users/pickaneym/Downloads/JFC Historical Data.csv
2022-11-22,251.800000,259.000000,250.200000,256.000000,1880000,manual download: /Users/pickaneym/Downloads/JFC Historical Data.csv
2022-11-23,257.000000,259.600000,252.400000,256.000000,1100000,manual download: /Users/pickaneym/Downloads/JFC Historical Data.csv
2022-11-24,256.000000,259.000000,253.600000,254.000000,859180,manual download: /Users/pickaneym/Downloads/JFC Historical Data.csv
2022-11-25,253.600000,255.600000,250.400000,252.000000,862060,manual download: /Users/pickaneym/Downloads/JFC Historical Data.csv
2022-11-28,252.000000,255.200000,248.800000,249.000000,974870,manual download: /Users/pickaneym/Downloads/JFC Historical Data.csv
2022-11-29,249.000000,249.000000,241.600000,245.000000,4930000,manual download: /Users/pickaneym/Downloads/JFC Historical Data.csv
2022-12-01,248.400000,252.400000,239.800000,240.600000,2420000,manual download: /Users/pickaneym/Downloads/JFC Historical Data.csv
2022-12-02,242.000000,246.600000,237.000000,237.000000,797740,manual download: /Users/pickaneym/Downloads/JFC Historical Data.csv
2022-12-05,237.000000,243.800000,236.400000,236.400000,858880,manual download: /Users/pickaneym/Downloads/JFC Historical Data.csv
2022-12-06,239.800000,246.800000,236.400000,246.600000,1210000,manual download: /Users/pickaneym/Downloads/JFC Historical Data.csv
2022-12-07,246.400000,246.400000,236.600000,237.000000,860660,manual download: /Users/pickaneym/Downloads/JFC Historical Data.csv
2022-12-09,237.600000,239.800000,232.000000,236.800000,1100000,manual download: /Users/pickaneym/Downloads/JFC Historical Data.csv
2022-12-12,237.000000,245.800000,237.000000,242.000000,696670,manual download: /Users/pickaneym/Downloads/JFC Historical Data.csv
2022-12-13,244.000000,246.000000,234.000000,235.000000,1770000,manual download: /Users/pickaneym/Downloads/JFC Historical Data.csv
2022-12-14,236.000000,240.600000,233.400000,233.800000,1180000,manual download: /Users/pickaneym/Downloads/JFC Historical Data.csv
2022-12-15,233.800000,238.000000,231.800000,233.000000,689560,manual download: /Users/pickaneym/Downloads/JFC Historical Data.csv
2022-12-16,233.000000,235.000000,230.200000,231.000000,1180000,manual download: /Users/pickaneym/Downloads/JFC Historical Data.csv
2022-12-19,230.000000,237.800000,229.000000,235.000000,849110,manual download: /Users/pickaneym/Downloads/JFC Historical Data.csv
2022-12-20,235.000000,235.000000,229.600000,230.800000,686650,manual download: /Users/pickaneym/Downloads/JFC Historical Data.csv
2022-12-21,230.800000,235.000000,230.000000,230.000000,601430,manual download: /Users/pickaneym/Downloads/JFC Historical Data.csv
2022-12-22,234.000000,239.400000,230.200000,230.200000,557630,manual download: /Users/pickaneym/Downloads/JFC Historical Data.csv
2022-12-23,230.600000,235.000000,230.000000,230.000000,618820,manual download: /Users/pickaneym/Downloads/JFC Historical Data.csv
2022-12-27,231.000000,233.000000,227.000000,229.000000,792850,manual download: /Users/pickaneym/Downloads/JFC Historical Data.csv
2022-12-28,229.000000,232.600000,229.000000,230.000000,659040,manual download: /Users/pickaneym/Downloads/JFC Historical Data.csv
2022-12-29,232.000000,232.000000,229.400000,230.000000,500210,manual download: /Users/pickaneym/Downloads/JFC Historical Data.csv
2023-01-03,230.000000,237.000000,230.000000,236.000000,213720,manual download: /Users/pickaneym/Downloads/JFC Historical Data.csv
2023-01-04,237.200000,244.000000,237.200000,242.800000,686460,manual download: /Users/pickaneym/Downloads/JFC Historical Data.csv
2023-01-05,244.000000,248.000000,238.000000,248.000000,567120,manual download: /Users/pickaneym/Downloads/JFC Historical Data.csv
2023-01-06,240.600000,244.600000,240.400000,242.000000,984230,manual download: /Users/pickaneym/Downloads/JFC Historical Data.csv
2023-01-09,247.000000,247.000000,240.200000,242.000000,661600,manual download: /Users/pickaneym/Downloads/JFC Historical Data.csv
2023-01-10,246.000000,246.000000,241.000000,241.000000,772810,manual download: /Users/pickaneym/Downloads/JFC Historical Data.csv
2023-01-11,241.000000,242.000000,235.000000,241.600000,1150000,manual download: /Users/pickaneym/Downloads/JFC Historical Data.csv
2023-01-12,240.200000,243.000000,239.600000,242.000000,1390000,manual download: /Users/pickaneym/Downloads/JFC Historical Data.csv
2023-01-13,243.200000,246.800000,242.400000,245.000000,1750000,manual download: /Users/pickaneym/Downloads/JFC Historical Data.csv
2023-01-16,245.200000,252.000000,245.200000,248.000000,1310000,manual download: /Users/pickaneym/Downloads/JFC Historical Data.csv
2023-01-17,249.800000,252.000000,246.000000,252.000000,1190000,manual download: /Users/pickaneym/Downloads/JFC Historical Data.csv
2023-01-18,250.000000,252.000000,248.200000,250.000000,868660,manual download: /Users/pickaneym/Downloads/JFC Historical Data.csv
2023-01-19,249.800000,250.000000,247.000000,248.000000,1340000,manual download: /Users/pickaneym/Downloads/JFC Historical Data.csv
2023-01-20,248.000000,248.000000,244.400000,245.000000,1030000,manual download: /Users/pickaneym/Downloads/JFC Historical Data.csv
2023-01-23,245.000000,246.000000,241.200000,242.600000,684260,manual download: /Users/pickaneym/Downloads/JFC Historical Data.csv
2023-01-24,242.800000,247.600000,242.800000,246.000000,507690,manual download: /Users/pickaneym/Downloads/JFC Historical Data.csv
2023-01-25,245.600000,247.000000,243.000000,244.000000,1340000,manual download: /Users/pickaneym/Downloads/JFC Historical Data.csv
2023-01-26,244.000000,244.400000,241.400000,241.400000,217300,manual download: /Users/pickaneym/Downloads/JFC Historical Data.csv
2023-01-27,241.400000,245.000000,240.400000,241.400000,769230,manual download: /Users/pickaneym/Downloads/JFC Historical Data.csv
2023-01-30,242.000000,244.400000,240.000000,240.000000,598600,manual download: /Users/pickaneym/Downloads/JFC Historical Data.csv
2023-01-31,240.000000,241.000000,235.000000,238.000000,2220000,manual download: /Users/pickaneym/Downloads/JFC Historical Data.csv
2023-02-01,238.000000,245.000000,237.200000,245.000000,848770,manual download: /Users/pickaneym/Downloads/JFC Historical Data.csv
2023-02-02,244.000000,244.000000,241.000000,242.000000,711080,manual download: /Users/pickaneym/Downloads/JFC Historical Data.csv
2023-02-03,241.600000,245.000000,241.000000,245.000000,1520000,manual download: /Users/pickaneym/Downloads/JFC Historical Data.csv
2023-02-06,245.400000,245.600000,240.400000,245.000000,440640,manual download: /Users/pickaneym/Downloads/JFC Historical Data.csv
2023-02-07,241.600000,242.800000,238.000000,238.000000,629970,manual download: /Users/pickaneym/Downloads/JFC Historical Data.csv
2023-02-08,239.000000,243.000000,238.200000,242.000000,214070,manual download: /Users/pickaneym/Downloads/JFC Historical Data.csv
2023-02-09,241.000000,241.200000,239.000000,240.800000,207970,manual download: /Users/pickaneym/Downloads/JFC Historical Data.csv
2023-02-10,240.800000,241.000000,238.000000,238.800000,505680,manual download: /Users/pickaneym/Downloads/JFC Historical Data.csv
2023-02-13,238.800000,241.600000,238.200000,239.800000,515350,manual download: /Users/pickaneym/Downloads/JFC Historical Data.csv
2023-02-14,240.200000,244.400000,240.000000,241.000000,595470,manual download: /Users/pickaneym/Downloads/JFC Historical Data.csv
2023-02-15,240.600000,240.800000,235.600000,238.400000,401450,manual download: /Users/pickaneym/Downloads/JFC Historical Data.csv
2023-02-16,239.000000,242.400000,236.000000,238.600000,223610,manual download: /Users/pickaneym/Downloads/JFC Historical Data.csv
2023-02-17,236.400000,240.200000,235.600000,240.200000,323190,manual download: /Users/pickaneym/Downloads/JFC Historical Data.csv
2023-02-20,240.000000,240.000000,237.000000,237.000000,235260,manual download: /Users/pickaneym/Downloads/JFC Historical Data.csv
2023-02-21,237.200000,242.000000,235.600000,242.000000,178930,manual download: /Users/pickaneym/Downloads/JFC Historical Data.csv
2023-02-22,241.800000,241.800000,237.400000,240.000000,295660,manual download: /Users/pickaneym/Downloads/JFC Historical Data.csv
2023-02-23,240.000000,240.000000,237.200000,238.000000,420400,manual download: /Users/pickaneym/Downloads/JFC Historical Data.csv
2023-02-24,240.000000,240.000000,237.200000,238.000000,420400,manual download: /Users/pickaneym/Downloads/JFC Historical Data.csv
2023-02-27,237.000000,238.000000,234.200000,235.200000,715530,manual download: /Users/pickaneym/Downloads/JFC Historical Data.csv
2023-02-28,235.400000,240.000000,235.200000,240.000000,1010000,manual download: /Users/pickaneym/Downloads/JFC Historical Data.csv
2023-03-01,239.000000,239.000000,236.000000,238.000000,367530,manual download: /Users/pickaneym/Downloads/JFC Historical Data.csv
2023-03-02,238.000000,241.200000,231.000000,231.000000,616590,manual download: /Users/pickaneym/Downloads/JFC Historical Data.csv
2023-03-03,231.400000,236.400000,231.400000,234.000000,473500,manual download: /Users/pickaneym/Downloads/JFC Historical Data.csv
2023-03-06,234.000000,237.000000,232.000000,232.000000,307760,manual download: /Users/pickaneym/Downloads/JFC Historical Data.csv
2023-03-07,232.000000,235.000000,232.000000,232.200000,400860,manual download: /Users/pickaneym/Downloads/JFC Historical Data.csv
2023-03-08,232.000000,232.200000,229.400000,230.000000,552860,manual download: /Users/pickaneym/Downloads/JFC Historical Data.csv
2023-03-09,232.000000,234.800000,229.400000,230.000000,264600,manual download: /Users/pickaneym/Downloads/JFC Historical Data.csv
2023-03-10,230.000000,231.000000,226.200000,226.200000,325460,manual download: /Users/pickaneym/Downloads/JFC Historical Data.csv
2023-03-13,226.200000,228.000000,226.000000,227.200000,366930,manual download: /Users/pickaneym/Downloads/JFC Historical Data.csv
2023-03-14,227.000000,227.000000,219.000000,219.000000,579490,manual download: /Users/pickaneym/Downloads/JFC Historical Data.csv
2023-03-15,220.000000,226.800000,220.000000,224.000000,384920,manual download: /Users/pickaneym/Downloads/JFC Historical Data.csv
2023-03-16,223.800000,225.000000,212.000000,215.000000,1070000,manual download: /Users/pickaneym/Downloads/JFC Historical Data.csv
2023-03-17,219.000000,224.000000,218.600000,223.000000,1280000,manual download: /Users/pickaneym/Downloads/JFC Historical Data.csv
2023-03-20,223.000000,226.000000,221.000000,222.000000,1290000,manual download: /Users/pickaneym/Downloads/JFC Historical Data.csv
2023-03-21,222.200000,224.800000,222.200000,224.400000,320960,manual download: /Users/pickaneym/Downloads/JFC Historical Data.csv
2023-03-22,225.000000,229.000000,225.000000,227.000000,725310,manual download: /Users/pickaneym/Downloads/JFC Historical Data.csv
2023-03-23,226.800000,227.000000,223.000000,223.000000,750790,manual download: /Users/pickaneym/Downloads/JFC Historical Data.csv
2023-03-24,223.200000,226.600000,223.000000,225.200000,528460,manual download: /Users/pickaneym/Downloads/JFC Historical Data.csv
2023-03-27,225.200000,227.000000,222.600000,226.000000,122010,manual download: /Users/pickaneym/Downloads/JFC Historical Data.csv
2023-03-28,227.000000,227.000000,222.600000,223.600000,372930,manual download: /Users/pickaneym/Downloads/JFC Historical Data.csv
2023-03-29,224.200000,224.200000,218.600000,219.000000,1100000,manual download: /Users/pickaneym/Downloads/JFC Historical Data.csv
2023-03-30,219.200000,224.000000,218.600000,224.000000,386440,manual download: /Users/pickaneym/Downloads/JFC Historical Data.csv
2023-03-31,223.400000,225.000000,222.200000,224.000000,518640,manual download: /Users/pickaneym/Downloads/JFC Historical Data.csv
2023-04-03,224.600000,226.000000,220.200000,226.000000,230390,manual download: /Users/pickaneym/Downloads/JFC Historical Data.csv
2023-04-04,227.000000,229.000000,225.000000,226.000000,578830,manual download: /Users/pickaneym/Downloads/JFC Historical Data.csv
2023-04-05,226.000000,227.000000,223.000000,223.000000,247650,manual download: /Users/pickaneym/Downloads/JFC Historical Data.csv
2023-04-11,223.000000,223.000000,215.200000,216.200000,1180000,manual download: /Users/pickaneym/Downloads/JFC Historical Data.csv
2023-04-12,216.000000,217.000000,212.200000,212.200000,784040,manual download: /Users/pickaneym/Downloads/JFC Historical Data.csv
2023-04-13,213.000000,215.000000,212.000000,212.800000,1150000,manual download: /Users/pickaneym/Downloads/JFC Historical Data.csv
2023-04-14,213.200000,216.000000,212.800000,214.600000,483840,manual download: /Users/pickaneym/Downloads/JFC Historical Data.csv
2023-04-17,215.000000,219.600000,214.800000,219.600000,494920,manual download: /Users/pickaneym/Downloads/JFC Historical Data.csv
2023-04-18,220.000000,220.000000,215.200000,217.000000,319730,manual download: /Users/pickaneym/Downloads/JFC Historical Data.csv
2023-04-19,217.000000,219.800000,216.200000,219.800000,294630,manual download: /Users/pickaneym/Downloads/JFC Historical Data.csv
2023-04-20,219.600000,219.600000,216.800000,217.200000,303160,manual download: /Users/pickaneym/Downloads/JFC Historical Data.csv
2023-04-24,219.400000,221.000000,217.200000,221.000000,622270,manual download: /Users/pickaneym/Downloads/JFC Historical Data.csv
2023-04-25,221.000000,221.200000,218.000000,220.000000,243760,manual download: /Users/pickaneym/Downloads/JFC Historical Data.csv
2023-04-26,221.000000,221.000000,217.000000,219.200000,446860,manual download: /Users/pickaneym/Downloads/JFC Historical Data.csv
2023-04-27,220.000000,220.600000,219.000000,219.000000,135440,manual download: /Users/pickaneym/Downloads/JFC Historical Data.csv
2023-04-28,219.000000,225.000000,219.000000,225.000000,691140,manual download: /Users/pickaneym/Downloads/JFC Historical Data.csv
2023-05-02,224.000000,226.000000,223.600000,225.600000,380150,manual download: /Users/pickaneym/Downloads/JFC Historical Data.csv
2023-05-03,226.000000,228.400000,224.000000,224.000000,741250,manual download: /Users/pickaneym/Downloads/JFC Historical Data.csv
2023-05-04,224.000000,227.600000,224.000000,225.000000,393570,manual download: /Users/pickaneym/Downloads/JFC Historical Data.csv
2023-05-05,225.600000,228.000000,225.600000,226.000000,241730,manual download: /Users/pickaneym/Downloads/JFC Historical Data.csv
2023-05-08,226.800000,227.200000,225.000000,225.000000,369550,manual download: /Users/pickaneym/Downloads/JFC Historical Data.csv
2023-05-09,225.000000,225.000000,223.000000,225.000000,180240,manual download: /Users/pickaneym/Downloads/JFC Historical Data.csv
2023-05-10,225.000000,225.000000,223.200000,223.600000,667000,manual download: /Users/pickaneym/Downloads/JFC Historical Data.csv
2023-05-11,224.000000,225.000000,223.000000,224.200000,323910,manual download: /Users/pickaneym/Downloads/JFC Historical Data.csv
2023-05-12,225.200000,225.400000,222.600000,222.600000,263110,manual download: /Users/pickaneym/Downloads/JFC Historical Data.csv
2023-05-15,222.600000,224.200000,222.400000,222.600000,431680,manual download: /Users/pickaneym/Downloads/JFC Historical Data.csv
2023-05-16,222.400000,226.000000,222.400000,226.000000,409900,manual download: /Users/pickaneym/Downloads/JFC Historical Data.csv
2023-05-17,225.600000,229.400000,224.600000,227.000000,872060,manual download: /Users/pickaneym/Downloads/JFC Historical Data.csv
2023-05-18,227.200000,234.000000,227.200000,232.400000,560040,manual download: /Users/pickaneym/Downloads/JFC Historical Data.csv
2023-05-19,232.600000,235.200000,231.200000,232.600000,443040,manual download: /Users/pickaneym/Downloads/JFC Historical Data.csv
2023-05-22,232.800000,233.000000,230.400000,231.600000,663410,manual download: /Users/pickaneym/Downloads/JFC Historical Data.csv
2023-05-23,232.000000,233.000000,228.200000,229.000000,655150,manual download: /Users/pickaneym/Downloads/JFC Historical Data.csv
2023-05-24,227.000000,231.400000,227.000000,230.000000,459860,manual download: /Users/pickaneym/Downloads/JFC Historical Data.csv
2023-05-25,231.000000,235.800000,231.000000,234.000000,893350,manual download: /Users/pickaneym/Downloads/JFC Historical Data.csv
2023-05-26,234.000000,236.000000,231.000000,232.600000,355090,manual download: /Users/pickaneym/Downloads/JFC Historical Data.csv
2023-05-29,234.000000,237.000000,233.200000,237.000000,354550,manual download: /Users/pickaneym/Downloads/JFC Historical Data.csv
2023-05-30,237.000000,237.800000,236.000000,236.600000,521390,manual download: /Users/pickaneym/Downloads/JFC Historical Data.csv
2023-05-31,236.600000,236.600000,230.200000,235.600000,2200000,manual download: /Users/pickaneym/Downloads/JFC Historical Data.csv
2023-06-01,235.600000,235.600000,230.200000,230.400000,363880,manual download: /Users/pickaneym/Downloads/JFC Historical Data.csv
2023-06-02,233.400000,235.400000,231.000000,235.000000,264240,manual download: /Users/pickaneym/Downloads/JFC Historical Data.csv
2023-06-05,235.000000,236.000000,232.000000,232.000000,309320,manual download: /Users/pickaneym/Downloads/JFC Historical Data.csv
2023-06-06,232.000000,233.000000,230.000000,231.000000,391730,manual download: /Users/pickaneym/Downloads/JFC Historical Data.csv
2023-06-07,231.000000,233.000000,231.000000,233.000000,232980,manual download: /Users/pickaneym/Downloads/JFC Historical Data.csv
2023-06-08,233.000000,235.600000,232.400000,235.400000,330200,manual download: /Users/pickaneym/Downloads/JFC Historical Data.csv
2023-06-09,235.000000,236.000000,234.400000,235.600000,325880,manual download: /Users/pickaneym/Downloads/JFC Historical Data.csv
2023-06-13,235.000000,235.600000,233.600000,235.000000,281510,manual download: /Users/pickaneym/Downloads/JFC Historical Data.csv
2023-06-14,235.000000,235.000000,233.000000,234.600000,138210,manual download: /Users/pickaneym/Downloads/JFC Historical Data.csv
2023-06-15,234.600000,235.000000,233.000000,234.800000,267190,manual download: /Users/pickaneym/Downloads/JFC Historical Data.csv
2023-06-16,233.200000,240.000000,233.200000,240.000000,932230,manual download: /Users/pickaneym/Downloads/JFC Historical Data.csv
2023-06-19,236.200000,240.000000,236.000000,240.000000,399730,manual download: /Users/pickaneym/Downloads/JFC Historical Data.csv
2023-06-20,240.000000,240.200000,239.000000,240.000000,378370,manual download: /Users/pickaneym/Downloads/JFC Historical Data.csv
2023-06-21,240.000000,244.800000,240.000000,240.000000,943600,manual download: /Users/pickaneym/Downloads/JFC Historical Data.csv
2023-06-22,240.200000,242.000000,239.200000,241.400000,341600,manual download: /Users/pickaneym/Downloads/JFC Historical Data.csv
2023-06-23,242.000000,242.000000,240.200000,240.200000,130160,manual download: /Users/pickaneym/Downloads/JFC Historical Data.csv
2023-06-26,240.400000,243.000000,240.200000,241.800000,328120,manual download: /Users/pickaneym/Downloads/JFC Historical Data.csv
2023-06-27,242.000000,244.000000,238.600000,238.600000,826410,manual download: /Users/pickaneym/Downloads/JFC Historical Data.csv
2023-06-29,238.600000,242.000000,238.400000,238.600000,583490,manual download: /Users/pickaneym/Downloads/JFC Historical Data.csv
2023-06-30,238.800000,240.200000,237.800000,239.200000,722200,manual download: /Users/pickaneym/Downloads/JFC Historical Data.csv
2023-07-03,239.000000,241.400000,237.800000,240.400000,1580000,manual download: /Users/pickaneym/Downloads/JFC Historical Data.csv
2023-07-04,240.400000,242.800000,240.000000,242.800000,252400,manual download: /Users/pickaneym/Downloads/JFC Historical Data.csv
2023-07-05,242.800000,242.800000,240.200000,242.800000,227060,manual download: /Users/pickaneym/Downloads/JFC Historical Data.csv
2023-07-06,241.200000,241.800000,240.600000,241.000000,625890,manual download: /Users/pickaneym/Downloads/JFC Historical Data.csv
2023-07-07,241.000000,241.800000,240.200000,240.200000,147970,manual download: /Users/pickaneym/Downloads/JFC Historical Data.csv
2023-07-10,240.200000,242.000000,234.800000,236.000000,346170,manual download: /Users/pickaneym/Downloads/JFC Historical Data.csv
2023-07-11,236.000000,241.800000,235.400000,236.000000,833210,manual download: /Users/pickaneym/Downloads/JFC Historical Data.csv
2023-07-12,238.000000,243.800000,237.200000,243.600000,541510,manual download: /Users/pickaneym/Downloads/JFC Historical Data.csv
2023-07-13,244.000000,257.000000,243.800000,253.000000,2960000,manual download: /Users/pickaneym/Downloads/JFC Historical Data.csv
2023-07-14,252.600000,254.200000,249.800000,254.200000,833960,manual download: /Users/pickaneym/Downloads/JFC Historical Data.csv
2023-07-17,253.000000,253.000000,250.000000,250.000000,478720,manual download: /Users/pickaneym/Downloads/JFC Historical Data.csv
2023-07-18,250.000000,254.400000,249.200000,250.000000,598460,manual download: /Users/pickaneym/Downloads/JFC Historical Data.csv
2023-07-19,250.000000,255.000000,250.000000,255.000000,893070,manual download: /Users/pickaneym/Downloads/JFC Historical Data.csv
2023-07-20,255.000000,259.600000,254.000000,258.800000,1500000,manual download: /Users/pickaneym/Downloads/JFC Historical Data.csv
2023-07-21,258.000000,259.000000,255.600000,255.600000,920360,manual download: /Users/pickaneym/Downloads/JFC Historical Data.csv
2023-07-24,256.000000,259.000000,255.600000,258.000000,300740,manual download: /Users/pickaneym/Downloads/JFC Historical Data.csv
2023-07-25,258.000000,261.400000,258.000000,259.800000,956060,manual download: /Users/pickaneym/Downloads/JFC Historical Data.csv
2023-07-26,256.000000,259.400000,253.800000,259.200000,706980,manual download: /Users/pickaneym/Downloads/JFC Historical Data.csv
2023-07-27,257.000000,259.000000,255.600000,259.000000,429090,manual download: /Users/pickaneym/Downloads/JFC Historical Data.csv
2023-07-28,257.000000,257.000000,251.200000,252.000000,353910,manual download: /Users/pickaneym/Downloads/JFC Historical Data.csv
2023-07-31,252.800000,260.400000,252.800000,255.000000,847680,manual download: /Users/pickaneym/Downloads/JFC Historical Data.csv
2023-08-01,256.200000,261.000000,255.200000,261.000000,411560,manual download: /Users/pickaneym/Downloads/JFC Historical Data.csv
2023-08-02,261.000000,261.000000,252.400000,253.600000,306300,manual download: /Users/pickaneym/Downloads/JFC Historical Data.csv
2023-08-03,254.000000,259.800000,254.000000,259.600000,243990,manual download: /Users/pickaneym/Downloads/JFC Historical Data.csv
2023-08-04,256.000000,260.000000,256.000000,260.000000,600430,manual download: /Users/pickaneym/Downloads/JFC Historical Data.csv
2023-08-07,260.000000,260.000000,254.000000,254.000000,248980,manual download: /Users/pickaneym/Downloads/JFC Historical Data.csv
2023-08-08,254.000000,257.000000,253.200000,253.200000,373270,manual download: /Users/pickaneym/Downloads/JFC Historical Data.csv
2023-08-09,253.200000,254.200000,251.200000,253.000000,347620,manual download: /Users/pickaneym/Downloads/JFC Historical Data.csv
2023-08-10,253.000000,253.000000,247.200000,249.000000,832560,manual download: /Users/pickaneym/Downloads/JFC Historical Data.csv
2023-08-11,249.000000,253.000000,247.800000,247.800000,611520,manual download: /Users/pickaneym/Downloads/JFC Historical Data.csv
2023-08-14,247.800000,249.600000,242.800000,247.600000,349200,manual download: /Users/pickaneym/Downloads/JFC Historical Data.csv
2023-08-15,245.000000,247.000000,243.800000,246.200000,616980,manual download: /Users/pickaneym/Downloads/JFC Historical Data.csv
2023-08-16,247.000000,251.600000,246.600000,250.800000,777950,manual download: /Users/pickaneym/Downloads/JFC Historical Data.csv
2023-08-17,250.800000,250.800000,248.200000,250.000000,899650,manual download: /Users/pickaneym/Downloads/JFC Historical Data.csv
2023-08-18,250.000000,250.400000,243.800000,243.800000,284130,manual download: /Users/pickaneym/Downloads/JFC Historical Data.csv
2023-08-22,243.600000,245.000000,239.000000,239.000000,535290,manual download: /Users/pickaneym/Downloads/JFC Historical Data.csv
2023-08-23,240.200000,243.600000,239.200000,241.000000,521409,manual download: /Users/pickaneym/Downloads/JFC Historical Data.csv
2023-08-24,241.000000,244.200000,240.600000,243.000000,420940,manual download: /Users/pickaneym/Downloads/JFC Historical Data.csv
2023-08-25,241.000000,241.800000,238.600000,239.800000,301350,manual download: /Users/pickaneym/Downloads/JFC Historical Data.csv
2023-08-29,239.200000,239.400000,238.000000,239.000000,190760,manual download: /Users/pickaneym/Downloads/JFC Historical Data.csv
2023-08-30,239.000000,245.000000,238.000000,244.400000,419930,manual download: /Users/pickaneym/Downloads/JFC Historical Data.csv
2023-08-31,242.000000,243.200000,237.000000,237.000000,983460,manual download: /Users/pickaneym/Downloads/JFC Historical Data.csv
2023-09-01,240.200000,242.000000,237.000000,240.000000,523000,manual download: /Users/pickaneym/Downloads/JFC Historical Data.csv
2023-09-04,240.000000,241.000000,238.800000,238.800000,72330,manual download: /Users/pickaneym/Downloads/JFC Historical Data.csv
2023-09-05,239.000000,239.600000,236.000000,236.200000,322190,manual download: /Users/pickaneym/Downloads/JFC Historical Data.csv
2023-09-06,236.200000,239.000000,236.200000,237.000000,399710,manual download: /Users/pickaneym/Downloads/JFC Historical Data.csv
2023-09-07,237.000000,237.200000,234.200000,234.200000,1380000,manual download: /Users/pickaneym/Downloads/JFC Historical Data.csv
2023-09-08,234.000000,235.000000,230.800000,233.000000,680730,manual download: /Users/pickaneym/Downloads/JFC Historical Data.csv
2023-09-11,233.000000,238.600000,232.400000,237.000000,280630,manual download: /Users/pickaneym/Downloads/JFC Historical Data.csv
2023-09-12,237.000000,239.200000,235.800000,238.000000,264690,manual download: /Users/pickaneym/Downloads/JFC Historical Data.csv
2023-09-13,238.000000,238.000000,230.000000,230.000000,581910,manual download: /Users/pickaneym/Downloads/JFC Historical Data.csv
2023-09-14,231.000000,233.600000,230.000000,232.400000,208960,manual download: /Users/pickaneym/Downloads/JFC Historical Data.csv
2023-09-15,233.000000,234.000000,228.200000,228.200000,377360,manual download: /Users/pickaneym/Downloads/JFC Historical Data.csv
2023-09-18,230.200000,231.200000,229.000000,230.000000,370190,manual download: /Users/pickaneym/Downloads/JFC Historical Data.csv
2023-09-19,229.800000,233.000000,228.800000,229.600000,344330,manual download: /Users/pickaneym/Downloads/JFC Historical Data.csv
2023-09-20,229.600000,230.000000,225.200000,225.200000,426180,manual download: /Users/pickaneym/Downloads/JFC Historical Data.csv
2023-09-21,225.400000,227.600000,225.400000,226.200000,224890,manual download: /Users/pickaneym/Downloads/JFC Historical Data.csv
2023-09-22,226.200000,227.200000,224.000000,226.000000,397190,manual download: /Users/pickaneym/Downloads/JFC Historical Data.csv
2023-09-25,226.000000,228.000000,225.000000,226.000000,168790,manual download: /Users/pickaneym/Downloads/JFC Historical Data.csv
2023-09-26,226.000000,231.200000,226.000000,227.000000,670930,manual download: /Users/pickaneym/Downloads/JFC Historical Data.csv
2023-09-27,227.000000,230.800000,225.200000,228.800000,840350,manual download: /Users/pickaneym/Downloads/JFC Historical Data.csv
2023-09-28,228.800000,231.800000,227.400000,230.000000,610310,manual download: /Users/pickaneym/Downloads/JFC Historical Data.csv
2023-09-29,230.000000,233.000000,229.200000,229.400000,438220,manual download: /Users/pickaneym/Downloads/JFC Historical Data.csv
2023-10-02,230.000000,231.000000,227.800000,227.800000,831750,manual download: /Users/pickaneym/Downloads/JFC Historical Data.csv
2023-10-03,228.000000,229.800000,225.200000,227.000000,476470,manual download: /Users/pickaneym/Downloads/JFC Historical Data.csv
2023-10-04,227.800000,228.000000,222.600000,223.200000,805600,manual download: /Users/pickaneym/Downloads/JFC Historical Data.csv
2023-10-05,224.000000,224.600000,220.000000,220.000000,890060,manual download: /Users/pickaneym/Downloads/JFC Historical Data.csv
2023-10-06,220.400000,224.000000,218.800000,221.000000,573630,manual download: /Users/pickaneym/Downloads/JFC Historical Data.csv
2023-10-09,222.000000,222.600000,219.000000,219.000000,382810,manual download: /Users/pickaneym/Downloads/JFC Historical Data.csv
2023-10-10,221.000000,227.000000,221.000000,226.000000,575030,manual download: /Users/pickaneym/Downloads/JFC Historical Data.csv
2023-10-11,226.000000,226.000000,220.200000,220.600000,1070000,manual download: /Users/pickaneym/Downloads/JFC Historical Data.csv
2023-10-12,220.600000,226.000000,219.200000,222.200000,496960,manual download: /Users/pickaneym/Downloads/JFC Historical Data.csv
2023-10-13,222.000000,224.800000,220.600000,220.600000,306970,manual download: /Users/pickaneym/Downloads/JFC Historical Data.csv
2023-10-16,220.800000,222.800000,218.000000,218.000000,1140000,manual download: /Users/pickaneym/Downloads/JFC Historical Data.csv
2023-10-17,218.000000,220.600000,217.400000,219.000000,402750,manual download: /Users/pickaneym/Downloads/JFC Historical Data.csv
2023-10-18,219.000000,224.800000,219.000000,224.000000,424030,manual download: /Users/pickaneym/Downloads/JFC Historical Data.csv
2023-10-19,223.000000,224.000000,220.400000,220.800000,1090000,manual download: /Users/pickaneym/Downloads/JFC Historical Data.csv
2023-10-20,220.800000,220.800000,215.200000,215.200000,1250000,manual download: /Users/pickaneym/Downloads/JFC Historical Data.csv
2023-10-23,215.200000,215.600000,209.800000,210.000000,910590,manual download: /Users/pickaneym/Downloads/JFC Historical Data.csv
2023-10-24,210.200000,214.000000,210.200000,211.000000,261779,manual download: /Users/pickaneym/Downloads/JFC Historical Data.csv
2023-10-25,213.000000,215.800000,212.400000,214.000000,627990,manual download: /Users/pickaneym/Downloads/JFC Historical Data.csv
2023-10-26,213.800000,215.800000,211.400000,214.600000,285490,manual download: /Users/pickaneym/Downloads/JFC Historical Data.csv
2023-10-27,214.600000,214.600000,208.400000,209.200000,671230,manual download: /Users/pickaneym/Downloads/JFC Historical Data.csv
2023-10-31,209.400000,212.000000,204.200000,205.000000,1340000,manual download: /Users/pickaneym/Downloads/JFC Historical Data.csv
2023-11-03,208.000000,211.600000,204.000000,209.000000,972760,manual download: /Users/pickaneym/Downloads/JFC Historical Data.csv
2023-11-06,210.000000,214.800000,206.200000,207.600000,908620,manual download: /Users/pickaneym/Downloads/JFC Historical Data.csv
2023-11-07,209.000000,211.400000,207.600000,210.600000,411840,manual download: /Users/pickaneym/Downloads/JFC Historical Data.csv
2023-11-08,211.800000,219.800000,211.400000,219.800000,2780000,manual download: /Users/pickaneym/Downloads/JFC Historical Data.csv
2023-11-09,220.000000,221.000000,217.200000,218.400000,636360,manual download: /Users/pickaneym/Downloads/JFC Historical Data.csv
2023-11-10,218.400000,220.000000,215.200000,216.400000,423210,manual download: /Users/pickaneym/Downloads/JFC Historical Data.csv
2023-11-13,216.600000,218.200000,213.400000,214.000000,187380,manual download: /Users/pickaneym/Downloads/JFC Historical Data.csv
2023-11-14,215.000000,219.600000,214.800000,218.000000,253700,manual download: /Users/pickaneym/Downloads/JFC Historical Data.csv
2023-11-15,219.000000,220.200000,216.600000,217.000000,704890,manual download: /Users/pickaneym/Downloads/JFC Historical Data.csv
2023-11-16,218.200000,225.000000,217.200000,225.000000,1090000,manual download: /Users/pickaneym/Downloads/JFC Historical Data.csv
2023-11-17,225.000000,230.000000,224.200000,230.000000,1070000,manual download: /Users/pickaneym/Downloads/JFC Historical Data.csv
2023-11-20,230.000000,230.000000,226.000000,227.000000,346560,manual download: /Users/pickaneym/Downloads/JFC Historical Data.csv
2023-11-21,228.000000,238.000000,228.000000,238.000000,2260000,manual download: /Users/pickaneym/Downloads/JFC Historical Data.csv
2023-11-22,235.400000,240.000000,235.400000,240.000000,1300000,manual download: /Users/pickaneym/Downloads/JFC Historical Data.csv
2023-11-23,238.000000,241.800000,238.000000,238.800000,940490,manual download: /Users/pickaneym/Downloads/JFC Historical Data.csv
2023-11-24,238.800000,240.400000,236.000000,238.400000,1100000,manual download: /Users/pickaneym/Downloads/JFC Historical Data.csv
2023-11-28,238.400000,238.600000,233.400000,234.800000,1370000,manual download: /Users/pickaneym/Downloads/JFC Historical Data.csv
2023-11-29,238.200000,238.600000,232.800000,233.800000,1880000,manual download: /Users/pickaneym/Downloads/JFC Historical Data.csv
2023-11-30,233.800000,234.800000,226.600000,226.600000,2080000,manual download: /Users/pickaneym/Downloads/JFC Historical Data.csv
2023-12-01,229.600000,234.000000,228.000000,233.800000,607990,manual download: /Users/pickaneym/Downloads/JFC Historical Data.csv
2023-12-04,233.800000,244.000000,233.000000,244.000000,1270000,manual download: /Users/pickaneym/Downloads/JFC Historical Data.csv
2023-12-05,245.000000,246.800000,240.600000,245.000000,732230,manual download: /Users/pickaneym/Downloads/JFC Historical Data.csv
2023-12-06,244.600000,244.800000,239.200000,241.000000,272550,manual download: /Users/pickaneym/Downloads/JFC Historical Data.csv
2023-12-07,240.000000,240.000000,234.200000,235.800000,243970,manual download: /Users/pickaneym/Downloads/JFC Historical Data.csv
2023-12-11,235.600000,239.000000,234.200000,238.800000,191020,manual download: /Users/pickaneym/Downloads/JFC Historical Data.csv
2023-12-12,238.000000,241.200000,237.400000,239.200000,331160,manual download: /Users/pickaneym/Downloads/JFC Historical Data.csv
2023-12-13,239.200000,240.800000,236.000000,236.000000,334160,manual download: /Users/pickaneym/Downloads/JFC Historical Data.csv
2023-12-14,236.600000,246.400000,236.600000,245.000000,874630,manual download: /Users/pickaneym/Downloads/JFC Historical Data.csv
2023-12-15,244.000000,246.000000,243.200000,246.000000,533940,manual download: /Users/pickaneym/Downloads/JFC Historical Data.csv
2023-12-18,246.000000,252.000000,243.400000,251.600000,1400000,manual download: /Users/pickaneym/Downloads/JFC Historical Data.csv
2023-12-19,251.200000,251.200000,245.000000,247.800000,443990,manual download: /Users/pickaneym/Downloads/JFC Historical Data.csv
2023-12-20,247.800000,247.800000,242.000000,242.000000,156270,manual download: /Users/pickaneym/Downloads/JFC Historical Data.csv
2023-12-21,242.000000,242.200000,237.000000,242.000000,206600,manual download: /Users/pickaneym/Downloads/JFC Historical Data.csv
2023-12-22,242.000000,250.000000,240.200000,250.000000,456170,manual download: /Users/pickaneym/Downloads/JFC Historical Data.csv
2023-12-27,247.200000,249.000000,245.000000,247.000000,102100,manual download: /Users/pickaneym/Downloads/JFC Historical Data.csv
2023-12-28,246.000000,249.800000,245.800000,249.800000,343830,manual download: /Users/pickaneym/Downloads/JFC Historical Data.csv
2023-12-29,249.600000,252.200000,248.400000,251.400000,966280,manual download: /Users/pickaneym/Downloads/JFC Historical Data.csv
2024-01-02,252.200000,255.000000,250.000000,255.000000,374020,manual download: /Users/pickaneym/Downloads/JFC Historical Data.csv
2024-01-03,255.200000,256.800000,252.600000,254.600000,773060,manual download: /Users/pickaneym/Downloads/JFC Historical Data.csv
2024-01-04,254.000000,256.200000,252.000000,256.000000,744030,manual download: /Users/pickaneym/Downloads/JFC Historical Data.csv
2024-01-05,255.800000,258.600000,253.200000,258.000000,657440,manual download: /Users/pickaneym/Downloads/JFC Historical Data.csv
2024-01-08,257.000000,258.800000,256.200000,257.000000,384880,manual download: /Users/pickaneym/Downloads/JFC Historical Data.csv
2024-01-09,257.200000,258.200000,253.000000,253.000000,487960,manual download: /Users/pickaneym/Downloads/JFC Historical Data.csv
2024-01-10,253.000000,254.000000,250.000000,250.000000,456160,manual download: /Users/pickaneym/Downloads/JFC Historical Data.csv
2024-01-11,250.000000,260.000000,249.000000,259.800000,1130000,manual download: /Users/pickaneym/Downloads/JFC Historical Data.csv
2024-01-12,260.000000,265.000000,259.800000,265.000000,1910000,manual download: /Users/pickaneym/Downloads/JFC Historical Data.csv
2024-01-15,264.000000,267.000000,260.000000,266.800000,1150000,manual download: /Users/pickaneym/Downloads/JFC Historical Data.csv
2024-01-16,266.000000,266.000000,260.200000,263.000000,591600,manual download: /Users/pickaneym/Downloads/JFC Historical Data.csv
2024-01-17,262.800000,263.000000,260.200000,261.600000,572320,manual download: /Users/pickaneym/Downloads/JFC Historical Data.csv
2024-01-18,261.000000,261.600000,258.400000,261.000000,1040000,manual download: /Users/pickaneym/Downloads/JFC Historical Data.csv
2024-01-19,260.000000,267.000000,257.600000,267.000000,323310,manual download: /Users/pickaneym/Downloads/JFC Historical Data.csv
2024-01-22,266.000000,266.000000,259.000000,259.800000,548260,manual download: /Users/pickaneym/Downloads/JFC Historical Data.csv
2024-01-23,260.000000,264.000000,260.000000,263.000000,251720,manual download: /Users/pickaneym/Downloads/JFC Historical Data.csv
2024-01-24,263.000000,270.600000,262.000000,270.000000,1040000,manual download: /Users/pickaneym/Downloads/JFC Historical Data.csv
2024-01-25,271.000000,273.000000,269.200000,270.200000,741180,manual download: /Users/pickaneym/Downloads/JFC Historical Data.csv
2024-01-26,270.200000,276.400000,270.200000,274.600000,848440,manual download: /Users/pickaneym/Downloads/JFC Historical Data.csv
2024-01-29,274.200000,275.000000,264.000000,264.000000,795730,manual download: /Users/pickaneym/Downloads/JFC Historical Data.csv
2024-01-30,262.400000,263.200000,258.800000,259.000000,452570,manual download: /Users/pickaneym/Downloads/JFC Historical Data.csv
2024-01-31,259.000000,262.800000,254.000000,254.000000,1030000,manual download: /Users/pickaneym/Downloads/JFC Historical Data.csv
2024-02-01,253.800000,256.800000,252.000000,254.000000,378020,manual download: /Users/pickaneym/Downloads/JFC Historical Data.csv
2024-02-02,254.000000,262.400000,253.800000,259.800000,620030,manual download: /Users/pickaneym/Downloads/JFC Historical Data.csv
2024-02-05,259.800000,262.000000,257.400000,261.200000,290560,manual download: /Users/pickaneym/Downloads/JFC Historical Data.csv
2024-02-06,261.200000,263.000000,258.000000,260.600000,571990,manual download: /Users/pickaneym/Downloads/JFC Historical Data.csv
2024-02-07,260.600000,268.000000,260.600000,262.800000,549700,manual download: /Users/pickaneym/Downloads/JFC Historical Data.csv
2024-02-08,265.000000,268.000000,261.200000,261.400000,282030,manual download: /Users/pickaneym/Downloads/JFC Historical Data.csv
2024-02-12,261.600000,262.000000,257.200000,257.600000,359200,manual download: /Users/pickaneym/Downloads/JFC Historical Data.csv
2024-02-13,257.800000,261.800000,257.800000,258.000000,143570,manual download: /Users/pickaneym/Downloads/JFC Historical Data.csv
2024-02-14,257.000000,257.000000,252.400000,255.000000,860820,manual download: /Users/pickaneym/Downloads/JFC Historical Data.csv
2024-02-15,256.000000,260.800000,256.000000,257.000000,590080,manual download: /Users/pickaneym/Downloads/JFC Historical Data.csv
2024-02-16,260.000000,262.000000,257.000000,259.000000,786530,manual download: /Users/pickaneym/Downloads/JFC Historical Data.csv
2024-02-19,259.000000,260.000000,255.400000,259.000000,517809,manual download: /Users/pickaneym/Downloads/JFC Historical Data.csv
2024-02-20,259.400000,262.000000,257.000000,259.000000,529700,manual download: /Users/pickaneym/Downloads/JFC Historical Data.csv
2024-02-21,259.000000,261.000000,258.800000,261.000000,437280,manual download: /Users/pickaneym/Downloads/JFC Historical Data.csv
2024-02-22,260.000000,260.800000,258.000000,258.200000,918260,manual download: /Users/pickaneym/Downloads/JFC Historical Data.csv
2024-02-23,258.800000,265.600000,258.800000,264.200000,570020,manual download: /Users/pickaneym/Downloads/JFC Historical Data.csv
2024-02-26,264.200000,268.200000,264.200000,267.000000,200690,manual download: /Users/pickaneym/Downloads/JFC Historical Data.csv
2024-02-27,267.000000,271.800000,263.000000,271.800000,960300,manual download: /Users/pickaneym/Downloads/JFC Historical Data.csv
2024-02-28,271.800000,273.600000,266.200000,272.000000,1000000,manual download: /Users/pickaneym/Downloads/JFC Historical Data.csv
2024-02-29,272.000000,273.800000,263.200000,273.800000,932290,manual download: /Users/pickaneym/Downloads/JFC Historical Data.csv
2024-03-01,273.000000,273.600000,266.000000,271.600000,528400,manual download: /Users/pickaneym/Downloads/JFC Historical Data.csv
2024-03-04,272.000000,273.200000,267.000000,267.000000,539690,manual download: /Users/pickaneym/Downloads/JFC Historical Data.csv
2024-03-05,267.000000,268.800000,255.000000,255.000000,396620,manual download: /Users/pickaneym/Downloads/JFC Historical Data.csv
2024-03-06,255.400000,259.000000,252.600000,253.000000,721800,manual download: /Users/pickaneym/Downloads/JFC Historical Data.csv
2024-03-07,253.000000,256.800000,252.400000,256.000000,334450,manual download: /Users/pickaneym/Downloads/JFC Historical Data.csv
2024-03-08,256.800000,264.000000,256.200000,264.000000,412860,manual download: /Users/pickaneym/Downloads/JFC Historical Data.csv
2024-03-11,260.800000,262.800000,256.600000,260.000000,557970,manual download: /Users/pickaneym/Downloads/JFC Historical Data.csv
2024-03-12,260.400000,263.800000,259.000000,262.000000,287870,manual download: /Users/pickaneym/Downloads/JFC Historical Data.csv
2024-03-13,262.000000,265.000000,261.800000,264.200000,382920,manual download: /Users/pickaneym/Downloads/JFC Historical Data.csv
2024-03-14,264.200000,269.400000,264.000000,268.000000,616750,manual download: /Users/pickaneym/Downloads/JFC Historical Data.csv
2024-03-15,262.400000,266.800000,255.800000,257.400000,1600000,manual download: /Users/pickaneym/Downloads/JFC Historical Data.csv
2024-03-18,258.000000,262.400000,258.000000,260.000000,424760,manual download: /Users/pickaneym/Downloads/JFC Historical Data.csv
2024-03-19,261.800000,269.600000,261.200000,268.000000,1110000,manual download: /Users/pickaneym/Downloads/JFC Historical Data.csv
2024-03-20,267.800000,269.000000,259.000000,259.000000,406820,manual download: /Users/pickaneym/Downloads/JFC Historical Data.csv
2024-03-21,261.000000,265.000000,258.400000,265.000000,921990,manual download: /Users/pickaneym/Downloads/JFC Historical Data.csv
2024-03-22,262.800000,264.600000,262.200000,264.200000,104750,manual download: /Users/pickaneym/Downloads/JFC Historical Data.csv
2024-03-25,263.800000,265.000000,257.400000,257.400000,393990,manual download: /Users/pickaneym/Downloads/JFC Historical Data.csv
2024-03-26,257.400000,257.400000,252.200000,254.000000,1170000,manual download: /Users/pickaneym/Downloads/JFC Historical Data.csv
2024-03-27,254.000000,255.400000,251.600000,252.600000,2049999,manual download: /Users/pickaneym/Downloads/JFC Historical Data.csv
2024-04-01,252.000000,256.400000,244.000000,248.600000,1860000,manual download: /Users/pickaneym/Downloads/JFC Historical Data.csv
2024-04-02,248.600000,251.000000,246.200000,247.200000,1030000,manual download: /Users/pickaneym/Downloads/JFC Historical Data.csv
2024-04-03,244.000000,244.600000,241.600000,242.000000,836930,manual download: /Users/pickaneym/Downloads/JFC Historical Data.csv
2024-04-04,242.000000,242.000000,231.400000,232.600000,1900000,manual download: /Users/pickaneym/Downloads/JFC Historical Data.csv
2024-04-05,232.000000,237.000000,230.000000,230.000000,1060000,manual download: /Users/pickaneym/Downloads/JFC Historical Data.csv
2024-04-08,230.800000,237.000000,230.800000,236.000000,489260,manual download: /Users/pickaneym/Downloads/JFC Historical Data.csv
2024-04-11,235.000000,239.800000,234.000000,235.200000,651440,manual download: /Users/pickaneym/Downloads/JFC Historical Data.csv
2024-04-12,236.400000,236.800000,235.000000,235.600000,848740,manual download: /Users/pickaneym/Downloads/JFC Historical Data.csv
2024-04-15,233.800000,233.800000,227.200000,227.600000,652180,manual download: /Users/pickaneym/Downloads/JFC Historical Data.csv
2024-04-16,227.000000,229.000000,221.000000,221.000000,845400,manual download: /Users/pickaneym/Downloads/JFC Historical Data.csv
2024-04-17,222.000000,230.000000,221.000000,223.600000,1210000,manual download: /Users/pickaneym/Downloads/JFC Historical Data.csv
2024-04-18,224.000000,231.000000,224.000000,225.000000,298360,manual download: /Users/pickaneym/Downloads/JFC Historical Data.csv
2024-04-19,227.000000,230.800000,216.200000,220.200000,824100,manual download: /Users/pickaneym/Downloads/JFC Historical Data.csv
2024-04-22,222.000000,224.400000,217.000000,217.000000,349820,manual download: /Users/pickaneym/Downloads/JFC Historical Data.csv
2024-04-23,215.000000,226.800000,215.000000,222.800000,745200,manual download: /Users/pickaneym/Downloads/JFC Historical Data.csv
2024-04-24,226.200000,232.000000,224.400000,232.000000,757000,manual download: /Users/pickaneym/Downloads/JFC Historical Data.csv
2024-04-25,232.000000,236.800000,228.800000,235.000000,477230,manual download: /Users/pickaneym/Downloads/JFC Historical Data.csv
2024-04-26,234.600000,239.000000,226.800000,239.000000,378240,manual download: /Users/pickaneym/Downloads/JFC Historical Data.csv
2024-04-29,238.400000,240.000000,235.200000,240.000000,613590,manual download: /Users/pickaneym/Downloads/JFC Historical Data.csv
2024-04-30,239.000000,240.000000,235.000000,235.400000,379280,manual download: /Users/pickaneym/Downloads/JFC Historical Data.csv
2024-05-02,234.000000,234.000000,225.000000,226.000000,529730,manual download: /Users/pickaneym/Downloads/JFC Historical Data.csv
2024-05-03,222.000000,223.800000,216.600000,219.000000,1510000,manual download: /Users/pickaneym/Downloads/JFC Historical Data.csv
2024-05-06,220.000000,220.400000,217.400000,219.000000,1130000,manual download: /Users/pickaneym/Downloads/JFC Historical Data.csv
2024-05-07,220.000000,224.400000,219.000000,223.000000,564920,manual download: /Users/pickaneym/Downloads/JFC Historical Data.csv
2024-05-08,223.000000,226.800000,221.000000,221.800000,413090,manual download: /Users/pickaneym/Downloads/JFC Historical Data.csv
2024-05-09,230.000000,230.000000,219.000000,219.800000,779790,manual download: /Users/pickaneym/Downloads/JFC Historical Data.csv
2024-05-10,223.000000,224.400000,220.200000,222.000000,216950,manual download: /Users/pickaneym/Downloads/JFC Historical Data.csv
2024-05-13,221.800000,221.800000,217.600000,218.800000,848670,manual download: /Users/pickaneym/Downloads/JFC Historical Data.csv
2024-05-14,220.000000,222.800000,218.600000,219.200000,679740,manual download: /Users/pickaneym/Downloads/JFC Historical Data.csv
2024-05-15,220.200000,222.000000,219.400000,222.000000,421710,manual download: /Users/pickaneym/Downloads/JFC Historical Data.csv
2024-05-16,223.400000,224.600000,220.400000,224.000000,2150000,manual download: /Users/pickaneym/Downloads/JFC Historical Data.csv
2024-05-17,224.000000,227.200000,219.600000,226.000000,1510000,manual download: /Users/pickaneym/Downloads/JFC Historical Data.csv
2024-05-20,227.000000,232.000000,227.000000,230.000000,304040,manual download: /Users/pickaneym/Downloads/JFC Historical Data.csv
2024-05-21,230.000000,232.000000,227.000000,230.000000,469970,manual download: /Users/pickaneym/Downloads/JFC Historical Data.csv
2024-05-22,229.000000,229.800000,225.200000,229.400000,842970,manual download: /Users/pickaneym/Downloads/JFC Historical Data.csv
2024-05-23,229.400000,229.400000,228.000000,229.000000,537820,manual download: /Users/pickaneym/Downloads/JFC Historical Data.csv
2024-05-24,229.000000,230.000000,227.600000,230.000000,605180,manual download: /Users/pickaneym/Downloads/JFC Historical Data.csv
2024-05-27,230.000000,230.000000,226.000000,229.800000,194420,manual download: /Users/pickaneym/Downloads/JFC Historical Data.csv
2024-05-28,228.000000,228.200000,220.200000,220.200000,1270000,manual download: /Users/pickaneym/Downloads/JFC Historical Data.csv
2024-05-29,221.000000,224.400000,220.600000,221.000000,295140,manual download: /Users/pickaneym/Downloads/JFC Historical Data.csv
2024-05-30,221.000000,223.800000,216.000000,216.000000,1120000,manual download: /Users/pickaneym/Downloads/JFC Historical Data.csv
2024-05-31,217.200000,221.200000,216.400000,216.400000,2730000,manual download: /Users/pickaneym/Downloads/JFC Historical Data.csv
2024-06-03,216.800000,224.000000,216.600000,224.000000,233270,manual download: /Users/pickaneym/Downloads/JFC Historical Data.csv
2024-06-04,221.000000,224.000000,220.200000,223.600000,267220,manual download: /Users/pickaneym/Downloads/JFC Historical Data.csv
2024-06-05,223.800000,223.800000,220.200000,223.000000,770150,manual download: /Users/pickaneym/Downloads/JFC Historical Data.csv
2024-06-06,223.000000,230.200000,221.800000,228.800000,702710,manual download: /Users/pickaneym/Downloads/JFC Historical Data.csv
2024-06-07,228.200000,231.400000,226.200000,230.000000,1160000,manual download: /Users/pickaneym/Downloads/JFC Historical Data.csv
2024-06-10,230.000000,231.400000,226.200000,228.600000,295320,manual download: /Users/pickaneym/Downloads/JFC Historical Data.csv
2024-06-11,229.000000,230.800000,227.000000,230.000000,872470,manual download: /Users/pickaneym/Downloads/JFC Historical Data.csv
2024-06-13,230.000000,230.800000,222.200000,222.200000,421140,manual download: /Users/pickaneym/Downloads/JFC Historical Data.csv
2024-06-14,222.400000,222.800000,218.400000,219.000000,728450,manual download: /Users/pickaneym/Downloads/JFC Historical Data.csv
2024-06-18,219.000000,223.800000,219.000000,223.800000,464710,manual download: /Users/pickaneym/Downloads/JFC Historical Data.csv
2024-06-19,224.000000,224.000000,219.400000,223.000000,446890,manual download: /Users/pickaneym/Downloads/JFC Historical Data.csv
2024-06-20,223.000000,223.000000,216.000000,217.200000,852880,manual download: /Users/pickaneym/Downloads/JFC Historical Data.csv
2024-06-21,217.200000,221.600000,211.000000,211.000000,1540000,manual download: /Users/pickaneym/Downloads/JFC Historical Data.csv
2024-06-24,214.000000,218.000000,214.000000,218.000000,725500,manual download: /Users/pickaneym/Downloads/JFC Historical Data.csv
2024-06-25,218.000000,219.000000,217.000000,218.000000,303040,manual download: /Users/pickaneym/Downloads/JFC Historical Data.csv
2024-06-26,218.000000,224.600000,218.000000,223.000000,343970,manual download: /Users/pickaneym/Downloads/JFC Historical Data.csv
2024-06-27,222.000000,225.000000,220.200000,224.000000,517700,manual download: /Users/pickaneym/Downloads/JFC Historical Data.csv
2024-06-28,224.200000,229.400000,223.000000,226.000000,1070000,manual download: /Users/pickaneym/Downloads/JFC Historical Data.csv
2024-07-01,226.000000,226.400000,222.000000,225.200000,403780,manual download: /Users/pickaneym/Downloads/JFC Historical Data.csv
2024-07-02,225.200000,226.200000,223.000000,226.200000,44960,manual download: /Users/pickaneym/Downloads/JFC Historical Data.csv
2024-07-03,229.000000,231.000000,227.200000,230.200000,1160000,manual download: /Users/pickaneym/Downloads/JFC Historical Data.csv
2024-07-04,230.200000,233.800000,229.600000,231.400000,384620,manual download: /Users/pickaneym/Downloads/JFC Historical Data.csv
2024-07-05,231.400000,236.000000,231.400000,234.000000,716530,manual download: /Users/pickaneym/Downloads/JFC Historical Data.csv
2024-07-08,233.800000,236.800000,232.000000,233.000000,638950,manual download: /Users/pickaneym/Downloads/JFC Historical Data.csv
2024-07-09,232.800000,232.800000,229.000000,230.800000,3230000,manual download: /Users/pickaneym/Downloads/JFC Historical Data.csv
2024-07-10,230.000000,230.000000,221.600000,222.000000,1220000,manual download: /Users/pickaneym/Downloads/JFC Historical Data.csv
2024-07-11,225.000000,228.000000,223.000000,227.200000,582840,manual download: /Users/pickaneym/Downloads/JFC Historical Data.csv
2024-07-12,228.000000,229.800000,225.000000,227.400000,484820,manual download: /Users/pickaneym/Downloads/JFC Historical Data.csv
2024-07-15,227.200000,230.600000,226.000000,230.000000,1260000,manual download: /Users/pickaneym/Downloads/JFC Historical Data.csv
2024-07-16,228.200000,230.200000,224.600000,230.000000,997300,manual download: /Users/pickaneym/Downloads/JFC Historical Data.csv
2024-07-17,229.600000,231.000000,225.800000,231.000000,396260,manual download: /Users/pickaneym/Downloads/JFC Historical Data.csv
2024-07-18,230.000000,231.200000,226.400000,231.200000,346710,manual download: /Users/pickaneym/Downloads/JFC Historical Data.csv
2024-07-19,229.000000,232.800000,227.600000,229.400000,807200,manual download: /Users/pickaneym/Downloads/JFC Historical Data.csv
2024-07-22,228.000000,230.600000,228.000000,228.000000,336790,manual download: /Users/pickaneym/Downloads/JFC Historical Data.csv
2024-07-23,229.800000,229.800000,227.800000,229.000000,487020,manual download: /Users/pickaneym/Downloads/JFC Historical Data.csv
2024-07-25,228.200000,228.400000,224.000000,225.000000,286450,manual download: /Users/pickaneym/Downloads/JFC Historical Data.csv
2024-07-26,225.000000,228.600000,225.000000,228.000000,160870,manual download: /Users/pickaneym/Downloads/JFC Historical Data.csv
2024-07-29,228.200000,230.800000,227.200000,227.600000,343030,manual download: /Users/pickaneym/Downloads/JFC Historical Data.csv
2024-07-30,227.600000,228.800000,225.600000,227.000000,355720,manual download: /Users/pickaneym/Downloads/JFC Historical Data.csv
2024-07-31,227.000000,231.800000,227.000000,230.000000,494770,manual download: /Users/pickaneym/Downloads/JFC Historical Data.csv
2024-08-01,230.000000,232.800000,229.000000,232.800000,481890,manual download: /Users/pickaneym/Downloads/JFC Historical Data.csv
2024-08-02,230.000000,230.800000,224.200000,229.400000,700560,manual download: /Users/pickaneym/Downloads/JFC Historical Data.csv
2024-08-05,229.000000,229.000000,221.000000,222.000000,554820,manual download: /Users/pickaneym/Downloads/JFC Historical Data.csv
2024-08-06,222.200000,227.200000,220.200000,226.000000,372020,manual download: /Users/pickaneym/Downloads/JFC Historical Data.csv
2024-08-07,226.000000,228.600000,224.000000,226.800000,377120,manual download: /Users/pickaneym/Downloads/JFC Historical Data.csv
2024-08-08,228.200000,229.800000,225.200000,229.000000,328480,manual download: /Users/pickaneym/Downloads/JFC Historical Data.csv
2024-08-09,229.000000,231.000000,227.000000,231.000000,357230,manual download: /Users/pickaneym/Downloads/JFC Historical Data.csv
2024-08-12,231.000000,232.000000,229.200000,231.000000,241080,manual download: /Users/pickaneym/Downloads/JFC Historical Data.csv
2024-08-13,231.200000,234.600000,230.200000,234.600000,574790,manual download: /Users/pickaneym/Downloads/JFC Historical Data.csv
2024-08-14,235.600000,242.400000,235.600000,241.600000,2160000,manual download: /Users/pickaneym/Downloads/JFC Historical Data.csv
2024-08-15,243.000000,245.400000,242.000000,244.000000,1730000,manual download: /Users/pickaneym/Downloads/JFC Historical Data.csv
2024-08-16,244.200000,252.200000,244.000000,252.200000,2180000,manual download: /Users/pickaneym/Downloads/JFC Historical Data.csv
2024-08-19,251.800000,254.400000,247.200000,248.000000,732740,manual download: /Users/pickaneym/Downloads/JFC Historical Data.csv
2024-08-20,248.200000,250.400000,243.200000,245.800000,876320,manual download: /Users/pickaneym/Downloads/JFC Historical Data.csv
2024-08-21,246.000000,251.600000,246.000000,250.000000,431980,manual download: /Users/pickaneym/Downloads/JFC Historical Data.csv
2024-08-22,250.000000,254.400000,249.400000,254.000000,525920,manual download: /Users/pickaneym/Downloads/JFC Historical Data.csv
2024-08-27,254.000000,254.800000,250.000000,252.400000,484540,manual download: /Users/pickaneym/Downloads/JFC Historical Data.csv
2024-08-28,252.400000,254.800000,252.400000,254.800000,290320,manual download: /Users/pickaneym/Downloads/JFC Historical Data.csv
2024-08-29,255.000000,258.600000,254.800000,257.600000,1470000,manual download: /Users/pickaneym/Downloads/JFC Historical Data.csv
2024-08-30,257.600000,261.200000,257.200000,259.800000,1610000,manual download: /Users/pickaneym/Downloads/JFC Historical Data.csv
2024-09-02,259.800000,262.000000,258.000000,260.000000,780530,manual download: /Users/pickaneym/Downloads/JFC Historical Data.csv
2024-09-03,259.800000,261.800000,259.600000,261.000000,591230,manual download: /Users/pickaneym/Downloads/JFC Historical Data.csv
2024-09-04,258.000000,258.000000,252.000000,254.000000,1070000,manual download: /Users/pickaneym/Downloads/JFC Historical Data.csv
2024-09-05,254.000000,260.000000,253.200000,260.000000,587780,manual download: /Users/pickaneym/Downloads/JFC Historical Data.csv
2024-09-06,255.000000,260.000000,254.600000,255.000000,760990,manual download: /Users/pickaneym/Downloads/JFC Historical Data.csv
2024-09-09,255.000000,258.600000,252.000000,252.000000,287620,manual download: /Users/pickaneym/Downloads/JFC Historical Data.csv
2024-09-10,253.000000,257.600000,252.200000,252.600000,627270,manual download: /Users/pickaneym/Downloads/JFC Historical Data.csv
2024-09-11,252.000000,256.200000,249.000000,250.000000,933030,manual download: /Users/pickaneym/Downloads/JFC Historical Data.csv
2024-09-12,250.000000,257.600000,250.000000,256.000000,641590,manual download: /Users/pickaneym/Downloads/JFC Historical Data.csv
2024-09-13,255.200000,258.000000,253.200000,254.000000,306760,manual download: /Users/pickaneym/Downloads/JFC Historical Data.csv
2024-09-16,254.000000,257.200000,253.400000,255.000000,170530,manual download: /Users/pickaneym/Downloads/JFC Historical Data.csv
2024-09-17,255.000000,260.600000,255.000000,260.000000,475040,manual download: /Users/pickaneym/Downloads/JFC Historical Data.csv
2024-09-18,260.000000,263.400000,257.400000,262.800000,451340,manual download: /Users/pickaneym/Downloads/JFC Historical Data.csv
2024-09-19,261.000000,266.400000,254.600000,257.000000,835320,manual download: /Users/pickaneym/Downloads/JFC Historical Data.csv
2024-09-20,259.800000,270.000000,259.800000,270.000000,1290000,manual download: /Users/pickaneym/Downloads/JFC Historical Data.csv
2024-09-23,269.600000,272.800000,268.800000,272.800000,804060,manual download: /Users/pickaneym/Downloads/JFC Historical Data.csv
2024-09-24,272.600000,273.600000,270.000000,272.800000,716440,manual download: /Users/pickaneym/Downloads/JFC Historical Data.csv
2024-09-25,272.000000,272.800000,268.000000,269.000000,906650,manual download: /Users/pickaneym/Downloads/JFC Historical Data.csv
2024-09-26,269.000000,270.400000,264.000000,270.000000,453380,manual download: /Users/pickaneym/Downloads/JFC Historical Data.csv
2024-09-27,270.000000,270.400000,267.400000,269.000000,341390,manual download: /Users/pickaneym/Downloads/JFC Historical Data.csv
2024-09-30,267.000000,270.000000,266.000000,268.600000,511300,manual download: /Users/pickaneym/Downloads/JFC Historical Data.csv
2024-10-01,267.000000,268.600000,265.000000,268.600000,220650,manual download: /Users/pickaneym/Downloads/JFC Historical Data.csv
2024-10-02,267.400000,267.800000,265.600000,266.600000,216810,manual download: /Users/pickaneym/Downloads/JFC Historical Data.csv
2024-10-03,266.600000,271.000000,266.600000,271.000000,290190,manual download: /Users/pickaneym/Downloads/JFC Historical Data.csv
2024-10-04,270.000000,272.000000,269.000000,269.400000,292970,manual download: /Users/pickaneym/Downloads/JFC Historical Data.csv
2024-10-07,269.400000,276.000000,269.400000,275.000000,1170000,manual download: /Users/pickaneym/Downloads/JFC Historical Data.csv
2024-10-08,275.000000,276.000000,273.000000,273.000000,512100,manual download: /Users/pickaneym/Downloads/JFC Historical Data.csv
2024-10-09,270.000000,276.000000,263.400000,274.800000,734720,manual download: /Users/pickaneym/Downloads/JFC Historical Data.csv
2024-10-10,274.000000,276.000000,270.800000,275.000000,324860,manual download: /Users/pickaneym/Downloads/JFC Historical Data.csv
2024-10-11,275.000000,275.000000,270.000000,274.000000,360070,manual download: /Users/pickaneym/Downloads/JFC Historical Data.csv
2024-10-14,272.000000,277.600000,272.000000,275.000000,514669,manual download: /Users/pickaneym/Downloads/JFC Historical Data.csv
2024-10-15,272.200000,277.600000,272.200000,276.800000,571800,manual download: /Users/pickaneym/Downloads/JFC Historical Data.csv
2024-10-16,276.800000,277.600000,275.200000,276.800000,192480,manual download: /Users/pickaneym/Downloads/JFC Historical Data.csv
2024-10-17,276.800000,277.400000,275.200000,277.400000,182200,manual download: /Users/pickaneym/Downloads/JFC Historical Data.csv
2024-10-18,277.600000,277.600000,274.200000,276.800000,91540,manual download: /Users/pickaneym/Downloads/JFC Historical Data.csv
2024-10-21,276.800000,277.800000,273.200000,276.000000,100840,manual download: /Users/pickaneym/Downloads/JFC Historical Data.csv
2024-10-22,276.000000,279.600000,275.800000,278.600000,975920,manual download: /Users/pickaneym/Downloads/JFC Historical Data.csv
2024-10-23,278.400000,279.000000,275.200000,275.200000,282720,manual download: /Users/pickaneym/Downloads/JFC Historical Data.csv
2024-10-24,274.000000,274.000000,266.200000,267.000000,561320,manual download: /Users/pickaneym/Downloads/JFC Historical Data.csv
2024-10-25,267.000000,269.400000,264.600000,266.400000,210610,manual download: /Users/pickaneym/Downloads/JFC Historical Data.csv
2024-10-28,271.600000,271.600000,266.000000,269.000000,186650,manual download: /Users/pickaneym/Downloads/JFC Historical Data.csv
2024-10-29,269.000000,269.000000,264.000000,265.000000,338740,manual download: /Users/pickaneym/Downloads/JFC Historical Data.csv
2024-10-30,265.000000,270.400000,262.200000,270.000000,409060,manual download: /Users/pickaneym/Downloads/JFC Historical Data.csv
2024-10-31,269.000000,269.000000,265.000000,265.200000,464800,manual download: /Users/pickaneym/Downloads/JFC Historical Data.csv
2024-11-04,267.000000,268.000000,264.200000,264.200000,167060,manual download: /Users/pickaneym/Downloads/JFC Historical Data.csv
2024-11-05,265.000000,275.000000,263.000000,275.000000,214210,manual download: /Users/pickaneym/Downloads/JFC Historical Data.csv
2024-11-06,270.000000,273.000000,269.200000,271.200000,287150,manual download: /Users/pickaneym/Downloads/JFC Historical Data.csv
2024-11-07,270.000000,270.000000,260.000000,265.000000,352020,manual download: /Users/pickaneym/Downloads/JFC Historical Data.csv
2024-11-08,264.000000,264.800000,258.000000,260.000000,325600,manual download: /Users/pickaneym/Downloads/JFC Historical Data.csv
2024-11-11,260.000000,260.200000,256.200000,260.000000,200130,manual download: /Users/pickaneym/Downloads/JFC Historical Data.csv
2024-11-12,261.000000,267.200000,258.400000,259.400000,571320,manual download: /Users/pickaneym/Downloads/JFC Historical Data.csv
2024-11-13,260.000000,261.800000,255.000000,255.000000,499520,manual download: /Users/pickaneym/Downloads/JFC Historical Data.csv
2024-11-14,260.000000,261.000000,257.200000,258.000000,769250,manual download: /Users/pickaneym/Downloads/JFC Historical Data.csv
2024-11-15,260.000000,266.000000,257.800000,260.000000,721930,manual download: /Users/pickaneym/Downloads/JFC Historical Data.csv
2024-11-18,260.000000,264.800000,258.200000,260.000000,303560,manual download: /Users/pickaneym/Downloads/JFC Historical Data.csv
2024-11-19,260.000000,267.400000,260.000000,267.400000,362190,manual download: /Users/pickaneym/Downloads/JFC Historical Data.csv
2024-11-20,265.000000,274.000000,265.000000,274.000000,247970,manual download: /Users/pickaneym/Downloads/JFC Historical Data.csv
2024-11-21,270.000000,270.000000,265.200000,269.400000,547900,manual download: /Users/pickaneym/Downloads/JFC Historical Data.csv
2024-11-22,270.000000,270.000000,263.200000,265.000000,452180,manual download: /Users/pickaneym/Downloads/JFC Historical Data.csv
2024-11-25,265.000000,275.600000,263.200000,275.600000,780360,manual download: /Users/pickaneym/Downloads/JFC Historical Data.csv
2024-11-26,274.000000,274.000000,268.000000,271.600000,195770,manual download: /Users/pickaneym/Downloads/JFC Historical Data.csv
2024-11-27,270.000000,271.800000,268.000000,271.800000,255100,manual download: /Users/pickaneym/Downloads/JFC Historical Data.csv
2024-11-28,271.800000,271.800000,260.400000,261.200000,498440,manual download: /Users/pickaneym/Downloads/JFC Historical Data.csv
2024-11-29,261.400000,264.600000,258.000000,258.000000,489100,manual download: /Users/pickaneym/Downloads/JFC Historical Data.csv
2024-12-02,258.000000,265.000000,255.600000,265.000000,239960,manual download: /Users/pickaneym/Downloads/JFC Historical Data.csv
2024-12-03,265.000000,266.800000,260.600000,262.000000,338200,manual download: /Users/pickaneym/Downloads/JFC Historical Data.csv
2024-12-04,263.200000,270.600000,262.000000,262.000000,523000,manual download: /Users/pickaneym/Downloads/JFC Historical Data.csv
2024-12-05,262.200000,265.800000,260.000000,262.800000,271080,manual download: /Users/pickaneym/Downloads/JFC Historical Data.csv
2024-12-06,262.800000,267.000000,261.400000,266.800000,279560,manual download: /Users/pickaneym/Downloads/JFC Historical Data.csv
2024-12-09,265.000000,265.000000,260.000000,260.000000,322420,manual download: /Users/pickaneym/Downloads/JFC Historical Data.csv
2024-12-10,260.000000,270.000000,260.000000,270.000000,506630,manual download: /Users/pickaneym/Downloads/JFC Historical Data.csv
2024-12-11,269.600000,270.000000,263.000000,268.600000,441510,manual download: /Users/pickaneym/Downloads/JFC Historical Data.csv
2024-12-12,268.800000,268.800000,261.200000,265.000000,268170,manual download: /Users/pickaneym/Downloads/JFC Historical Data.csv
2024-12-13,265.000000,265.000000,258.800000,260.000000,367810,manual download: /Users/pickaneym/Downloads/JFC Historical Data.csv
2024-12-16,260.000000,262.000000,256.200000,257.200000,507990,manual download: /Users/pickaneym/Downloads/JFC Historical Data.csv
2024-12-17,257.400000,260.000000,256.800000,260.000000,519220,manual download: /Users/pickaneym/Downloads/JFC Historical Data.csv
2024-12-18,260.000000,266.000000,258.000000,260.000000,627120,manual download: /Users/pickaneym/Downloads/JFC Historical Data.csv
2024-12-19,260.800000,262.000000,254.000000,256.000000,458910,manual download: /Users/pickaneym/Downloads/JFC Historical Data.csv
2024-12-20,258.000000,263.000000,256.400000,256.400000,493600,manual download: /Users/pickaneym/Downloads/JFC Historical Data.csv
2024-12-23,256.600000,268.200000,255.000000,268.200000,362450,manual download: /Users/pickaneym/Downloads/JFC Historical Data.csv
2024-12-26,264.400000,264.600000,257.000000,262.800000,167440,manual download: /Users/pickaneym/Downloads/JFC Historical Data.csv
2024-12-27,263.000000,269.400000,263.000000,269.000000,498640,manual download: /Users/pickaneym/Downloads/JFC Historical Data.csv
2025-01-02,268.800000,269.000000,261.200000,268.000000,138990,manual download: /Users/pickaneym/Downloads/JFC Historical Data.csv
2025-01-03,268.000000,268.000000,264.400000,266.600000,279930,manual download: /Users/pickaneym/Downloads/JFC Historical Data.csv
2025-01-06,266.600000,266.800000,260.000000,261.000000,334610,manual download: /Users/pickaneym/Downloads/JFC Historical Data.csv
2025-01-07,261.000000,264.600000,260.000000,264.000000,450170,manual download: /Users/pickaneym/Downloads/JFC Historical Data.csv
2025-01-08,264.000000,267.000000,261.000000,267.000000,1060000,manual download: /Users/pickaneym/Downloads/JFC Historical Data.csv
2025-01-09,266.000000,266.000000,260.200000,264.600000,208460,manual download: /Users/pickaneym/Downloads/JFC Historical Data.csv
2025-01-10,264.600000,265.800000,261.600000,262.400000,203360,manual download: /Users/pickaneym/Downloads/JFC Historical Data.csv
2025-01-13,262.400000,262.400000,255.000000,255.000000,830230,manual download: /Users/pickaneym/Downloads/JFC Historical Data.csv
2025-01-14,255.200000,259.400000,250.000000,251.400000,642390,manual download: /Users/pickaneym/Downloads/JFC Historical Data.csv
2025-01-15,251.400000,254.800000,250.600000,251.400000,526930,manual download: /Users/pickaneym/Downloads/JFC Historical Data.csv
2025-01-16,253.000000,256.000000,242.600000,242.600000,790390,manual download: /Users/pickaneym/Downloads/JFC Historical Data.csv
2025-01-17,247.800000,250.000000,243.800000,247.000000,693970,manual download: /Users/pickaneym/Downloads/JFC Historical Data.csv
2025-01-20,247.400000,248.000000,246.000000,247.000000,227040,manual download: /Users/pickaneym/Downloads/JFC Historical Data.csv
2025-01-21,247.000000,249.000000,245.200000,247.000000,126850,manual download: /Users/pickaneym/Downloads/JFC Historical Data.csv
2025-01-22,247.000000,248.400000,242.400000,245.000000,1080000,manual download: /Users/pickaneym/Downloads/JFC Historical Data.csv
2025-01-23,248.000000,249.800000,245.000000,248.600000,237370,manual download: /Users/pickaneym/Downloads/JFC Historical Data.csv
2025-01-24,248.200000,250.400000,242.200000,247.600000,500750,manual download: /Users/pickaneym/Downloads/JFC Historical Data.csv
2025-01-27,247.600000,249.600000,237.200000,238.200000,568930,manual download: /Users/pickaneym/Downloads/JFC Historical Data.csv
2025-01-28,238.200000,243.000000,237.000000,242.000000,353180,manual download: /Users/pickaneym/Downloads/JFC Historical Data.csv
2025-01-30,242.000000,242.000000,233.000000,236.600000,394630,manual download: /Users/pickaneym/Downloads/JFC Historical Data.csv
2025-01-31,236.600000,236.600000,222.000000,222.000000,1710000,manual download: /Users/pickaneym/Downloads/JFC Historical Data.csv
2025-02-03,231.000000,233.800000,226.000000,226.000000,1010000,manual download: /Users/pickaneym/Downloads/JFC Historical Data.csv
2025-02-04,231.000000,237.800000,229.200000,235.000000,424370,manual download: /Users/pickaneym/Downloads/JFC Historical Data.csv
2025-02-05,236.000000,251.000000,236.000000,244.600000,1030000,manual download: /Users/pickaneym/Downloads/JFC Historical Data.csv
2025-02-06,245.000000,246.600000,241.000000,243.000000,524720,manual download: /Users/pickaneym/Downloads/JFC Historical Data.csv
2025-02-07,243.000000,243.000000,236.000000,236.200000,586100,manual download: /Users/pickaneym/Downloads/JFC Historical Data.csv
2025-02-10,239.600000,239.600000,232.600000,232.600000,495710,manual download: /Users/pickaneym/Downloads/JFC Historical Data.csv
2025-02-11,232.600000,238.800000,228.200000,236.000000,647000,manual download: /Users/pickaneym/Downloads/JFC Historical Data.csv
2025-02-12,232.000000,237.000000,232.000000,237.000000,341740,manual download: /Users/pickaneym/Downloads/JFC Historical Data.csv
2025-02-13,237.000000,262.600000,234.000000,262.400000,3620000,manual download: /Users/pickaneym/Downloads/JFC Historical Data.csv
2025-02-14,261.000000,261.800000,253.000000,259.200000,756390,manual download: /Users/pickaneym/Downloads/JFC Historical Data.csv
2025-02-17,258.000000,258.000000,251.800000,253.000000,233530,manual download: /Users/pickaneym/Downloads/JFC Historical Data.csv
2025-02-18,253.000000,260.000000,253.000000,257.000000,801240,manual download: /Users/pickaneym/Downloads/JFC Historical Data.csv
2025-02-19,257.000000,259.400000,251.000000,252.200000,650620,manual download: /Users/pickaneym/Downloads/JFC Historical Data.csv
2025-02-20,253.000000,259.800000,251.800000,258.000000,396990,manual download: /Users/pickaneym/Downloads/JFC Historical Data.csv
2025-02-21,258.000000,261.000000,256.000000,258.600000,443910,manual download: /Users/pickaneym/Downloads/JFC Historical Data.csv
2025-02-24,258.600000,259.000000,252.400000,254.000000,367600,manual download: /Users/pickaneym/Downloads/JFC Historical Data.csv
2025-02-25,256.000000,261.200000,251.000000,259.000000,881670,manual download: /Users/pickaneym/Downloads/JFC Historical Data.csv
2025-02-26,260.000000,268.000000,255.000000,268.000000,1530000,manual download: /Users/pickaneym/Downloads/JFC Historical Data.csv
2025-02-27,265.000000,267.000000,261.600000,266.000000,638470,manual download: /Users/pickaneym/Downloads/JFC Historical Data.csv
2025-02-28,265.000000,265.000000,257.200000,257.200000,1810000,manual download: /Users/pickaneym/Downloads/JFC Historical Data.csv
2025-03-03,258.400000,260.600000,258.000000,258.000000,468920,manual download: /Users/pickaneym/Downloads/JFC Historical Data.csv
2025-03-04,257.200000,257.200000,252.000000,252.000000,715740,manual download: /Users/pickaneym/Downloads/JFC Historical Data.csv
2025-03-05,252.000000,255.000000,249.000000,252.000000,1100000,manual download: /Users/pickaneym/Downloads/JFC Historical Data.csv
2025-03-06,252.000000,257.000000,252.000000,252.000000,764740,manual download: /Users/pickaneym/Downloads/JFC Historical Data.csv
2025-03-07,252.000000,254.200000,251.600000,252.800000,530690,manual download: /Users/pickaneym/Downloads/JFC Historical Data.csv
2025-03-10,252.800000,264.000000,252.800000,264.000000,567640,manual download: /Users/pickaneym/Downloads/JFC Historical Data.csv
2025-03-11,262.000000,264.000000,252.400000,264.000000,1350000,manual download: /Users/pickaneym/Downloads/JFC Historical Data.csv
2025-03-12,262.600000,262.600000,252.800000,260.000000,747180,manual download: /Users/pickaneym/Downloads/JFC Historical Data.csv
2025-03-13,260.000000,260.000000,257.000000,257.200000,821190,manual download: /Users/pickaneym/Downloads/JFC Historical Data.csv
2025-03-14,257.800000,263.800000,255.200000,260.000000,357740,manual download: /Users/pickaneym/Downloads/JFC Historical Data.csv
2025-03-17,260.000000,263.000000,258.000000,258.000000,332000,manual download: /Users/pickaneym/Downloads/JFC Historical Data.csv
2025-03-18,260.000000,260.000000,250.400000,251.800000,1200000,manual download: /Users/pickaneym/Downloads/JFC Historical Data.csv
2025-03-19,252.000000,254.400000,250.000000,250.200000,861050,manual download: /Users/pickaneym/Downloads/JFC Historical Data.csv
2025-03-20,250.400000,253.000000,247.400000,248.000000,865420,manual download: /Users/pickaneym/Downloads/JFC Historical Data.csv
2025-03-21,248.000000,248.000000,236.800000,238.000000,1780000,manual download: /Users/pickaneym/Downloads/JFC Historical Data.csv
2025-03-24,240.000000,242.000000,238.200000,240.000000,436410,manual download: /Users/pickaneym/Downloads/JFC Historical Data.csv
2025-03-25,240.000000,241.800000,230.400000,232.800000,1390000,manual download: /Users/pickaneym/Downloads/JFC Historical Data.csv
2025-03-26,234.000000,237.800000,233.600000,233.600000,1230000,manual download: /Users/pickaneym/Downloads/JFC Historical Data.csv
2025-03-27,236.400000,236.400000,232.000000,233.000000,904680,manual download: /Users/pickaneym/Downloads/JFC Historical Data.csv
2025-03-28,233.800000,238.600000,233.400000,233.400000,580520,manual download: /Users/pickaneym/Downloads/JFC Historical Data.csv
2025-03-31,236.000000,240.000000,232.800000,240.000000,710980,manual download: /Users/pickaneym/Downloads/JFC Historical Data.csv
2025-04-02,240.000000,240.000000,230.400000,231.200000,792400,manual download: /Users/pickaneym/Downloads/JFC Historical Data.csv
2025-04-03,232.000000,232.000000,222.600000,224.000000,2410000,manual download: /Users/pickaneym/Downloads/JFC Historical Data.csv
2025-04-04,224.200000,228.200000,222.600000,224.200000,567040,manual download: /Users/pickaneym/Downloads/JFC Historical Data.csv
2025-04-07,220.000000,221.400000,203.000000,203.000000,2570000,manual download: /Users/pickaneym/Downloads/JFC Historical Data.csv
2025-04-08,209.200000,218.200000,209.000000,217.200000,1480000,manual download: /Users/pickaneym/Downloads/JFC Historical Data.csv
2025-04-10,226.000000,226.000000,213.600000,214.800000,1300000,manual download: /Users/pickaneym/Downloads/JFC Historical Data.csv
2025-04-11,216.400000,217.800000,208.200000,216.000000,709350,manual download: /Users/pickaneym/Downloads/JFC Historical Data.csv
2025-04-14,216.800000,220.200000,214.000000,220.200000,545770,manual download: /Users/pickaneym/Downloads/JFC Historical Data.csv
2025-04-15,222.000000,230.800000,222.000000,230.600000,1120000,manual download: /Users/pickaneym/Downloads/JFC Historical Data.csv
2025-04-16,230.600000,234.800000,227.600000,234.000000,562970,manual download: /Users/pickaneym/Downloads/JFC Historical Data.csv
2025-04-21,234.000000,235.400000,230.800000,233.800000,472130,manual download: /Users/pickaneym/Downloads/JFC Historical Data.csv
2025-04-22,233.800000,233.800000,225.600000,226.400000,649390,manual download: /Users/pickaneym/Downloads/JFC Historical Data.csv
2025-04-23,226.000000,226.000000,220.000000,220.200000,1130000,manual download: /Users/pickaneym/Downloads/JFC Historical Data.csv
2025-04-24,221.000000,227.800000,220.600000,223.200000,386520,manual download: /Users/pickaneym/Downloads/JFC Historical Data.csv
2025-04-25,227.000000,227.000000,220.600000,225.000000,769450,manual download: /Users/pickaneym/Downloads/JFC Historical Data.csv
2025-04-28,223.400000,225.000000,222.200000,223.600000,547360,manual download: /Users/pickaneym/Downloads/JFC Historical Data.csv
2025-04-29,224.000000,227.600000,224.000000,224.000000,404130,manual download: /Users/pickaneym/Downloads/JFC Historical Data.csv
2025-04-30,224.000000,230.200000,224.000000,228.800000,1370000,manual download: /Users/pickaneym/Downloads/JFC Historical Data.csv
2025-05-02,228.800000,231.000000,226.400000,226.600000,544730,manual download: /Users/pickaneym/Downloads/JFC Historical Data.csv
2025-05-05,227.000000,231.400000,225.000000,227.400000,770890,manual download: /Users/pickaneym/Downloads/JFC Historical Data.csv
2025-05-06,228.200000,231.800000,227.400000,229.000000,447730,manual download: /Users/pickaneym/Downloads/JFC Historical Data.csv
2025-05-07,229.800000,238.200000,229.800000,235.000000,644290,manual download: /Users/pickaneym/Downloads/JFC Historical Data.csv
2025-05-08,235.000000,238.000000,230.400000,231.400000,504020,manual download: /Users/pickaneym/Downloads/JFC Historical Data.csv
2025-05-09,231.400000,235.000000,230.800000,235.000000,606110,manual download: /Users/pickaneym/Downloads/JFC Historical Data.csv
2025-05-13,233.000000,233.600000,227.000000,233.000000,1190000,manual download: /Users/pickaneym/Downloads/JFC Historical Data.csv
2025-05-14,233.000000,243.200000,233.000000,243.200000,1560000,manual download: /Users/pickaneym/Downloads/JFC Historical Data.csv
2025-05-15,241.400000,245.800000,239.000000,245.000000,889880,manual download: /Users/pickaneym/Downloads/JFC Historical Data.csv
2025-05-16,245.000000,246.000000,241.400000,245.000000,763800,manual download: /Users/pickaneym/Downloads/JFC Historical Data.csv
2025-05-19,243.600000,245.600000,238.400000,240.000000,368680,manual download: /Users/pickaneym/Downloads/JFC Historical Data.csv
2025-05-20,240.000000,242.800000,232.000000,242.000000,1090000,manual download: /Users/pickaneym/Downloads/JFC Historical Data.csv
2025-05-21,239.000000,244.200000,239.000000,243.000000,331400,manual download: /Users/pickaneym/Downloads/JFC Historical Data.csv
2025-05-22,243.600000,243.800000,237.600000,239.000000,742730,manual download: /Users/pickaneym/Downloads/JFC Historical Data.csv
2025-05-23,240.000000,242.800000,238.200000,242.800000,616640,manual download: /Users/pickaneym/Downloads/JFC Historical Data.csv
2025-05-26,242.600000,242.600000,239.200000,241.000000,564650,manual download: /Users/pickaneym/Downloads/JFC Historical Data.csv
2025-05-27,241.000000,242.800000,239.000000,240.200000,440990,manual download: /Users/pickaneym/Downloads/JFC Historical Data.csv
2025-05-28,241.200000,244.200000,238.600000,238.600000,882070,manual download: /Users/pickaneym/Downloads/JFC Historical Data.csv
2025-05-29,238.800000,240.400000,237.400000,238.400000,568020,manual download: /Users/pickaneym/Downloads/JFC Historical Data.csv
2025-05-30,239.000000,239.800000,223.000000,223.000000,4330000,manual download: /Users/pickaneym/Downloads/JFC Historical Data.csv
2025-06-02,228.600000,232.600000,227.000000,229.400000,1080000,manual download: /Users/pickaneym/Downloads/JFC Historical Data.csv
2025-06-03,230.000000,232.000000,228.200000,230.600000,909640,manual download: /Users/pickaneym/Downloads/JFC Historical Data.csv
2025-06-04,231.000000,231.000000,225.000000,226.200000,1270000,manual download: /Users/pickaneym/Downloads/JFC Historical Data.csv
2025-06-05,228.000000,232.000000,227.400000,230.400000,868580,manual download: /Users/pickaneym/Downloads/JFC Historical Data.csv
2025-06-09,230.800000,230.800000,227.000000,228.000000,315870,manual download: /Users/pickaneym/Downloads/JFC Historical Data.csv
2025-06-10,228.000000,228.400000,223.400000,226.000000,860640,manual download: /Users/pickaneym/Downloads/JFC Historical Data.csv
2025-06-11,228.000000,234.400000,227.000000,233.800000,959770,manual download: /Users/pickaneym/Downloads/JFC Historical Data.csv
2025-06-13,231.400000,232.400000,225.200000,226.200000,1420000,manual download: /Users/pickaneym/Downloads/JFC Historical Data.csv
2025-06-16,225.800000,228.800000,225.000000,226.200000,284600,manual download: /Users/pickaneym/Downloads/JFC Historical Data.csv
2025-06-17,227.000000,230.600000,226.200000,230.400000,432060,manual download: /Users/pickaneym/Downloads/JFC Historical Data.csv
2025-06-18,230.200000,230.200000,225.000000,226.800000,928810,manual download: /Users/pickaneym/Downloads/JFC Historical Data.csv
2025-06-19,226.800000,228.800000,225.000000,227.600000,518440,manual download: /Users/pickaneym/Downloads/JFC Historical Data.csv
2025-06-20,227.600000,228.400000,224.000000,227.000000,1190000,manual download: /Users/pickaneym/Downloads/JFC Historical Data.csv
2025-06-23,226.800000,226.800000,218.400000,220.000000,487710,manual download: /Users/pickaneym/Downloads/JFC Historical Data.csv
2025-06-24,224.000000,227.600000,223.000000,226.000000,582800,manual download: /Users/pickaneym/Downloads/JFC Historical Data.csv
2025-06-25,226.200000,228.200000,220.800000,222.000000,718830,manual download: /Users/pickaneym/Downloads/JFC Historical Data.csv
2025-06-26,222.800000,225.000000,222.000000,223.200000,267230,manual download: /Users/pickaneym/Downloads/JFC Historical Data.csv
2025-06-27,223.200000,228.600000,222.800000,228.600000,406650,manual download: /Users/pickaneym/Downloads/JFC Historical Data.csv
2025-06-30,228.600000,228.600000,216.000000,216.000000,717460,manual download: /Users/pickaneym/Downloads/JFC Historical Data.csv
2025-07-01,222.000000,225.000000,221.600000,225.000000,222070,manual download: /Users/pickaneym/Downloads/JFC Historical Data.csv
2025-07-02,225.000000,225.800000,221.400000,225.000000,799590,manual download: /Users/pickaneym/Downloads/JFC Historical Data.csv
2025-07-03,224.800000,227.000000,222.200000,225.000000,857680,manual download: /Users/pickaneym/Downloads/JFC Historical Data.csv
2025-07-04,226.400000,227.800000,225.400000,227.000000,541650,manual download: /Users/pickaneym/Downloads/JFC Historical Data.csv
2025-07-07,227.000000,228.000000,222.200000,228.000000,1060000,manual download: /Users/pickaneym/Downloads/JFC Historical Data.csv
2025-07-08,227.800000,228.400000,225.000000,226.000000,480420,manual download: /Users/pickaneym/Downloads/JFC Historical Data.csv
2025-07-09,226.000000,229.800000,225.000000,229.000000,832500,manual download: /Users/pickaneym/Downloads/JFC Historical Data.csv
2025-07-10,229.000000,229.000000,227.000000,228.000000,481350,manual download: /Users/pickaneym/Downloads/JFC Historical Data.csv
2025-07-11,228.000000,228.800000,225.800000,227.000000,391190,manual download: /Users/pickaneym/Downloads/JFC Historical Data.csv
2025-07-14,227.000000,229.400000,225.400000,229.400000,754630,manual download: /Users/pickaneym/Downloads/JFC Historical Data.csv
2025-07-15,229.400000,229.400000,222.000000,224.600000,409810,manual download: /Users/pickaneym/Downloads/JFC Historical Data.csv
2025-07-16,224.600000,224.600000,217.000000,219.000000,917880,manual download: /Users/pickaneym/Downloads/JFC Historical Data.csv
2025-07-17,220.000000,223.200000,216.200000,219.000000,705870,manual download: /Users/pickaneym/Downloads/JFC Historical Data.csv
2025-07-18,219.000000,222.000000,219.000000,219.200000,401230,manual download: /Users/pickaneym/Downloads/JFC Historical Data.csv
2025-07-21,220.000000,224.600000,220.000000,222.600000,190800,manual download: /Users/pickaneym/Downloads/JFC Historical Data.csv
2025-07-22,222.600000,225.000000,219.600000,224.000000,306140,manual download: /Users/pickaneym/Downloads/JFC Historical Data.csv
2025-07-23,224.000000,225.000000,222.200000,224.000000,146050,manual download: /Users/pickaneym/Downloads/JFC Historical Data.csv
2025-07-24,225.000000,226.400000,223.600000,225.000000,249720,manual download: /Users/pickaneym/Downloads/JFC Historical Data.csv
2025-07-25,225.000000,225.800000,223.400000,224.000000,146840,manual download: /Users/pickaneym/Downloads/JFC Historical Data.csv
2025-07-28,224.000000,224.000000,218.600000,220.800000,1050000,manual download: /Users/pickaneym/Downloads/JFC Historical Data.csv
2025-07-29,220.800000,221.600000,218.600000,219.000000,921090,manual download: /Users/pickaneym/Downloads/JFC Historical Data.csv
2025-07-30,220.000000,220.000000,216.600000,219.000000,911110,manual download: /Users/pickaneym/Downloads/JFC Historical Data.csv
2025-07-31,219.000000,219.000000,216.000000,217.000000,698880,manual download: /Users/pickaneym/Downloads/JFC Historical Data.csv
2025-08-01,217.000000,222.400000,216.800000,222.400000,452660,manual download: /Users/pickaneym/Downloads/JFC Historical Data.csv
2025-08-04,222.200000,222.200000,217.200000,220.000000,426760,manual download: /Users/pickaneym/Downloads/JFC Historical Data.csv
2025-08-05,220.200000,220.200000,217.800000,219.000000,451430,manual download: /Users/pickaneym/Downloads/JFC Historical Data.csv
2025-08-06,219.000000,219.000000,215.400000,216.000000,540700,manual download: /Users/pickaneym/Downloads/JFC Historical Data.csv
2025-08-07,216.000000,217.600000,214.200000,217.400000,289630,manual download: /Users/pickaneym/Downloads/JFC Historical Data.csv
2025-08-08,217.400000,217.400000,211.800000,212.400000,1120000,manual download: /Users/pickaneym/Downloads/JFC Historical Data.csv
2025-08-11,213.800000,214.400000,210.600000,212.000000,840180,manual download: /Users/pickaneym/Downloads/JFC Historical Data.csv
2025-08-12,211.800000,216.200000,211.000000,215.000000,342900,manual download: /Users/pickaneym/Downloads/JFC Historical Data.csv
2025-08-13,215.000000,215.800000,213.200000,215.000000,409720,manual download: /Users/pickaneym/Downloads/JFC Historical Data.csv
2025-08-14,216.200000,223.600000,215.200000,220.000000,1780000,manual download: /Users/pickaneym/Downloads/JFC Historical Data.csv
2025-08-15,220.000000,223.000000,216.000000,218.400000,966240,manual download: /Users/pickaneym/Downloads/JFC Historical Data.csv
2025-08-18,218.400000,227.400000,218.000000,227.400000,1250000,manual download: /Users/pickaneym/Downloads/JFC Historical Data.csv
2025-08-19,227.200000,229.800000,224.000000,229.800000,626090,manual download: /Users/pickaneym/Downloads/JFC Historical Data.csv
2025-08-20,229.600000,234.800000,229.000000,234.800000,1410000,manual download: /Users/pickaneym/Downloads/JFC Historical Data.csv
2025-08-22,234.400000,234.800000,232.000000,234.200000,384640,manual download: /Users/pickaneym/Downloads/JFC Historical Data.csv
2025-08-26,232.000000,235.000000,229.000000,235.000000,1250000,manual download: /Users/pickaneym/Downloads/JFC Historical Data.csv
2025-08-27,234.400000,236.800000,232.000000,235.000000,623110,manual download: /Users/pickaneym/Downloads/JFC Historical Data.csv
2025-08-28,234.600000,240.600000,234.000000,240.000000,1180000,manual download: /Users/pickaneym/Downloads/JFC Historical Data.csv
2025-08-29,239.800000,239.800000,232.000000,232.000000,594000,manual download: /Users/pickaneym/Downloads/JFC Historical Data.csv
2025-09-01,232.200000,237.000000,230.600000,235.600000,315470,manual download: /Users/pickaneym/Downloads/JFC Historical Data.csv
2025-09-02,235.600000,236.200000,234.200000,235.600000,452810,manual download: /Users/pickaneym/Downloads/JFC Historical Data.csv
2025-09-03,235.800000,235.800000,233.200000,234.000000,519980,manual download: /Users/pickaneym/Downloads/JFC Historical Data.csv
2025-09-04,233.000000,234.000000,231.000000,233.000000,602400,manual download: /Users/pickaneym/Downloads/JFC Historical Data.csv
2025-09-05,232.200000,233.800000,231.200000,232.800000,630550,manual download: /Users/pickaneym/Downloads/JFC Historical Data.csv
2025-09-08,233.000000,233.400000,231.800000,232.800000,550160,manual download: /Users/pickaneym/Downloads/JFC Historical Data.csv
2025-09-09,233.000000,233.000000,227.000000,227.000000,829450,manual download: /Users/pickaneym/Downloads/JFC Historical Data.csv
2025-09-10,226.000000,227.000000,223.400000,226.000000,476640,manual download: /Users/pickaneym/Downloads/JFC Historical Data.csv
2025-09-11,225.800000,228.600000,224.000000,227.000000,315760,manual download: /Users/pickaneym/Downloads/JFC Historical Data.csv
2025-09-12,227.000000,227.000000,224.200000,225.400000,203470,manual download: /Users/pickaneym/Downloads/JFC Historical Data.csv
2025-09-15,225.400000,225.400000,216.400000,219.200000,719170,manual download: /Users/pickaneym/Downloads/JFC Historical Data.csv
2025-09-16,219.200000,222.800000,218.800000,220.000000,927980,manual download: /Users/pickaneym/Downloads/JFC Historical Data.csv
2025-09-17,221.000000,223.000000,219.000000,220.400000,444420,manual download: /Users/pickaneym/Downloads/JFC Historical Data.csv
2025-09-18,220.400000,221.000000,218.000000,219.000000,332060,manual download: /Users/pickaneym/Downloads/JFC Historical Data.csv
2025-09-19,219.000000,219.600000,216.600000,218.000000,1090000,manual download: /Users/pickaneym/Downloads/JFC Historical Data.csv
2025-09-22,218.000000,220.800000,217.600000,218.000000,133220,manual download: /Users/pickaneym/Downloads/JFC Historical Data.csv
2025-09-23,217.200000,217.200000,216.200000,216.200000,345160,manual download: /Users/pickaneym/Downloads/JFC Historical Data.csv
2025-09-24,216.400000,217.200000,213.200000,214.600000,497210,manual download: /Users/pickaneym/Downloads/JFC Historical Data.csv
2025-09-25,214.600000,214.800000,212.200000,212.200000,626900,manual download: /Users/pickaneym/Downloads/JFC Historical Data.csv
2025-09-26,217.000000,217.000000,211.000000,213.000000,400640,manual download: /Users/pickaneym/Downloads/JFC Historical Data.csv
2025-09-29,213.400000,216.600000,213.400000,213.400000,294680,manual download: /Users/pickaneym/Downloads/JFC Historical Data.csv
2025-09-30,213.400000,214.800000,211.000000,214.000000,691470,manual download: /Users/pickaneym/Downloads/JFC Historical Data.csv
2025-10-01,214.000000,216.400000,212.400000,214.600000,950360,manual download: /Users/pickaneym/Downloads/JFC Historical Data.csv
2025-10-02,214.600000,215.600000,213.600000,215.000000,1280000,manual download: /Users/pickaneym/Downloads/JFC Historical Data.csv
2025-10-03,215.000000,224.400000,215.000000,222.400000,630740,manual download: /Users/pickaneym/Downloads/JFC Historical Data.csv
2025-10-06,222.800000,223.200000,218.000000,219.000000,354280,manual download: /Users/pickaneym/Downloads/JFC Historical Data.csv
2025-10-07,219.200000,221.800000,217.800000,220.000000,595860,manual download: /Users/pickaneym/Downloads/JFC Historical Data.csv
2025-10-08,220.000000,222.800000,217.400000,219.000000,540350,manual download: /Users/pickaneym/Downloads/JFC Historical Data.csv
2025-10-09,219.200000,222.000000,219.200000,222.000000,285100,manual download: /Users/pickaneym/Downloads/JFC Historical Data.csv
2025-10-10,221.800000,221.800000,218.600000,220.000000,172350,manual download: /Users/pickaneym/Downloads/JFC Historical Data.csv
2025-10-13,219.600000,219.600000,215.800000,218.000000,198490,manual download: /Users/pickaneym/Downloads/JFC Historical Data.csv
2025-10-14,218.000000,219.600000,217.200000,219.200000,314460,manual download: /Users/pickaneym/Downloads/JFC Historical Data.csv
2025-10-15,219.200000,219.800000,216.600000,219.000000,525990,manual download: /Users/pickaneym/Downloads/JFC Historical Data.csv
2025-10-16,219.000000,219.800000,218.200000,219.000000,595750,manual download: /Users/pickaneym/Downloads/JFC Historical Data.csv
2025-10-17,219.200000,220.600000,219.200000,220.000000,198230,manual download: /Users/pickaneym/Downloads/JFC Historical Data.csv
2025-10-20,220.000000,220.000000,218.400000,218.400000,236240,manual download: /Users/pickaneym/Downloads/JFC Historical Data.csv
2025-10-21,218.600000,221.000000,218.200000,219.800000,279940,manual download: /Users/pickaneym/Downloads/JFC Historical Data.csv
2025-10-22,219.800000,219.800000,215.200000,216.000000,197350,manual download: /Users/pickaneym/Downloads/JFC Historical Data.csv
2025-10-23,216.200000,218.600000,216.200000,218.000000,252830,manual download: /Users/pickaneym/Downloads/JFC Historical Data.csv
2025-10-24,218.000000,218.600000,216.000000,218.600000,114980,manual download: /Users/pickaneym/Downloads/JFC Historical Data.csv
2025-10-27,219.000000,219.000000,215.000000,217.000000,184150,manual download: /Users/pickaneym/Downloads/JFC Historical Data.csv
2025-10-28,217.000000,219.000000,215.400000,218.000000,416610,manual download: /Users/pickaneym/Downloads/JFC Historical Data.csv
2025-10-29,218.000000,220.400000,217.000000,219.600000,676060,manual download: /Users/pickaneym/Downloads/JFC Historical Data.csv
2025-10-30,219.600000,220.200000,216.200000,216.600000,406730,manual download: /Users/pickaneym/Downloads/JFC Historical Data.csv
2025-11-03,217.200000,219.800000,209.000000,210.000000,1110000,manual download: /Users/pickaneym/Downloads/JFC Historical Data.csv
2025-11-04,212.000000,213.800000,208.200000,208.200000,402810,manual download: /Users/pickaneym/Downloads/JFC Historical Data.csv
2025-11-05,208.600000,208.600000,198.200000,202.000000,1260000,manual download: /Users/pickaneym/Downloads/JFC Historical Data.csv
2025-11-06,203.000000,203.000000,199.700000,199.700000,763440,manual download: /Users/pickaneym/Downloads/JFC Historical Data.csv
2025-11-07,197.900000,197.900000,185.000000,190.000000,2320000,manual download: /Users/pickaneym/Downloads/JFC Historical Data.csv
2025-11-10,190.000000,192.000000,189.000000,189.900000,930510,manual download: /Users/pickaneym/Downloads/JFC Historical Data.csv
2025-11-11,190.000000,192.300000,182.400000,186.000000,1240000,manual download: /Users/pickaneym/Downloads/JFC Historical Data.csv
2025-11-12,187.000000,195.000000,187.000000,190.000000,1070000,manual download: /Users/pickaneym/Downloads/JFC Historical Data.csv
2025-11-13,191.000000,193.900000,186.000000,186.000000,916040,manual download: /Users/pickaneym/Downloads/JFC Historical Data.csv
2025-11-14,186.100000,189.900000,182.000000,182.000000,641080,manual download: /Users/pickaneym/Downloads/JFC Historical Data.csv
2025-11-17,183.000000,190.100000,183.000000,190.000000,1130000,manual download: /Users/pickaneym/Downloads/JFC Historical Data.csv
2025-11-18,190.500000,193.300000,187.000000,190.200000,1280000,manual download: /Users/pickaneym/Downloads/JFC Historical Data.csv
2025-11-19,190.500000,194.000000,188.300000,193.000000,1210000,manual download: /Users/pickaneym/Downloads/JFC Historical Data.csv
2025-11-20,193.000000,195.900000,193.000000,195.100000,1100000,manual download: /Users/pickaneym/Downloads/JFC Historical Data.csv
2025-11-21,195.000000,200.800000,192.000000,199.800000,2930000,manual download: /Users/pickaneym/Downloads/JFC Historical Data.csv
2025-11-24,199.800000,200.200000,197.700000,198.100000,2069999,manual download: /Users/pickaneym/Downloads/JFC Historical Data.csv
2025-11-25,198.000000,198.700000,194.600000,197.000000,686310,manual download: /Users/pickaneym/Downloads/JFC Historical Data.csv
2025-11-26,197.000000,197.800000,193.000000,193.000000,601440,manual download: /Users/pickaneym/Downloads/JFC Historical Data.csv
2025-11-27,192.500000,192.500000,188.000000,188.000000,792130,manual download: /Users/pickaneym/Downloads/JFC Historical Data.csv
2025-11-28,189.800000,191.500000,188.500000,189.000000,780290,manual download: /Users/pickaneym/Downloads/JFC Historical Data.csv
2025-12-01,189.900000,191.900000,186.300000,187.900000,477460,manual download: /Users/pickaneym/Downloads/JFC Historical Data.csv
2025-12-02,188.200000,189.000000,187.300000,187.900000,285360,manual download: /Users/pickaneym/Downloads/JFC Historical Data.csv
2025-12-03,187.900000,188.000000,182.200000,182.500000,1630000,manual download: /Users/pickaneym/Downloads/JFC Historical Data.csv
2025-12-04,184.000000,184.000000,176.000000,177.000000,2920000,manual download: /Users/pickaneym/Downloads/JFC Historical Data.csv
2025-12-05,178.000000,179.800000,172.700000,179.600000,4170000,manual download: /Users/pickaneym/Downloads/JFC Historical Data.csv
2025-12-09,181.000000,182.600000,176.300000,177.200000,1710000,manual download: /Users/pickaneym/Downloads/JFC Historical Data.csv
2025-12-10,178.100000,180.900000,173.300000,180.000000,2290000,manual download: /Users/pickaneym/Downloads/JFC Historical Data.csv
2025-12-11,181.600000,184.900000,178.400000,179.000000,768710,manual download: /Users/pickaneym/Downloads/JFC Historical Data.csv
2025-12-12,180.000000,183.000000,175.500000,182.000000,1810000,manual download: /Users/pickaneym/Downloads/JFC Historical Data.csv
2025-12-15,184.000000,187.800000,183.900000,186.800000,915850,manual download: /Users/pickaneym/Downloads/JFC Historical Data.csv
2025-12-16,187.700000,190.200000,186.800000,189.000000,1340000,manual download: /Users/pickaneym/Downloads/JFC Historical Data.csv
2025-12-17,189.700000,189.800000,185.500000,187.300000,1260000,manual download: /Users/pickaneym/Downloads/JFC Historical Data.csv
2025-12-18,187.500000,187.800000,180.900000,182.000000,3920000,manual download: /Users/pickaneym/Downloads/JFC Historical Data.csv
2025-12-19,183.000000,185.000000,181.000000,181.000000,1870000,manual download: /Users/pickaneym/Downloads/JFC Historical Data.csv
2025-12-22,183.000000,186.300000,183.000000,185.400000,1020000,manual download: /Users/pickaneym/Downloads/JFC Historical Data.csv
2025-12-23,185.400000,186.000000,176.500000,179.000000,1600000,manual download: /Users/pickaneym/Downloads/JFC Historical Data.csv
2025-12-26,181.000000,183.000000,179.000000,179.000000,382460,manual download: /Users/pickaneym/Downloads/JFC Historical Data.csv
2025-12-29,179.900000,182.000000,177.900000,180.000000,650260,manual download: /Users/pickaneym/Downloads/JFC Historical Data.csv
2026-01-02,180.000000,184.500000,179.000000,183.400000,741350,manual download: /Users/pickaneym/Downloads/JFC Historical Data.csv
2026-01-05,183.800000,185.400000,182.000000,183.400000,877250,manual download: /Users/pickaneym/Downloads/JFC Historical Data.csv
2026-01-06,190.500000,210.000000,188.400000,210.000000,4640000,manual download: /Users/pickaneym/Downloads/JFC Historical Data.csv
2026-01-07,210.000000,214.800000,204.800000,209.600000,2500000,manual download: /Users/pickaneym/Downloads/JFC Historical Data.csv
2026-01-08,209.600000,209.600000,204.800000,206.000000,1010000,manual download: /Users/pickaneym/Downloads/JFC Historical Data.csv
2026-01-09,206.000000,208.000000,202.200000,206.000000,902410,manual download: /Users/pickaneym/Downloads/JFC Historical Data.csv
2026-01-12,206.800000,209.000000,204.600000,207.600000,923400,manual download: /Users/pickaneym/Downloads/JFC Historical Data.csv
2026-01-13,207.800000,208.000000,205.000000,207.000000,1300000,manual download: /Users/pickaneym/Downloads/JFC Historical Data.csv
2026-01-14,206.800000,211.200000,206.400000,208.400000,1320000,manual download: /Users/pickaneym/Downloads/JFC Historical Data.csv
2026-01-15,208.400000,210.800000,207.400000,209.000000,1100000,manual download: /Users/pickaneym/Downloads/JFC Historical Data.csv
2026-01-16,209.000000,214.600000,209.000000,213.400000,1640000,manual download: /Users/pickaneym/Downloads/JFC Historical Data.csv
2026-01-19,213.600000,215.000000,212.000000,212.800000,782080,manual download: /Users/pickaneym/Downloads/JFC Historical Data.csv
2026-01-20,213.000000,213.000000,203.800000,209.400000,1390000,manual download: /Users/pickaneym/Downloads/JFC Historical Data.csv
2026-01-21,209.000000,209.000000,204.200000,204.200000,976340,manual download: /Users/pickaneym/Downloads/JFC Historical Data.csv
2026-01-22,205.000000,207.800000,203.800000,207.000000,1180000,manual download: /Users/pickaneym/Downloads/JFC Historical Data.csv
2026-01-23,207.000000,210.000000,203.000000,203.000000,981850,manual download: /Users/pickaneym/Downloads/JFC Historical Data.csv
2026-01-26,203.000000,204.200000,196.100000,196.100000,1230000,manual download: /Users/pickaneym/Downloads/JFC Historical Data.csv
2026-01-27,197.000000,202.000000,197.000000,200.000000,766760,manual download: /Users/pickaneym/Downloads/JFC Historical Data.csv
2026-01-28,200.600000,204.000000,200.600000,203.000000,596480,manual download: /Users/pickaneym/Downloads/JFC Historical Data.csv
2026-01-29,203.000000,207.400000,203.000000,205.000000,766700,manual download: /Users/pickaneym/Downloads/JFC Historical Data.csv
2026-01-30,205.000000,205.800000,201.000000,205.000000,1680000,manual download: /Users/pickaneym/Downloads/JFC Historical Data.csv
2026-02-02,205.000000,205.200000,199.800000,199.800000,559760,manual download: /Users/pickaneym/Downloads/JFC Historical Data.csv
2026-02-03,200.000000,202.800000,199.700000,202.000000,915480,manual download: /Users/pickaneym/Downloads/JFC Historical Data.csv
2026-02-04,202.200000,205.400000,200.400000,205.000000,873380,manual download: /Users/pickaneym/Downloads/JFC Historical Data.csv
2026-02-05,205.000000,205.000000,200.600000,203.000000,646400,manual download: /Users/pickaneym/Downloads/JFC Historical Data.csv
2026-02-06,203.000000,204.000000,198.100000,198.600000,904860,manual download: /Users/pickaneym/Downloads/JFC Historical Data.csv
2026-02-09,198.600000,199.700000,196.100000,198.000000,1460000,manual download: /Users/pickaneym/Downloads/JFC Historical Data.csv
2026-02-10,198.200000,201.000000,197.500000,200.000000,2720000,manual download: /Users/pickaneym/Downloads/JFC Historical Data.csv
2026-02-11,203.000000,211.200000,203.000000,208.200000,2130000,manual download: /Users/pickaneym/Downloads/JFC Historical Data.csv
2026-02-12,208.200000,209.200000,204.400000,208.000000,1070000,manual download: /Users/pickaneym/Downloads/JFC Historical Data.csv
2026-02-13,207.600000,208.600000,200.000000,207.800000,2020000,manual download: /Users/pickaneym/Downloads/JFC Historical Data.csv
2026-02-16,207.800000,210.000000,205.000000,209.000000,699240,manual download: /Users/pickaneym/Downloads/JFC Historical Data.csv
2026-02-18,209.000000,209.200000,203.000000,203.000000,968500,manual download: /Users/pickaneym/Downloads/JFC Historical Data.csv
2026-02-19,203.000000,206.200000,202.000000,204.600000,720950,manual download: /Users/pickaneym/Downloads/JFC Historical Data.csv
2026-02-20,203.600000,209.200000,200.800000,208.000000,1760000,manual download: /Users/pickaneym/Downloads/JFC Historical Data.csv
2026-02-23,208.000000,217.000000,208.000000,214.800000,2110000,manual download: /Users/pickaneym/Downloads/JFC Historical Data.csv
2026-02-24,215.400000,219.000000,213.600000,219.000000,1180000,manual download: /Users/pickaneym/Downloads/JFC Historical Data.csv
2026-02-25,218.000000,219.400000,215.200000,219.400000,1220000,manual download: /Users/pickaneym/Downloads/JFC Historical Data.csv
2026-02-26,219.000000,221.800000,218.600000,219.200000,1080000,manual download: /Users/pickaneym/Downloads/JFC Historical Data.csv
2026-02-27,219.000000,219.000000,214.000000,214.000000,2280000,manual download: /Users/pickaneym/Downloads/JFC Historical Data.csv
2026-03-02,209.800000,211.000000,203.800000,205.200000,1640000,manual download: /Users/pickaneym/Downloads/JFC Historical Data.csv
2026-03-03,205.400000,208.800000,201.200000,201.800000,675680,manual download: /Users/pickaneym/Downloads/JFC Historical Data.csv
2026-03-04,201.800000,202.000000,194.800000,195.600000,1650000,manual download: /Users/pickaneym/Downloads/JFC Historical Data.csv
2026-03-05,196.700000,201.400000,196.600000,200.000000,590900,manual download: /Users/pickaneym/Downloads/JFC Historical Data.csv
2026-03-06,199.000000,202.000000,198.000000,199.700000,597320,manual download: /Users/pickaneym/Downloads/JFC Historical Data.csv
2026-03-09,197.800000,197.800000,189.000000,195.000000,2300000,manual download: /Users/pickaneym/Downloads/JFC Historical Data.csv
2026-03-10,196.000000,199.000000,195.200000,195.200000,838060,manual download: /Users/pickaneym/Downloads/JFC Historical Data.csv
2026-03-11,195.700000,202.600000,195.700000,200.000000,661450,manual download: /Users/pickaneym/Downloads/JFC Historical Data.csv
2026-03-12,201.000000,201.600000,198.100000,199.000000,717620,manual download: /Users/pickaneym/Downloads/JFC Historical Data.csv
2026-03-13,199.100000,199.200000,190.000000,190.000000,1250000,manual download: /Users/pickaneym/Downloads/JFC Historical Data.csv
2026-03-16,190.500000,192.900000,181.600000,181.600000,2390000,manual download: /Users/pickaneym/Downloads/JFC Historical Data.csv
2026-03-17,183.000000,187.500000,183.000000,186.200000,1990000,manual download: /Users/pickaneym/Downloads/JFC Historical Data.csv
2026-03-18,186.900000,190.000000,186.900000,189.300000,612810,manual download: /Users/pickaneym/Downloads/JFC Historical Data.csv
2026-03-19,188.000000,188.000000,181.700000,185.000000,1050000,manual download: /Users/pickaneym/Downloads/JFC Historical Data.csv
2026-03-23,184.900000,184.900000,173.000000,177.300000,1370000,manual download: /Users/pickaneym/Downloads/JFC Historical Data.csv
2026-03-24,181.000000,183.500000,181.000000,182.500000,545340,manual download: /Users/pickaneym/Downloads/JFC Historical Data.csv
2026-03-25,183.200000,185.400000,182.000000,184.100000,669370,manual download: /Users/pickaneym/Downloads/JFC Historical Data.csv
2026-03-26,184.300000,184.400000,181.700000,183.600000,279160,manual download: /Users/pickaneym/Downloads/JFC Historical Data.csv
2026-03-27,183.000000,183.300000,181.000000,182.000000,527050,manual download: /Users/pickaneym/Downloads/JFC Historical Data.csv
2026-03-30,181.900000,181.900000,175.000000,177.000000,623580,manual download: /Users/pickaneym/Downloads/JFC Historical Data.csv
2026-03-31,177.000000,177.800000,175.100000,177.700000,899380,manual download: /Users/pickaneym/Downloads/JFC Historical Data.csv
2026-04-01,180.200000,183.500000,178.300000,178.300000,1300000,manual download: /Users/pickaneym/Downloads/JFC Historical Data.csv
2026-04-06,179.000000,179.000000,170.500000,173.000000,2770000,manual download: /Users/pickaneym/Downloads/JFC Historical Data.csv
2026-04-07,173.200000,175.400000,168.500000,169.900000,2170000,manual download: /Users/pickaneym/Downloads/JFC Historical Data.csv
2026-04-08,174.000000,175.300000,172.000000,172.500000,3130000,manual download: /Users/pickaneym/Downloads/JFC Historical Data.csv
2026-04-10,172.500000,173.100000,169.500000,169.500000,2080000,manual download: /Users/pickaneym/Downloads/JFC Historical Data.csv
2026-04-13,169.500000,169.900000,161.700000,161.900000,2360000,manual download: /Users/pickaneym/Downloads/JFC Historical Data.csv
2026-04-14,163.000000,164.600000,159.500000,159.500000,2840000,manual download: /Users/pickaneym/Downloads/JFC Historical Data.csv
2026-04-15,162.900000,162.900000,160.000000,160.000000,3010000,manual download: /Users/pickaneym/Downloads/JFC Historical Data.csv
2026-04-16,160.900000,164.900000,160.500000,164.500000,2530000,manual download: /Users/pickaneym/Downloads/JFC Historical Data.csv
2026-04-17,165.200000,167.500000,162.500000,163.600000,892760,manual download: /Users/pickaneym/Downloads/JFC Historical Data.csv
2026-04-20,164.400000,165.800000,161.200000,161.400000,836020,manual download: /Users/pickaneym/Downloads/JFC Historical Data.csv
2026-04-21,163.000000,164.700000,162.000000,162.000000,1100000,manual download: /Users/pickaneym/Downloads/JFC Historical Data.csv
2026-04-22,163.000000,163.200000,158.400000,160.000000,2370000,manual download: /Users/pickaneym/Downloads/JFC Historical Data.csv
2026-04-23,161.400000,163.400000,160.300000,163.400000,787700,manual download: /Users/pickaneym/Downloads/JFC Historical Data.csv
2026-04-24,163.400000,163.400000,161.200000,162.800000,517100,manual download: /Users/pickaneym/Downloads/JFC Historical Data.csv
2026-04-27,162.800000,162.900000,160.300000,161.000000,480890,manual download: /Users/pickaneym/Downloads/JFC Historical Data.csv
2026-04-28,162.000000,162.000000,160.000000,160.000000,550630,manual download: /Users/pickaneym/Downloads/JFC Historical Data.csv
2026-04-29,161.000000,161.700000,159.300000,160.400000,420810,manual download: /Users/pickaneym/Downloads/JFC Historical Data.csv
2026-04-30,160.400000,160.800000,159.000000,159.000000,742570,manual download: /Users/pickaneym/Downloads/JFC Historical Data.csv
2026-05-04,160.200000,166.300000,160.000000,164.900000,1330000,manual download: /Users/pickaneym/Downloads/JFC Historical Data.csv
2026-05-05,165.000000,165.000000,161.500000,163.000000,676560,manual download: /Users/pickaneym/Downloads/JFC Historical Data.csv
2026-05-06,163.200000,163.800000,160.000000,163.800000,882680,manual download: /Users/pickaneym/Downloads/JFC Historical Data.csv
2026-05-07,164.000000,168.000000,162.300000,166.500000,1550000,manual download: /Users/pickaneym/Downloads/JFC Historical Data.csv
