observation_date,open,high,low,close,volume,source
2016-05-02,50.000000,50.750000,49.779999,50.610001,33114500,https://finance.yahoo.com/quote/MSFT/history
2016-05-03,50.340000,50.410000,49.599998,49.779999,26460200,https://finance.yahoo.com/quote/MSFT/history
2016-05-04,49.840000,50.060001,49.459999,49.869999,24257600,https://finance.yahoo.com/quote/MSFT/history
2016-05-05,49.869999,50.299999,49.730000,49.939999,25390700,https://finance.yahoo.com/quote/MSFT/history
2016-05-06,49.919998,50.389999,49.660000,50.389999,24787300,https://finance.yahoo.com/quote/MSFT/history
2016-05-09,50.490002,50.590000,50.000000,50.070000,17951600,https://finance.yahoo.com/quote/MSFT/history
2016-05-10,50.330002,51.099998,50.189999,51.020000,22891000,https://finance.yahoo.com/quote/MSFT/history
2016-05-11,51.130001,51.779999,51.000000,51.049999,24039100,https://finance.yahoo.com/quote/MSFT/history
2016-05-12,51.200001,51.810001,50.919998,51.509998,24102800,https://finance.yahoo.com/quote/MSFT/history
2016-05-13,51.439999,51.900002,51.040001,51.080002,22592300,https://finance.yahoo.com/quote/MSFT/history
2016-05-16,50.799999,51.959999,50.750000,51.830002,20032000,https://finance.yahoo.com/quote/MSFT/history
2016-05-17,51.720001,51.730000,50.360001,50.509998,27803500,https://finance.yahoo.com/quote/MSFT/history
2016-05-18,50.480000,51.139999,50.299999,50.810001,24907500,https://finance.yahoo.com/quote/MSFT/history
2016-05-19,50.470001,50.619999,49.820000,50.320000,23842400,https://finance.yahoo.com/quote/MSFT/history
2016-05-20,50.480000,51.220001,50.400002,50.619999,23905800,https://finance.yahoo.com/quote/MSFT/history
2016-05-23,50.599998,50.680000,49.980000,50.029999,26118700,https://finance.yahoo.com/quote/MSFT/history
2016-05-24,50.700001,51.709999,50.400002,51.590000,34757900,https://finance.yahoo.com/quote/MSFT/history
2016-05-25,51.919998,52.490002,51.790001,52.119999,24040200,https://finance.yahoo.com/quote/MSFT/history
2016-05-26,51.930000,51.980000,51.360001,51.889999,24335200,https://finance.yahoo.com/quote/MSFT/history
2016-05-27,51.919998,52.320000,51.770000,52.320000,17721400,https://finance.yahoo.com/quote/MSFT/history
2016-05-31,52.259998,53.000000,52.080002,53.000000,37653100,https://finance.yahoo.com/quote/MSFT/history
2016-06-01,52.439999,52.950001,52.439999,52.849998,25324800,https://finance.yahoo.com/quote/MSFT/history
2016-06-02,52.639999,52.740002,51.840000,52.480000,22840800,https://finance.yahoo.com/quote/MSFT/history
2016-06-03,52.380001,52.419998,51.599998,51.790001,23368300,https://finance.yahoo.com/quote/MSFT/history
2016-06-06,51.990002,52.349998,51.889999,52.130001,18243300,https://finance.yahoo.com/quote/MSFT/history
2016-06-07,52.240002,52.730000,52.099998,52.099998,20866800,https://finance.yahoo.com/quote/MSFT/history
2016-06-08,52.020000,52.439999,51.869999,52.040001,21149400,https://finance.yahoo.com/quote/MSFT/history
2016-06-09,52.000000,52.000000,51.490002,51.619999,20305700,https://finance.yahoo.com/quote/MSFT/history
2016-06-10,51.049999,52.049999,51.040001,51.480000,25833200,https://finance.yahoo.com/quote/MSFT/history
2016-06-13,49.580002,50.720001,49.060001,50.139999,83217800,https://finance.yahoo.com/quote/MSFT/history
2016-06-14,49.900002,50.099998,49.570000,49.830002,42577100,https://finance.yahoo.com/quote/MSFT/history
2016-06-15,49.779999,50.119999,49.689999,49.689999,33757600,https://finance.yahoo.com/quote/MSFT/history
2016-06-16,49.520000,50.470001,49.509998,50.389999,31188600,https://finance.yahoo.com/quote/MSFT/history
2016-06-17,50.410000,50.430000,49.820000,50.130001,45710500,https://finance.yahoo.com/quote/MSFT/history
2016-06-20,50.639999,50.830002,50.029999,50.070000,35607900,https://finance.yahoo.com/quote/MSFT/history
2016-06-21,50.200001,51.430000,50.160000,51.189999,34097800,https://finance.yahoo.com/quote/MSFT/history
2016-06-22,51.080002,51.459999,50.950001,50.990002,28816800,https://finance.yahoo.com/quote/MSFT/history
2016-06-23,51.279999,52.060001,51.150002,51.910000,29028800,https://finance.yahoo.com/quote/MSFT/history
2016-06-24,49.810001,50.939999,49.520000,49.830002,133503000,https://finance.yahoo.com/quote/MSFT/history
2016-06-27,49.099998,49.150002,48.040001,48.430000,50216300,https://finance.yahoo.com/quote/MSFT/history
2016-06-28,48.919998,49.470001,48.669998,49.439999,38140700,https://finance.yahoo.com/quote/MSFT/history
2016-06-29,49.910000,50.720001,49.799999,50.540001,31304000,https://finance.yahoo.com/quote/MSFT/history
2016-06-30,50.720001,51.299999,50.500000,51.169998,28527800,https://finance.yahoo.com/quote/MSFT/history
2016-07-01,51.130001,51.720001,51.070000,51.160000,21400400,https://finance.yahoo.com/quote/MSFT/history
2016-07-05,50.830002,51.279999,50.740002,51.169998,24806400,https://finance.yahoo.com/quote/MSFT/history
2016-07-06,50.779999,51.540001,50.389999,51.380001,28167500,https://finance.yahoo.com/quote/MSFT/history
2016-07-07,51.419998,51.610001,51.070000,51.380001,19585200,https://finance.yahoo.com/quote/MSFT/history
2016-07-08,51.730000,52.360001,51.549999,52.299999,28391000,https://finance.yahoo.com/quote/MSFT/history
2016-07-11,52.500000,52.830002,52.470001,52.590000,22269200,https://finance.yahoo.com/quote/MSFT/history
2016-07-12,52.939999,53.400002,52.790001,53.209999,27317600,https://finance.yahoo.com/quote/MSFT/history
2016-07-13,53.560001,53.860001,53.180000,53.509998,25356800,https://finance.yahoo.com/quote/MSFT/history
2016-07-14,53.840000,53.990002,53.580002,53.740002,24545500,https://finance.yahoo.com/quote/MSFT/history
2016-07-15,53.950001,54.000000,53.209999,53.700001,32024400,https://finance.yahoo.com/quote/MSFT/history
2016-07-18,53.700001,54.340000,53.549999,53.959999,31433900,https://finance.yahoo.com/quote/MSFT/history
2016-07-19,53.709999,53.900002,52.930000,53.090000,53336500,https://finance.yahoo.com/quote/MSFT/history
2016-07-20,56.150002,56.840000,55.529999,55.910000,89893300,https://finance.yahoo.com/quote/MSFT/history
2016-07-21,55.980000,56.230000,55.759998,55.799999,32776700,https://finance.yahoo.com/quote/MSFT/history
2016-07-22,56.080002,56.630001,55.779999,56.570000,32157200,https://finance.yahoo.com/quote/MSFT/history
2016-07-25,56.470001,56.740002,56.259998,56.730000,25610600,https://finance.yahoo.com/quote/MSFT/history
2016-07-26,56.520000,57.290001,56.509998,56.759998,28079000,https://finance.yahoo.com/quote/MSFT/history
2016-07-27,56.610001,56.799999,56.110001,56.189999,32327500,https://finance.yahoo.com/quote/MSFT/history
2016-07-28,56.000000,56.369999,55.720001,56.209999,37550400,https://finance.yahoo.com/quote/MSFT/history
2016-07-29,56.259998,56.759998,56.049999,56.680000,30558700,https://finance.yahoo.com/quote/MSFT/history
2016-08-01,56.599998,56.750000,56.139999,56.580002,26003400,https://finance.yahoo.com/quote/MSFT/history
2016-08-02,56.849998,56.900002,56.310001,56.580002,35122000,https://finance.yahoo.com/quote/MSFT/history
2016-08-03,56.680000,57.110001,56.490002,56.970001,22075600,https://finance.yahoo.com/quote/MSFT/history
2016-08-04,56.799999,57.520000,56.669998,57.389999,26587700,https://finance.yahoo.com/quote/MSFT/history
2016-08-05,57.650002,58.209999,57.450001,57.959999,29335200,https://finance.yahoo.com/quote/MSFT/history
2016-08-08,58.060001,58.090000,57.779999,58.060001,19473500,https://finance.yahoo.com/quote/MSFT/history
2016-08-09,58.169998,58.500000,58.020000,58.200001,16920700,https://finance.yahoo.com/quote/MSFT/history
2016-08-10,58.160000,58.320000,57.820000,58.020000,15756900,https://finance.yahoo.com/quote/MSFT/history
2016-08-11,58.029999,58.450001,58.029999,58.299999,18162300,https://finance.yahoo.com/quote/MSFT/history
2016-08-12,58.029999,58.189999,57.619999,57.939999,21655200,https://finance.yahoo.com/quote/MSFT/history
2016-08-15,58.009998,58.500000,57.959999,58.119999,19283900,https://finance.yahoo.com/quote/MSFT/history
2016-08-16,57.610001,57.619999,57.270000,57.439999,20523500,https://finance.yahoo.com/quote/MSFT/history
2016-08-17,57.540001,57.680000,57.230000,57.560001,18856400,https://finance.yahoo.com/quote/MSFT/history
2016-08-18,57.419998,57.700001,57.270000,57.599998,14214300,https://finance.yahoo.com/quote/MSFT/history
2016-08-19,57.430000,57.730000,57.200001,57.619999,17271000,https://finance.yahoo.com/quote/MSFT/history
2016-08-22,57.599998,57.750000,57.259998,57.669998,15221900,https://finance.yahoo.com/quote/MSFT/history
2016-08-23,57.900002,58.180000,57.849998,57.889999,18732400,https://finance.yahoo.com/quote/MSFT/history
2016-08-24,57.799999,58.040001,57.720001,57.950001,18151500,https://finance.yahoo.com/quote/MSFT/history
2016-08-25,57.880001,58.290001,57.779999,58.169998,18552600,https://finance.yahoo.com/quote/MSFT/history
2016-08-26,58.279999,58.700001,57.689999,58.029999,20971200,https://finance.yahoo.com/quote/MSFT/history
2016-08-29,58.180000,58.599998,58.099998,58.099998,16417200,https://finance.yahoo.com/quote/MSFT/history
2016-08-30,57.980000,58.189999,57.610001,57.889999,16930200,https://finance.yahoo.com/quote/MSFT/history
2016-08-31,57.650002,57.799999,57.299999,57.459999,20860300,https://finance.yahoo.com/quote/MSFT/history
2016-09-01,57.009998,57.820000,57.009998,57.590000,26075400,https://finance.yahoo.com/quote/MSFT/history
2016-09-02,57.669998,58.189999,57.419998,57.669998,18900500,https://finance.yahoo.com/quote/MSFT/history
2016-09-06,57.779999,57.799999,57.209999,57.610001,16278400,https://finance.yahoo.com/quote/MSFT/history
2016-09-07,57.470001,57.840000,57.410000,57.660000,17493400,https://finance.yahoo.com/quote/MSFT/history
2016-09-08,57.630001,57.790001,57.180000,57.430000,20146100,https://finance.yahoo.com/quote/MSFT/history
2016-09-09,56.790001,57.520000,56.209999,56.209999,35113900,https://finance.yahoo.com/quote/MSFT/history
2016-09-12,56.000000,57.209999,55.610001,57.049999,29303000,https://finance.yahoo.com/quote/MSFT/history
2016-09-13,56.500000,56.650002,56.049999,56.529999,30130200,https://finance.yahoo.com/quote/MSFT/history
2016-09-14,56.389999,56.630001,56.029999,56.259998,24062500,https://finance.yahoo.com/quote/MSFT/history
2016-09-15,56.150002,57.349998,55.980000,57.189999,26847000,https://finance.yahoo.com/quote/MSFT/history
2016-09-16,57.630001,57.630001,56.750000,57.250000,44607000,https://finance.yahoo.com/quote/MSFT/history
2016-09-19,57.270000,57.750000,56.849998,56.930000,20937100,https://finance.yahoo.com/quote/MSFT/history
2016-09-20,57.349998,57.349998,56.750000,56.810001,17384000,https://finance.yahoo.com/quote/MSFT/history
2016-09-21,57.509998,57.849998,57.080002,57.759998,33707300,https://finance.yahoo.com/quote/MSFT/history
2016-09-22,57.919998,58.000000,57.630001,57.820000,19822200,https://finance.yahoo.com/quote/MSFT/history
2016-09-23,57.869999,57.910000,57.380001,57.430000,19955300,https://finance.yahoo.com/quote/MSFT/history
2016-09-26,57.080002,57.139999,56.830002,56.900002,21688700,https://finance.yahoo.com/quote/MSFT/history
2016-09-27,56.930000,58.060001,56.680000,57.950001,28065100,https://finance.yahoo.com/quote/MSFT/history
2016-09-28,57.880001,58.060001,57.669998,58.029999,20536400,https://finance.yahoo.com/quote/MSFT/history
2016-09-29,57.810001,58.169998,57.209999,57.400002,25463500,https://finance.yahoo.com/quote/MSFT/history
2016-09-30,57.570000,57.770000,57.340000,57.599998,29910800,https://finance.yahoo.com/quote/MSFT/history
2016-10-03,57.410000,57.549999,57.060001,57.419998,19189500,https://finance.yahoo.com/quote/MSFT/history
2016-10-04,57.270000,57.599998,56.970001,57.240002,20085900,https://finance.yahoo.com/quote/MSFT/history
2016-10-05,57.290001,57.959999,57.259998,57.639999,16726400,https://finance.yahoo.com/quote/MSFT/history
2016-10-06,57.740002,57.860001,57.279999,57.740002,16212600,https://finance.yahoo.com/quote/MSFT/history
2016-10-07,57.849998,57.980000,57.419998,57.799999,20089000,https://finance.yahoo.com/quote/MSFT/history
2016-10-10,57.910000,58.389999,57.869999,58.040001,18196500,https://finance.yahoo.com/quote/MSFT/history
2016-10-11,57.889999,58.020000,56.889999,57.189999,26497400,https://finance.yahoo.com/quote/MSFT/history
2016-10-12,57.110001,57.270000,56.400002,57.110001,22177500,https://finance.yahoo.com/quote/MSFT/history
2016-10-13,56.700001,57.299999,56.320000,56.919998,25313700,https://finance.yahoo.com/quote/MSFT/history
2016-10-14,57.119999,57.740002,57.119999,57.419998,27402500,https://finance.yahoo.com/quote/MSFT/history
2016-10-17,57.360001,57.459999,56.869999,57.220001,23830000,https://finance.yahoo.com/quote/MSFT/history
2016-10-18,57.529999,57.950001,57.410000,57.660000,19149500,https://finance.yahoo.com/quote/MSFT/history
2016-10-19,57.470001,57.840000,57.400002,57.529999,22878400,https://finance.yahoo.com/quote/MSFT/history
2016-10-20,57.500000,57.520000,56.660000,57.250000,49455600,https://finance.yahoo.com/quote/MSFT/history
2016-10-21,60.279999,60.450001,59.490002,59.660000,80032200,https://finance.yahoo.com/quote/MSFT/history
2016-10-24,59.939999,61.000000,59.930000,61.000000,54067000,https://finance.yahoo.com/quote/MSFT/history
2016-10-25,60.849998,61.369999,60.799999,60.990002,35137200,https://finance.yahoo.com/quote/MSFT/history
2016-10-26,60.810001,61.200001,60.470001,60.630001,29911600,https://finance.yahoo.com/quote/MSFT/history
2016-10-27,60.610001,60.830002,60.090000,60.099998,28479900,https://finance.yahoo.com/quote/MSFT/history
2016-10-28,60.009998,60.520000,59.580002,59.869999,33574700,https://finance.yahoo.com/quote/MSFT/history
2016-10-31,60.160000,60.419998,59.919998,59.919998,26434700,https://finance.yahoo.com/quote/MSFT/history
2016-11-01,59.970001,60.020000,59.250000,59.799999,24533000,https://finance.yahoo.com/quote/MSFT/history
2016-11-02,59.820000,59.930000,59.299999,59.430000,22147000,https://finance.yahoo.com/quote/MSFT/history
2016-11-03,59.529999,59.639999,59.110001,59.209999,21600400,https://finance.yahoo.com/quote/MSFT/history
2016-11-04,58.650002,59.279999,58.520000,58.709999,28697000,https://finance.yahoo.com/quote/MSFT/history
2016-11-07,59.779999,60.520000,59.779999,60.419998,31664800,https://finance.yahoo.com/quote/MSFT/history
2016-11-08,60.549999,60.779999,60.150002,60.470001,22935400,https://finance.yahoo.com/quote/MSFT/history
2016-11-09,60.000000,60.590000,59.200001,60.169998,49632500,https://finance.yahoo.com/quote/MSFT/history
2016-11-10,60.480000,60.490002,57.630001,58.700001,57822400,https://finance.yahoo.com/quote/MSFT/history
2016-11-11,58.230000,59.119999,58.009998,59.020000,38767800,https://finance.yahoo.com/quote/MSFT/history
2016-11-14,59.020000,59.080002,57.279999,58.119999,41328400,https://finance.yahoo.com/quote/MSFT/history
2016-11-15,58.330002,59.490002,58.320000,58.869999,35904100,https://finance.yahoo.com/quote/MSFT/history
2016-11-16,58.939999,59.660000,58.810001,59.650002,27332500,https://finance.yahoo.com/quote/MSFT/history
2016-11-17,60.410000,60.950001,59.970001,60.639999,32132700,https://finance.yahoo.com/quote/MSFT/history
2016-11-18,60.779999,61.139999,60.299999,60.349998,27686300,https://finance.yahoo.com/quote/MSFT/history
2016-11-21,60.500000,60.970001,60.419998,60.860001,19652600,https://finance.yahoo.com/quote/MSFT/history
2016-11-22,60.980000,61.259998,60.810001,61.119999,23206700,https://finance.yahoo.com/quote/MSFT/history
2016-11-23,61.009998,61.099998,60.250000,60.400002,21848900,https://finance.yahoo.com/quote/MSFT/history
2016-11-25,60.299999,60.529999,60.130001,60.529999,8409600,https://finance.yahoo.com/quote/MSFT/history
2016-11-28,60.340000,61.020000,60.209999,60.610001,20732600,https://finance.yahoo.com/quote/MSFT/history
2016-11-29,60.650002,61.410000,60.520000,61.090000,22366700,https://finance.yahoo.com/quote/MSFT/history
2016-11-30,60.860001,61.180000,60.220001,60.259998,34655400,https://finance.yahoo.com/quote/MSFT/history
2016-12-01,60.110001,60.150002,58.939999,59.200001,34542100,https://finance.yahoo.com/quote/MSFT/history
2016-12-02,59.080002,59.470001,58.799999,59.250000,25515700,https://finance.yahoo.com/quote/MSFT/history
2016-12-05,59.700001,60.590000,59.560001,60.220001,23552700,https://finance.yahoo.com/quote/MSFT/history
2016-12-06,60.430000,60.459999,59.799999,59.950001,19907000,https://finance.yahoo.com/quote/MSFT/history
2016-12-07,60.009998,61.380001,59.799999,61.369999,30809000,https://finance.yahoo.com/quote/MSFT/history
2016-12-08,61.299999,61.580002,60.840000,61.009998,21220800,https://finance.yahoo.com/quote/MSFT/history
2016-12-09,61.180000,61.990002,61.130001,61.970001,27349400,https://finance.yahoo.com/quote/MSFT/history
2016-12-12,61.820000,62.299999,61.720001,62.169998,20198100,https://finance.yahoo.com/quote/MSFT/history
2016-12-13,62.500000,63.419998,62.240002,62.980000,35718900,https://finance.yahoo.com/quote/MSFT/history
2016-12-14,63.000000,63.450001,62.529999,62.680000,30352700,https://finance.yahoo.com/quote/MSFT/history
2016-12-15,62.700001,63.150002,62.299999,62.580002,27669900,https://finance.yahoo.com/quote/MSFT/history
2016-12-16,62.950001,62.950001,62.119999,62.299999,42453100,https://finance.yahoo.com/quote/MSFT/history
2016-12-19,62.560001,63.770000,62.419998,63.619999,34338200,https://finance.yahoo.com/quote/MSFT/history
2016-12-20,63.689999,63.799999,63.029999,63.540001,26028400,https://finance.yahoo.com/quote/MSFT/history
2016-12-21,63.430000,63.700001,63.119999,63.540001,17096300,https://finance.yahoo.com/quote/MSFT/history
2016-12-22,63.840000,64.099998,63.410000,63.549999,22176600,https://finance.yahoo.com/quote/MSFT/history
2016-12-23,63.450001,63.540001,62.799999,63.240002,12403800,https://finance.yahoo.com/quote/MSFT/history
2016-12-27,63.209999,64.070000,63.209999,63.279999,11763200,https://finance.yahoo.com/quote/MSFT/history
2016-12-28,63.400002,63.400002,62.830002,62.990002,14653300,https://finance.yahoo.com/quote/MSFT/history
2016-12-29,62.860001,63.200001,62.730000,62.900002,10250600,https://finance.yahoo.com/quote/MSFT/history
2016-12-30,62.959999,62.990002,62.029999,62.139999,25579900,https://finance.yahoo.com/quote/MSFT/history
2017-01-03,62.790001,62.840000,62.130001,62.580002,20694100,https://finance.yahoo.com/quote/MSFT/history
2017-01-04,62.480000,62.750000,62.119999,62.299999,21340000,https://finance.yahoo.com/quote/MSFT/history
2017-01-05,62.189999,62.660000,62.029999,62.299999,24876000,https://finance.yahoo.com/quote/MSFT/history
2017-01-06,62.299999,63.150002,62.040001,62.840000,19922900,https://finance.yahoo.com/quote/MSFT/history
2017-01-09,62.759998,63.080002,62.540001,62.639999,20382700,https://finance.yahoo.com/quote/MSFT/history
2017-01-10,62.730000,63.070000,62.279999,62.619999,18593000,https://finance.yahoo.com/quote/MSFT/history
2017-01-11,62.610001,63.230000,62.430000,63.189999,21517300,https://finance.yahoo.com/quote/MSFT/history
2017-01-12,63.060001,63.400002,61.950001,62.610001,20968200,https://finance.yahoo.com/quote/MSFT/history
2017-01-13,62.619999,62.869999,62.349998,62.700001,19422300,https://finance.yahoo.com/quote/MSFT/history
2017-01-17,62.680000,62.700001,62.029999,62.529999,20664000,https://finance.yahoo.com/quote/MSFT/history
2017-01-18,62.669998,62.700001,62.119999,62.500000,19670100,https://finance.yahoo.com/quote/MSFT/history
2017-01-19,62.240002,62.980000,62.200001,62.299999,18451700,https://finance.yahoo.com/quote/MSFT/history
2017-01-20,62.669998,62.820000,62.369999,62.740002,30213500,https://finance.yahoo.com/quote/MSFT/history
2017-01-23,62.700001,63.119999,62.570000,62.959999,23097600,https://finance.yahoo.com/quote/MSFT/history
2017-01-24,63.200001,63.740002,62.939999,63.520000,24672900,https://finance.yahoo.com/quote/MSFT/history
2017-01-25,63.950001,64.099998,63.450001,63.680000,23672700,https://finance.yahoo.com/quote/MSFT/history
2017-01-26,64.120003,64.540001,63.549999,64.269997,43554600,https://finance.yahoo.com/quote/MSFT/history
2017-01-27,65.389999,65.910004,64.889999,65.779999,44818000,https://finance.yahoo.com/quote/MSFT/history
2017-01-30,65.690002,65.790001,64.800003,65.129997,31651400,https://finance.yahoo.com/quote/MSFT/history
2017-01-31,64.860001,65.150002,64.260002,64.650002,25270500,https://finance.yahoo.com/quote/MSFT/history
2017-02-01,64.360001,64.620003,63.470001,63.580002,39671500,https://finance.yahoo.com/quote/MSFT/history
2017-02-02,63.250000,63.410000,62.750000,63.169998,45827000,https://finance.yahoo.com/quote/MSFT/history
2017-02-03,63.500000,63.700001,63.070000,63.680000,30301800,https://finance.yahoo.com/quote/MSFT/history
2017-02-06,63.500000,63.650002,63.139999,63.639999,19796400,https://finance.yahoo.com/quote/MSFT/history
2017-02-07,63.740002,63.779999,63.230000,63.430000,20277200,https://finance.yahoo.com/quote/MSFT/history
2017-02-08,63.570000,63.810001,63.220001,63.340000,18096400,https://finance.yahoo.com/quote/MSFT/history
2017-02-09,63.520000,64.440002,63.320000,64.059998,22644400,https://finance.yahoo.com/quote/MSFT/history
2017-02-10,64.250000,64.300003,63.980000,64.000000,18170700,https://finance.yahoo.com/quote/MSFT/history
2017-02-13,64.239998,64.860001,64.129997,64.720001,22920100,https://finance.yahoo.com/quote/MSFT/history
2017-02-14,64.410004,64.720001,64.019997,64.570000,23108400,https://finance.yahoo.com/quote/MSFT/history
2017-02-15,64.500000,64.570000,64.160004,64.529999,17005200,https://finance.yahoo.com/quote/MSFT/history
2017-02-16,64.739998,65.239998,64.440002,64.519997,20546300,https://finance.yahoo.com/quote/MSFT/history
2017-02-17,64.470001,64.690002,64.300003,64.620003,21248800,https://finance.yahoo.com/quote/MSFT/history
2017-02-21,64.610001,64.949997,64.449997,64.489998,20655900,https://finance.yahoo.com/quote/MSFT/history
2017-02-22,64.330002,64.389999,64.050003,64.360001,19292700,https://finance.yahoo.com/quote/MSFT/history
2017-02-23,64.419998,64.730003,64.190002,64.620003,20273100,https://finance.yahoo.com/quote/MSFT/history
2017-02-24,64.529999,64.800003,64.139999,64.620003,21796800,https://finance.yahoo.com/quote/MSFT/history
2017-02-27,64.540001,64.540001,64.050003,64.230003,15871500,https://finance.yahoo.com/quote/MSFT/history
2017-02-28,64.080002,64.199997,63.759998,63.980000,23239800,https://finance.yahoo.com/quote/MSFT/history
2017-03-01,64.129997,64.989998,64.019997,64.940002,26937500,https://finance.yahoo.com/quote/MSFT/history
2017-03-02,64.690002,64.750000,63.880001,64.010002,24539600,https://finance.yahoo.com/quote/MSFT/history
2017-03-03,63.990002,64.279999,63.619999,64.250000,18135900,https://finance.yahoo.com/quote/MSFT/history
2017-03-06,63.970001,64.559998,63.810001,64.269997,18750300,https://finance.yahoo.com/quote/MSFT/history
2017-03-07,64.190002,64.779999,64.190002,64.400002,18521000,https://finance.yahoo.com/quote/MSFT/history
2017-03-08,64.260002,65.080002,64.250000,64.989998,21510900,https://finance.yahoo.com/quote/MSFT/history
2017-03-09,65.190002,65.199997,64.480003,64.730003,19846800,https://finance.yahoo.com/quote/MSFT/history
2017-03-10,65.110001,65.260002,64.750000,64.930000,19538200,https://finance.yahoo.com/quote/MSFT/history
2017-03-13,65.010002,65.190002,64.570000,64.709999,20100000,https://finance.yahoo.com/quote/MSFT/history
2017-03-14,64.529999,64.550003,64.150002,64.410004,14280200,https://finance.yahoo.com/quote/MSFT/history
2017-03-15,64.550003,64.919998,64.250000,64.750000,24833800,https://finance.yahoo.com/quote/MSFT/history
2017-03-16,64.750000,64.760002,64.300003,64.639999,20674300,https://finance.yahoo.com/quote/MSFT/history
2017-03-17,64.910004,65.239998,64.680000,64.870003,49219700,https://finance.yahoo.com/quote/MSFT/history
2017-03-20,64.910004,65.180000,64.720001,64.930000,14598100,https://finance.yahoo.com/quote/MSFT/history
2017-03-21,65.190002,65.500000,64.129997,64.209999,26640500,https://finance.yahoo.com/quote/MSFT/history
2017-03-22,64.120003,65.139999,64.120003,65.029999,20680000,https://finance.yahoo.com/quote/MSFT/history
2017-03-23,64.940002,65.239998,64.769997,64.870003,19269200,https://finance.yahoo.com/quote/MSFT/history
2017-03-24,65.360001,65.449997,64.760002,64.980003,22617100,https://finance.yahoo.com/quote/MSFT/history
2017-03-27,64.629997,65.220001,64.349998,65.099998,18614700,https://finance.yahoo.com/quote/MSFT/history
2017-03-28,64.959999,65.470001,64.650002,65.290001,20080400,https://finance.yahoo.com/quote/MSFT/history
2017-03-29,65.120003,65.500000,64.949997,65.470001,13618400,https://finance.yahoo.com/quote/MSFT/history
2017-03-30,65.419998,65.980003,65.360001,65.709999,15122800,https://finance.yahoo.com/quote/MSFT/history
2017-03-31,65.650002,66.190002,65.449997,65.860001,21040300,https://finance.yahoo.com/quote/MSFT/history
2017-04-03,65.809998,65.940002,65.190002,65.550003,20400900,https://finance.yahoo.com/quote/MSFT/history
2017-04-04,65.389999,65.809998,65.279999,65.730003,12997400,https://finance.yahoo.com/quote/MSFT/history
2017-04-05,66.300003,66.349998,65.440002,65.559998,21448600,https://finance.yahoo.com/quote/MSFT/history
2017-04-06,65.599998,66.059998,65.480003,65.730003,18103500,https://finance.yahoo.com/quote/MSFT/history
2017-04-07,65.849998,65.959999,65.440002,65.680000,14108500,https://finance.yahoo.com/quote/MSFT/history
2017-04-10,65.610001,65.820000,65.360001,65.529999,17952700,https://finance.yahoo.com/quote/MSFT/history
2017-04-11,65.599998,65.610001,64.849998,65.480003,18791500,https://finance.yahoo.com/quote/MSFT/history
2017-04-12,65.419998,65.510002,65.110001,65.230003,17108500,https://finance.yahoo.com/quote/MSFT/history
2017-04-13,65.290001,65.860001,64.949997,64.949997,17896500,https://finance.yahoo.com/quote/MSFT/history
2017-04-17,65.040001,65.489998,65.010002,65.480003,16689300,https://finance.yahoo.com/quote/MSFT/history
2017-04-18,65.330002,65.709999,65.160004,65.389999,15155600,https://finance.yahoo.com/quote/MSFT/history
2017-04-19,65.650002,65.750000,64.889999,65.040001,26992800,https://finance.yahoo.com/quote/MSFT/history
2017-04-20,65.459999,65.750000,65.139999,65.500000,22299500,https://finance.yahoo.com/quote/MSFT/history
2017-04-21,65.669998,66.699997,65.449997,66.400002,32522600,https://finance.yahoo.com/quote/MSFT/history
2017-04-24,67.480003,67.660004,67.099998,67.529999,29770000,https://finance.yahoo.com/quote/MSFT/history
2017-04-25,67.900002,68.040001,67.599998,67.919998,30242700,https://finance.yahoo.com/quote/MSFT/history
2017-04-26,68.080002,68.309998,67.620003,67.830002,26190800,https://finance.yahoo.com/quote/MSFT/history
2017-04-27,68.150002,68.379997,67.580002,68.269997,34971000,https://finance.yahoo.com/quote/MSFT/history
2017-04-28,68.910004,69.139999,67.690002,68.459999,39548800,https://finance.yahoo.com/quote/MSFT/history
2017-05-01,68.680000,69.550003,68.500000,69.410004,31954400,https://finance.yahoo.com/quote/MSFT/history
2017-05-02,69.709999,69.709999,69.129997,69.300003,23906100,https://finance.yahoo.com/quote/MSFT/history
2017-05-03,69.379997,69.379997,68.709999,69.080002,28928000,https://finance.yahoo.com/quote/MSFT/history
2017-05-04,69.029999,69.080002,68.639999,68.809998,21749400,https://finance.yahoo.com/quote/MSFT/history
2017-05-05,68.900002,69.029999,68.489998,69.000000,19128800,https://finance.yahoo.com/quote/MSFT/history
2017-05-08,68.970001,69.050003,68.419998,68.940002,18566100,https://finance.yahoo.com/quote/MSFT/history
2017-05-09,68.860001,69.279999,68.680000,69.040001,22858400,https://finance.yahoo.com/quote/MSFT/history
2017-05-10,68.989998,69.559998,68.919998,69.309998,17977800,https://finance.yahoo.com/quote/MSFT/history
2017-05-11,68.360001,68.730003,68.120003,68.459999,28789400,https://finance.yahoo.com/quote/MSFT/history
2017-05-12,68.610001,68.610001,68.040001,68.379997,18714100,https://finance.yahoo.com/quote/MSFT/history
2017-05-15,68.139999,68.480003,67.570000,68.430000,31530300,https://finance.yahoo.com/quote/MSFT/history
2017-05-16,68.230003,69.440002,68.160004,69.410004,34956000,https://finance.yahoo.com/quote/MSFT/history
2017-05-17,68.889999,69.099998,67.430000,67.480003,30548800,https://finance.yahoo.com/quote/MSFT/history
2017-05-18,67.400002,68.129997,67.139999,67.709999,25201300,https://finance.yahoo.com/quote/MSFT/history
2017-05-19,67.500000,68.099998,67.430000,67.690002,26961100,https://finance.yahoo.com/quote/MSFT/history
2017-05-22,67.889999,68.500000,67.500000,68.449997,16237600,https://finance.yahoo.com/quote/MSFT/history
2017-05-23,68.720001,68.750000,68.379997,68.680000,15425800,https://finance.yahoo.com/quote/MSFT/history
2017-05-24,68.870003,68.879997,68.449997,68.769997,14593900,https://finance.yahoo.com/quote/MSFT/history
2017-05-25,68.970001,69.879997,68.910004,69.620003,21854100,https://finance.yahoo.com/quote/MSFT/history
2017-05-26,69.800003,70.220001,69.519997,69.959999,19827900,https://finance.yahoo.com/quote/MSFT/history
2017-05-30,69.790001,70.410004,69.769997,70.410004,17072800,https://finance.yahoo.com/quote/MSFT/history
2017-05-31,70.529999,70.739998,69.809998,69.839996,30436400,https://finance.yahoo.com/quote/MSFT/history
2017-06-01,70.239998,70.610001,69.449997,70.099998,21603600,https://finance.yahoo.com/quote/MSFT/history
2017-06-02,70.440002,71.860001,70.239998,71.760002,34770300,https://finance.yahoo.com/quote/MSFT/history
2017-06-05,71.970001,72.889999,71.809998,72.279999,33316800,https://finance.yahoo.com/quote/MSFT/history
2017-06-06,72.300003,72.620003,72.269997,72.519997,31511100,https://finance.yahoo.com/quote/MSFT/history
2017-06-07,72.639999,72.769997,71.949997,72.389999,22301800,https://finance.yahoo.com/quote/MSFT/history
2017-06-08,72.510002,72.519997,71.500000,71.949997,24588300,https://finance.yahoo.com/quote/MSFT/history
2017-06-09,72.040001,72.080002,68.589996,70.320000,49187400,https://finance.yahoo.com/quote/MSFT/history
2017-06-12,69.250000,69.940002,68.129997,69.779999,47761700,https://finance.yahoo.com/quote/MSFT/history
2017-06-13,70.019997,70.820000,69.959999,70.650002,25258600,https://finance.yahoo.com/quote/MSFT/history
2017-06-14,70.910004,71.099998,69.430000,70.269997,25510700,https://finance.yahoo.com/quote/MSFT/history
2017-06-15,69.269997,70.209999,68.800003,69.900002,26068700,https://finance.yahoo.com/quote/MSFT/history
2017-06-16,69.730003,70.029999,69.220001,70.000000,48345100,https://finance.yahoo.com/quote/MSFT/history
2017-06-19,70.500000,70.940002,70.349998,70.870003,23798300,https://finance.yahoo.com/quote/MSFT/history
2017-06-20,70.820000,70.870003,69.870003,69.910004,21512200,https://finance.yahoo.com/quote/MSFT/history
2017-06-21,70.209999,70.620003,69.940002,70.269997,19891100,https://finance.yahoo.com/quote/MSFT/history
2017-06-22,70.540001,70.589996,69.709999,70.260002,22965700,https://finance.yahoo.com/quote/MSFT/history
2017-06-23,70.089996,71.250000,69.919998,71.209999,27617300,https://finance.yahoo.com/quote/MSFT/history
2017-06-26,71.400002,71.709999,70.440002,70.529999,19607000,https://finance.yahoo.com/quote/MSFT/history
2017-06-27,70.110001,70.180000,69.180000,69.209999,25215100,https://finance.yahoo.com/quote/MSFT/history
2017-06-28,69.209999,69.839996,68.790001,69.800003,25806200,https://finance.yahoo.com/quote/MSFT/history
2017-06-29,69.379997,69.489998,68.089996,68.489998,28918700,https://finance.yahoo.com/quote/MSFT/history
2017-06-30,68.779999,69.379997,68.739998,68.930000,24161100,https://finance.yahoo.com/quote/MSFT/history
2017-07-03,69.330002,69.599998,68.019997,68.169998,16165500,https://finance.yahoo.com/quote/MSFT/history
2017-07-05,68.260002,69.440002,68.220001,69.080002,21176300,https://finance.yahoo.com/quote/MSFT/history
2017-07-06,68.269997,68.779999,68.120003,68.570000,21117600,https://finance.yahoo.com/quote/MSFT/history
2017-07-07,68.699997,69.839996,68.699997,69.459999,16878300,https://finance.yahoo.com/quote/MSFT/history
2017-07-10,69.459999,70.250000,69.199997,69.980003,15014500,https://finance.yahoo.com/quote/MSFT/history
2017-07-11,70.000000,70.680000,69.750000,69.989998,17460000,https://finance.yahoo.com/quote/MSFT/history
2017-07-12,70.690002,71.279999,70.550003,71.150002,17750900,https://finance.yahoo.com/quote/MSFT/history
2017-07-13,71.500000,72.040001,71.309998,71.769997,20269800,https://finance.yahoo.com/quote/MSFT/history
2017-07-14,72.239998,73.269997,71.959999,72.779999,25868100,https://finance.yahoo.com/quote/MSFT/history
2017-07-17,72.800003,73.449997,72.720001,73.349998,21803900,https://finance.yahoo.com/quote/MSFT/history
2017-07-18,73.089996,73.389999,72.660004,73.300003,26435300,https://finance.yahoo.com/quote/MSFT/history
2017-07-19,73.500000,74.040001,73.449997,73.860001,22416200,https://finance.yahoo.com/quote/MSFT/history
2017-07-20,74.180000,74.300003,73.279999,74.220001,42361000,https://finance.yahoo.com/quote/MSFT/history
2017-07-21,73.449997,74.290001,73.169998,73.790001,46717100,https://finance.yahoo.com/quote/MSFT/history
2017-07-24,73.529999,73.750000,73.129997,73.599998,21394800,https://finance.yahoo.com/quote/MSFT/history
2017-07-25,73.800003,74.309998,73.500000,74.190002,22018700,https://finance.yahoo.com/quote/MSFT/history
2017-07-26,74.339996,74.379997,73.809998,74.050003,16252200,https://finance.yahoo.com/quote/MSFT/history
2017-07-27,73.760002,74.419998,72.320000,73.160004,36844200,https://finance.yahoo.com/quote/MSFT/history
2017-07-28,72.669998,73.309998,72.540001,73.040001,18306700,https://finance.yahoo.com/quote/MSFT/history
2017-07-31,73.300003,73.440002,72.410004,72.699997,23600100,https://finance.yahoo.com/quote/MSFT/history
2017-08-01,73.099998,73.419998,72.489998,72.580002,22132300,https://finance.yahoo.com/quote/MSFT/history
2017-08-02,72.550003,72.559998,71.440002,72.260002,26499200,https://finance.yahoo.com/quote/MSFT/history
2017-08-03,72.190002,72.440002,71.849998,72.150002,18214400,https://finance.yahoo.com/quote/MSFT/history
2017-08-04,72.400002,73.040001,72.239998,72.680000,22579000,https://finance.yahoo.com/quote/MSFT/history
2017-08-07,72.800003,72.900002,72.260002,72.400002,18705700,https://finance.yahoo.com/quote/MSFT/history
2017-08-08,72.089996,73.129997,71.750000,72.790001,22044600,https://finance.yahoo.com/quote/MSFT/history
2017-08-09,72.250000,72.510002,72.050003,72.470001,22213400,https://finance.yahoo.com/quote/MSFT/history
2017-08-10,71.900002,72.190002,71.349998,71.410004,24734500,https://finance.yahoo.com/quote/MSFT/history
2017-08-11,71.610001,72.699997,71.279999,72.500000,21443700,https://finance.yahoo.com/quote/MSFT/history
2017-08-14,73.059998,73.720001,72.949997,73.589996,20096600,https://finance.yahoo.com/quote/MSFT/history
2017-08-15,73.589996,73.589996,73.040001,73.220001,19181400,https://finance.yahoo.com/quote/MSFT/history
2017-08-16,73.339996,74.099998,73.169998,73.650002,18150400,https://finance.yahoo.com/quote/MSFT/history
2017-08-17,73.580002,73.870003,72.400002,72.400002,22977500,https://finance.yahoo.com/quote/MSFT/history
2017-08-18,72.269997,72.839996,71.930000,72.489998,18761500,https://finance.yahoo.com/quote/MSFT/history
2017-08-21,72.470001,72.480003,71.699997,72.150002,17734800,https://finance.yahoo.com/quote/MSFT/history
2017-08-22,72.349998,73.239998,72.349998,73.160004,14343700,https://finance.yahoo.com/quote/MSFT/history
2017-08-23,72.959999,73.150002,72.529999,72.720001,13766500,https://finance.yahoo.com/quote/MSFT/history
2017-08-24,72.739998,72.860001,72.070000,72.690002,17098300,https://finance.yahoo.com/quote/MSFT/history
2017-08-25,72.860001,73.349998,72.480003,72.820000,12794300,https://finance.yahoo.com/quote/MSFT/history
2017-08-28,73.059998,73.089996,72.550003,72.830002,14569700,https://finance.yahoo.com/quote/MSFT/history
2017-08-29,72.250000,73.160004,72.050003,73.050003,11478400,https://finance.yahoo.com/quote/MSFT/history
2017-08-30,73.010002,74.209999,72.830002,74.010002,16897800,https://finance.yahoo.com/quote/MSFT/history
2017-08-31,74.029999,74.959999,73.800003,74.769997,27652800,https://finance.yahoo.com/quote/MSFT/history
2017-09-01,74.709999,74.739998,73.639999,73.940002,21736200,https://finance.yahoo.com/quote/MSFT/history
2017-09-05,73.339996,73.889999,72.980003,73.610001,21556000,https://finance.yahoo.com/quote/MSFT/history
2017-09-06,73.739998,74.040001,73.349998,73.400002,16535800,https://finance.yahoo.com/quote/MSFT/history
2017-09-07,73.680000,74.599998,73.599998,74.339996,17471200,https://finance.yahoo.com/quote/MSFT/history
2017-09-08,74.330002,74.440002,73.839996,73.980003,14703800,https://finance.yahoo.com/quote/MSFT/history
2017-09-11,74.309998,74.940002,74.309998,74.760002,17910400,https://finance.yahoo.com/quote/MSFT/history
2017-09-12,74.760002,75.239998,74.370003,74.680000,14394900,https://finance.yahoo.com/quote/MSFT/history
2017-09-13,74.930000,75.230003,74.550003,75.209999,13380800,https://finance.yahoo.com/quote/MSFT/history
2017-09-14,75.000000,75.489998,74.519997,74.769997,15733900,https://finance.yahoo.com/quote/MSFT/history
2017-09-15,74.830002,75.389999,74.070000,75.309998,38578400,https://finance.yahoo.com/quote/MSFT/history
2017-09-18,75.230003,75.970001,75.040001,75.160004,23307000,https://finance.yahoo.com/quote/MSFT/history
2017-09-19,75.209999,75.709999,75.010002,75.440002,16093300,https://finance.yahoo.com/quote/MSFT/history
2017-09-20,75.349998,75.550003,74.309998,74.940002,21587900,https://finance.yahoo.com/quote/MSFT/history
2017-09-21,75.110001,75.239998,74.110001,74.209999,19186100,https://finance.yahoo.com/quote/MSFT/history
2017-09-22,73.989998,74.510002,73.849998,74.410004,14111400,https://finance.yahoo.com/quote/MSFT/history
2017-09-25,74.089996,74.250000,72.919998,73.260002,24149200,https://finance.yahoo.com/quote/MSFT/history
2017-09-26,73.669998,73.809998,72.989998,73.260002,18019600,https://finance.yahoo.com/quote/MSFT/history
2017-09-27,73.550003,74.169998,73.169998,73.849998,19565100,https://finance.yahoo.com/quote/MSFT/history
2017-09-28,73.540001,73.970001,73.309998,73.870003,10883800,https://finance.yahoo.com/quote/MSFT/history
2017-09-29,73.940002,74.540001,73.879997,74.489998,17079100,https://finance.yahoo.com/quote/MSFT/history
2017-10-02,74.709999,75.010002,74.300003,74.610001,15304800,https://finance.yahoo.com/quote/MSFT/history
2017-10-03,74.669998,74.879997,74.190002,74.260002,12190400,https://finance.yahoo.com/quote/MSFT/history
2017-10-04,74.089996,74.720001,73.709999,74.690002,13317700,https://finance.yahoo.com/quote/MSFT/history
2017-10-05,75.220001,76.120003,74.959999,75.970001,21195300,https://finance.yahoo.com/quote/MSFT/history
2017-10-06,75.669998,76.029999,75.540001,76.000000,13959800,https://finance.yahoo.com/quote/MSFT/history
2017-10-09,75.970001,76.550003,75.860001,76.290001,11386500,https://finance.yahoo.com/quote/MSFT/history
2017-10-10,76.330002,76.629997,76.139999,76.290001,13944500,https://finance.yahoo.com/quote/MSFT/history
2017-10-11,76.360001,76.459999,75.949997,76.419998,15388900,https://finance.yahoo.com/quote/MSFT/history
2017-10-12,76.489998,77.290001,76.370003,77.120003,16876500,https://finance.yahoo.com/quote/MSFT/history
2017-10-13,77.589996,77.870003,77.290001,77.489998,15335700,https://finance.yahoo.com/quote/MSFT/history
2017-10-16,77.419998,77.809998,77.349998,77.650002,12380100,https://finance.yahoo.com/quote/MSFT/history
2017-10-17,77.470001,77.620003,77.250000,77.589996,16824000,https://finance.yahoo.com/quote/MSFT/history
2017-10-18,77.669998,77.849998,77.370003,77.610001,13300700,https://finance.yahoo.com/quote/MSFT/history
2017-10-19,77.570000,77.930000,77.349998,77.910004,15092800,https://finance.yahoo.com/quote/MSFT/history
2017-10-20,78.320000,78.970001,78.220001,78.809998,22866400,https://finance.yahoo.com/quote/MSFT/history
2017-10-23,78.989998,79.339996,78.760002,78.830002,20627200,https://finance.yahoo.com/quote/MSFT/history
2017-10-24,78.900002,79.199997,78.459999,78.860001,17517200,https://finance.yahoo.com/quote/MSFT/history
2017-10-25,78.580002,79.099998,78.010002,78.629997,20410800,https://finance.yahoo.com/quote/MSFT/history
2017-10-26,79.199997,79.419998,78.750000,78.760002,32120700,https://finance.yahoo.com/quote/MSFT/history
2017-10-27,84.370003,86.199997,83.610001,83.809998,71066700,https://finance.yahoo.com/quote/MSFT/history
2017-10-30,83.699997,84.330002,83.110001,83.889999,31756700,https://finance.yahoo.com/quote/MSFT/history
2017-10-31,84.360001,84.360001,83.110001,83.180000,27086600,https://finance.yahoo.com/quote/MSFT/history
2017-11-01,83.680000,83.760002,82.879997,83.180000,22307400,https://finance.yahoo.com/quote/MSFT/history
2017-11-02,83.349998,84.459999,83.120003,84.050003,23992900,https://finance.yahoo.com/quote/MSFT/history
2017-11-03,84.080002,84.540001,83.400002,84.139999,17633500,https://finance.yahoo.com/quote/MSFT/history
2017-11-06,84.199997,84.699997,84.080002,84.470001,19860900,https://finance.yahoo.com/quote/MSFT/history
2017-11-07,84.769997,84.900002,83.930000,84.269997,17939700,https://finance.yahoo.com/quote/MSFT/history
2017-11-08,84.139999,84.610001,83.830002,84.559998,18034200,https://finance.yahoo.com/quote/MSFT/history
2017-11-09,84.110001,84.269997,82.900002,84.089996,21178400,https://finance.yahoo.com/quote/MSFT/history
2017-11-10,83.790001,84.099998,83.230003,83.870003,19397800,https://finance.yahoo.com/quote/MSFT/history
2017-11-13,83.660004,83.940002,83.459999,83.930000,14196900,https://finance.yahoo.com/quote/MSFT/history
2017-11-14,83.500000,84.099998,82.980003,84.050003,18801300,https://finance.yahoo.com/quote/MSFT/history
2017-11-15,83.470001,83.690002,82.690002,82.980003,19383100,https://finance.yahoo.com/quote/MSFT/history
2017-11-16,83.099998,83.419998,82.940002,83.199997,20962800,https://finance.yahoo.com/quote/MSFT/history
2017-11-17,83.120003,83.120003,82.239998,82.400002,22079000,https://finance.yahoo.com/quote/MSFT/history
2017-11-20,82.400002,82.589996,82.250000,82.529999,16315000,https://finance.yahoo.com/quote/MSFT/history
2017-11-21,82.739998,83.839996,82.739998,83.720001,21237500,https://finance.yahoo.com/quote/MSFT/history
2017-11-22,83.830002,83.900002,83.040001,83.110001,20553100,https://finance.yahoo.com/quote/MSFT/history
2017-11-24,83.010002,83.430000,82.779999,83.260002,7425600,https://finance.yahoo.com/quote/MSFT/history
2017-11-27,83.309998,83.980003,83.300003,83.870003,18265200,https://finance.yahoo.com/quote/MSFT/history
2017-11-28,84.070000,85.059998,84.019997,84.879997,21926000,https://finance.yahoo.com/quote/MSFT/history
2017-11-29,84.709999,84.919998,83.180000,83.339996,27381100,https://finance.yahoo.com/quote/MSFT/history
2017-11-30,83.510002,84.519997,83.339996,84.169998,33054600,https://finance.yahoo.com/quote/MSFT/history
2017-12-01,83.599998,84.809998,83.220001,84.260002,29532100,https://finance.yahoo.com/quote/MSFT/history
2017-12-04,84.419998,84.430000,80.699997,81.080002,39094900,https://finance.yahoo.com/quote/MSFT/history
2017-12-05,81.339996,82.680000,80.980003,81.589996,26152300,https://finance.yahoo.com/quote/MSFT/history
2017-12-06,81.550003,83.139999,81.430000,82.779999,26162100,https://finance.yahoo.com/quote/MSFT/history
2017-12-07,82.540001,82.800003,82.000000,82.489998,23184500,https://finance.yahoo.com/quote/MSFT/history
2017-12-08,83.629997,84.580002,83.330002,84.160004,24489100,https://finance.yahoo.com/quote/MSFT/history
2017-12-11,84.290001,85.370003,84.120003,85.230003,22857900,https://finance.yahoo.com/quote/MSFT/history
2017-12-12,85.309998,86.050003,85.080002,85.580002,23924100,https://finance.yahoo.com/quote/MSFT/history
2017-12-13,85.739998,86.000000,85.169998,85.349998,22062700,https://finance.yahoo.com/quote/MSFT/history
2017-12-14,85.430000,85.870003,84.529999,84.690002,19306000,https://finance.yahoo.com/quote/MSFT/history
2017-12-15,85.260002,87.089996,84.879997,86.849998,53936700,https://finance.yahoo.com/quote/MSFT/history
2017-12-18,87.120003,87.500000,86.230003,86.379997,22283800,https://finance.yahoo.com/quote/MSFT/history
2017-12-19,86.349998,86.349998,85.269997,85.830002,23524800,https://finance.yahoo.com/quote/MSFT/history
2017-12-20,86.199997,86.300003,84.709999,85.519997,23674900,https://finance.yahoo.com/quote/MSFT/history
2017-12-21,86.050003,86.099998,85.400002,85.500000,17990700,https://finance.yahoo.com/quote/MSFT/history
2017-12-22,85.400002,85.629997,84.919998,85.510002,14145800,https://finance.yahoo.com/quote/MSFT/history
2017-12-26,85.309998,85.529999,85.029999,85.400002,9891200,https://finance.yahoo.com/quote/MSFT/history
2017-12-27,85.650002,85.980003,85.220001,85.709999,14678000,https://finance.yahoo.com/quote/MSFT/history
2017-12-28,85.900002,85.930000,85.550003,85.720001,10594300,https://finance.yahoo.com/quote/MSFT/history
2017-12-29,85.629997,86.050003,85.500000,85.540001,18717400,https://finance.yahoo.com/quote/MSFT/history
2018-01-02,86.129997,86.309998,85.500000,85.949997,22483800,https://finance.yahoo.com/quote/MSFT/history
2018-01-03,86.059998,86.510002,85.970001,86.349998,26061400,https://finance.yahoo.com/quote/MSFT/history
2018-01-04,86.589996,87.660004,86.570000,87.110001,21912000,https://finance.yahoo.com/quote/MSFT/history
2018-01-05,87.660004,88.410004,87.430000,88.190002,23407100,https://finance.yahoo.com/quote/MSFT/history
2018-01-08,88.199997,88.580002,87.599998,88.279999,22113000,https://finance.yahoo.com/quote/MSFT/history
2018-01-09,88.650002,88.730003,87.860001,88.220001,19484300,https://finance.yahoo.com/quote/MSFT/history
2018-01-10,87.860001,88.190002,87.410004,87.820000,18652200,https://finance.yahoo.com/quote/MSFT/history
2018-01-11,88.129997,88.129997,87.239998,88.080002,17808900,https://finance.yahoo.com/quote/MSFT/history
2018-01-12,88.669998,89.779999,88.449997,89.599998,24271500,https://finance.yahoo.com/quote/MSFT/history
2018-01-16,90.099998,90.790001,88.010002,88.349998,36599700,https://finance.yahoo.com/quote/MSFT/history
2018-01-17,89.080002,90.279999,88.750000,90.139999,25621200,https://finance.yahoo.com/quote/MSFT/history
2018-01-18,89.800003,90.669998,89.660004,90.099998,24159700,https://finance.yahoo.com/quote/MSFT/history
2018-01-19,90.139999,90.610001,89.660004,90.000000,36875000,https://finance.yahoo.com/quote/MSFT/history
2018-01-22,90.000000,91.620003,89.739998,91.610001,23601600,https://finance.yahoo.com/quote/MSFT/history
2018-01-23,91.900002,92.300003,91.540001,91.900002,23412800,https://finance.yahoo.com/quote/MSFT/history
2018-01-24,92.550003,93.430000,91.580002,91.820000,33277500,https://finance.yahoo.com/quote/MSFT/history
2018-01-25,92.470001,93.239998,91.930000,92.330002,26383200,https://finance.yahoo.com/quote/MSFT/history
2018-01-26,93.120003,94.059998,92.580002,94.059998,29172200,https://finance.yahoo.com/quote/MSFT/history
2018-01-29,95.139999,95.449997,93.720001,93.919998,31569900,https://finance.yahoo.com/quote/MSFT/history
2018-01-30,93.300003,93.660004,92.099998,92.739998,38635100,https://finance.yahoo.com/quote/MSFT/history
2018-01-31,93.750000,95.400002,93.510002,95.010002,48756300,https://finance.yahoo.com/quote/MSFT/history
2018-02-01,94.790001,96.070000,93.580002,94.260002,47227900,https://finance.yahoo.com/quote/MSFT/history
2018-02-02,93.639999,93.970001,91.500000,91.779999,47867800,https://finance.yahoo.com/quote/MSFT/history
2018-02-05,90.559998,93.239998,88.000000,88.000000,51031500,https://finance.yahoo.com/quote/MSFT/history
2018-02-06,86.889999,91.480003,85.250000,91.330002,67998600,https://finance.yahoo.com/quote/MSFT/history
2018-02-07,90.489998,91.769997,89.199997,89.610001,41107600,https://finance.yahoo.com/quote/MSFT/history
2018-02-08,89.709999,89.879997,84.760002,85.010002,55628700,https://finance.yahoo.com/quote/MSFT/history
2018-02-09,86.300003,88.930000,83.830002,88.180000,63499100,https://finance.yahoo.com/quote/MSFT/history
2018-02-12,88.739998,89.779999,87.930000,89.129997,35720300,https://finance.yahoo.com/quote/MSFT/history
2018-02-13,88.930000,90.000000,87.800003,89.830002,26407700,https://finance.yahoo.com/quote/MSFT/history
2018-02-14,88.510002,90.989998,88.410004,90.809998,34960900,https://finance.yahoo.com/quote/MSFT/history
2018-02-15,91.209999,92.720001,90.620003,92.660004,27823900,https://finance.yahoo.com/quote/MSFT/history
2018-02-16,92.449997,93.500000,91.800003,92.000000,30596900,https://finance.yahoo.com/quote/MSFT/history
2018-02-20,91.480003,93.059998,91.010002,92.720001,30911700,https://finance.yahoo.com/quote/MSFT/history
2018-02-21,92.980003,93.360001,91.489998,91.489998,26922500,https://finance.yahoo.com/quote/MSFT/history
2018-02-22,92.050003,92.730003,91.360001,91.730003,24392800,https://finance.yahoo.com/quote/MSFT/history
2018-02-23,93.599998,94.070000,92.360001,94.059998,26329200,https://finance.yahoo.com/quote/MSFT/history
2018-02-26,94.400002,95.449997,94.250000,95.419998,30199800,https://finance.yahoo.com/quote/MSFT/history
2018-02-27,95.739998,95.839996,94.199997,94.199997,25869100,https://finance.yahoo.com/quote/MSFT/history
2018-02-28,94.839996,95.709999,93.629997,93.769997,31167300,https://finance.yahoo.com/quote/MSFT/history
2018-03-01,93.989998,94.570000,91.839996,92.849998,37135600,https://finance.yahoo.com/quote/MSFT/history
2018-03-02,91.580002,93.150002,90.860001,93.050003,32830400,https://finance.yahoo.com/quote/MSFT/history
2018-03-05,92.339996,94.269997,92.260002,93.639999,23901600,https://finance.yahoo.com/quote/MSFT/history
2018-03-06,94.339996,94.489998,92.940002,93.320000,22175800,https://finance.yahoo.com/quote/MSFT/history
2018-03-07,93.160004,93.940002,92.430000,93.860001,26716100,https://finance.yahoo.com/quote/MSFT/history
2018-03-08,94.269997,95.099998,93.769997,94.430000,25887800,https://finance.yahoo.com/quote/MSFT/history
2018-03-09,95.290001,96.540001,95.000000,96.540001,36937300,https://finance.yahoo.com/quote/MSFT/history
2018-03-12,96.500000,97.209999,96.040001,96.769997,26073700,https://finance.yahoo.com/quote/MSFT/history
2018-03-13,97.000000,97.239998,93.970001,94.410004,35387800,https://finance.yahoo.com/quote/MSFT/history
2018-03-14,95.120003,95.410004,93.500000,93.849998,32132000,https://finance.yahoo.com/quote/MSFT/history
2018-03-15,93.529999,94.580002,92.830002,94.180000,27611000,https://finance.yahoo.com/quote/MSFT/history
2018-03-16,94.680000,95.379997,93.919998,94.599998,49081300,https://finance.yahoo.com/quote/MSFT/history
2018-03-19,93.739998,93.900002,92.110001,92.889999,33344100,https://finance.yahoo.com/quote/MSFT/history
2018-03-20,93.050003,93.769997,93.000000,93.129997,23075200,https://finance.yahoo.com/quote/MSFT/history
2018-03-21,92.930000,94.050003,92.209999,92.480003,24457100,https://finance.yahoo.com/quote/MSFT/history
2018-03-22,91.269997,91.750000,89.660004,89.790001,38604700,https://finance.yahoo.com/quote/MSFT/history
2018-03-23,89.500000,90.459999,87.080002,87.180000,44068900,https://finance.yahoo.com/quote/MSFT/history
2018-03-26,90.610001,94.000000,90.400002,93.779999,56396800,https://finance.yahoo.com/quote/MSFT/history
2018-03-27,94.940002,95.139999,88.510002,89.470001,56569000,https://finance.yahoo.com/quote/MSFT/history
2018-03-28,89.820000,91.230003,88.870003,89.389999,52501100,https://finance.yahoo.com/quote/MSFT/history
2018-03-29,90.180000,92.290001,88.400002,91.269997,45867500,https://finance.yahoo.com/quote/MSFT/history
2018-04-02,90.470001,90.879997,87.510002,88.519997,48515400,https://finance.yahoo.com/quote/MSFT/history
2018-04-03,89.580002,90.050003,87.889999,89.709999,37213800,https://finance.yahoo.com/quote/MSFT/history
2018-04-04,87.849998,92.760002,87.730003,92.330002,35560000,https://finance.yahoo.com/quote/MSFT/history
2018-04-05,92.440002,93.070000,91.400002,92.379997,29771900,https://finance.yahoo.com/quote/MSFT/history
2018-04-06,91.489998,92.459999,89.480003,90.230003,38026000,https://finance.yahoo.com/quote/MSFT/history
2018-04-09,91.040001,93.169998,90.620003,90.769997,31533900,https://finance.yahoo.com/quote/MSFT/history
2018-04-10,92.389999,93.279999,91.639999,92.879997,26812000,https://finance.yahoo.com/quote/MSFT/history
2018-04-11,92.010002,93.290001,91.480003,91.860001,24872100,https://finance.yahoo.com/quote/MSFT/history
2018-04-12,92.430000,94.160004,92.430000,93.580002,26758900,https://finance.yahoo.com/quote/MSFT/history
2018-04-13,94.050003,94.180000,92.440002,93.080002,23346100,https://finance.yahoo.com/quote/MSFT/history
2018-04-16,94.070000,94.660004,93.419998,94.169998,20288100,https://finance.yahoo.com/quote/MSFT/history
2018-04-17,95.000000,96.540001,94.879997,96.070000,26771000,https://finance.yahoo.com/quote/MSFT/history
2018-04-18,96.220001,96.720001,95.519997,96.440002,21043300,https://finance.yahoo.com/quote/MSFT/history
2018-04-19,96.440002,97.070000,95.339996,96.110001,23552500,https://finance.yahoo.com/quote/MSFT/history
2018-04-20,95.910004,96.110001,94.050003,95.000000,31154400,https://finance.yahoo.com/quote/MSFT/history
2018-04-23,95.739998,96.290001,94.629997,95.349998,22331800,https://finance.yahoo.com/quote/MSFT/history
2018-04-24,96.239998,96.470001,92.410004,93.120003,34524800,https://finance.yahoo.com/quote/MSFT/history
2018-04-25,93.300003,93.300003,90.279999,92.309998,33729300,https://finance.yahoo.com/quote/MSFT/history
2018-04-26,93.550003,95.150002,93.099998,94.260002,42529000,https://finance.yahoo.com/quote/MSFT/history
2018-04-27,97.599998,97.900002,93.910004,95.820000,48272800,https://finance.yahoo.com/quote/MSFT/history
2018-04-30,96.330002,96.400002,93.150002,93.519997,41523600,https://finance.yahoo.com/quote/MSFT/history
2018-05-01,93.209999,95.290001,92.790001,95.000000,31408900,https://finance.yahoo.com/quote/MSFT/history
2018-05-02,94.989998,95.169998,93.190002,93.510002,27471000,https://finance.yahoo.com/quote/MSFT/history
2018-05-03,92.959999,94.930000,92.449997,94.070000,31142500,https://finance.yahoo.com/quote/MSFT/history
2018-05-04,93.320000,95.370003,92.919998,95.160004,22531300,https://finance.yahoo.com/quote/MSFT/history
2018-05-07,95.169998,96.709999,95.099998,96.220001,24242000,https://finance.yahoo.com/quote/MSFT/history
2018-05-08,95.849998,96.160004,95.059998,95.809998,23484600,https://finance.yahoo.com/quote/MSFT/history
2018-05-09,96.010002,96.970001,95.050003,96.940002,27327400,https://finance.yahoo.com/quote/MSFT/history
2018-05-10,97.459999,97.949997,97.050003,97.910004,22388100,https://finance.yahoo.com/quote/MSFT/history
2018-05-11,97.800003,97.870003,97.040001,97.699997,16778300,https://finance.yahoo.com/quote/MSFT/history
2018-05-14,97.919998,98.690002,97.309998,98.029999,19454100,https://finance.yahoo.com/quote/MSFT/history
2018-05-15,97.239998,97.849998,96.339996,97.320000,24594000,https://finance.yahoo.com/quote/MSFT/history
2018-05-16,97.360001,97.400002,96.620003,97.150002,17384700,https://finance.yahoo.com/quote/MSFT/history
2018-05-17,96.760002,97.540001,95.830002,96.180000,17246700,https://finance.yahoo.com/quote/MSFT/history
2018-05-18,96.010002,96.930000,96.010002,96.360001,17865800,https://finance.yahoo.com/quote/MSFT/history
2018-05-21,97.000000,98.010002,96.800003,97.599998,19422500,https://finance.yahoo.com/quote/MSFT/history
2018-05-22,97.680000,98.169998,97.199997,97.500000,15441200,https://finance.yahoo.com/quote/MSFT/history
2018-05-23,96.709999,98.730003,96.320000,98.660004,21251200,https://finance.yahoo.com/quote/MSFT/history
2018-05-24,98.730003,98.940002,96.809998,98.309998,26649300,https://finance.yahoo.com/quote/MSFT/history
2018-05-25,98.300003,98.980003,97.860001,98.360001,18363900,https://finance.yahoo.com/quote/MSFT/history
2018-05-29,97.839996,98.879997,97.230003,98.010002,28671000,https://finance.yahoo.com/quote/MSFT/history
2018-05-30,98.309998,99.250000,97.910004,98.949997,22158500,https://finance.yahoo.com/quote/MSFT/history
2018-05-31,99.290001,99.989998,98.610001,98.839996,34140900,https://finance.yahoo.com/quote/MSFT/history
2018-06-01,99.279999,100.860001,99.169998,100.790001,28655600,https://finance.yahoo.com/quote/MSFT/history
2018-06-04,101.260002,101.860001,100.849998,101.669998,27281600,https://finance.yahoo.com/quote/MSFT/history
2018-06-05,102.000000,102.330002,101.529999,102.190002,23514400,https://finance.yahoo.com/quote/MSFT/history
2018-06-06,102.480003,102.599998,101.900002,102.489998,21122900,https://finance.yahoo.com/quote/MSFT/history
2018-06-07,102.650002,102.690002,100.379997,100.879997,28232200,https://finance.yahoo.com/quote/MSFT/history
2018-06-08,101.089996,101.949997,100.540001,101.629997,22165100,https://finance.yahoo.com/quote/MSFT/history
2018-06-11,101.010002,101.589996,100.669998,101.050003,23490900,https://finance.yahoo.com/quote/MSFT/history
2018-06-12,101.099998,101.449997,100.750000,101.309998,18325200,https://finance.yahoo.com/quote/MSFT/history
2018-06-13,101.720001,102.010002,100.559998,100.849998,29492900,https://finance.yahoo.com/quote/MSFT/history
2018-06-14,101.650002,102.029999,101.000000,101.419998,25691800,https://finance.yahoo.com/quote/MSFT/history
2018-06-15,101.510002,101.529999,100.070000,100.129997,65738600,https://finance.yahoo.com/quote/MSFT/history
2018-06-18,100.010002,101.110001,99.419998,100.860001,23586000,https://finance.yahoo.com/quote/MSFT/history
2018-06-19,99.650002,101.000000,99.500000,100.860001,28653100,https://finance.yahoo.com/quote/MSFT/history
2018-06-20,101.370003,102.519997,101.120003,101.870003,26180800,https://finance.yahoo.com/quote/MSFT/history
2018-06-21,102.080002,102.459999,100.879997,101.139999,23198200,https://finance.yahoo.com/quote/MSFT/history
2018-06-22,100.410004,100.769997,99.629997,100.410004,38923100,https://finance.yahoo.com/quote/MSFT/history
2018-06-25,100.000000,100.110001,97.300003,98.389999,35433300,https://finance.yahoo.com/quote/MSFT/history
2018-06-26,98.820000,100.080002,98.750000,99.080002,26897200,https://finance.yahoo.com/quote/MSFT/history
2018-06-27,99.580002,100.019997,97.400002,97.540001,31298400,https://finance.yahoo.com/quote/MSFT/history
2018-06-28,97.379997,99.110001,97.260002,98.629997,26650700,https://finance.yahoo.com/quote/MSFT/history
2018-06-29,98.930000,99.910004,98.330002,98.610001,28053200,https://finance.yahoo.com/quote/MSFT/history
2018-07-02,98.099998,100.059998,98.000000,100.010002,19564500,https://finance.yahoo.com/quote/MSFT/history
2018-07-03,100.480003,100.629997,98.940002,99.050003,14670300,https://finance.yahoo.com/quote/MSFT/history
2018-07-05,99.500000,99.919998,99.029999,99.760002,18977400,https://finance.yahoo.com/quote/MSFT/history
2018-07-06,99.889999,101.430000,99.669998,101.160004,19234600,https://finance.yahoo.com/quote/MSFT/history
2018-07-09,101.650002,102.250000,101.250000,101.849998,18212000,https://finance.yahoo.com/quote/MSFT/history
2018-07-10,102.000000,102.510002,101.860001,102.120003,19293100,https://finance.yahoo.com/quote/MSFT/history
2018-07-11,101.150002,102.339996,101.099998,101.980003,19644600,https://finance.yahoo.com/quote/MSFT/history
2018-07-12,102.769997,104.410004,102.730003,104.190002,24335900,https://finance.yahoo.com/quote/MSFT/history
2018-07-13,104.370003,105.599998,104.089996,105.430000,24635200,https://finance.yahoo.com/quote/MSFT/history
2018-07-16,105.400002,105.820000,104.519997,104.910004,21786900,https://finance.yahoo.com/quote/MSFT/history
2018-07-17,104.610001,106.500000,104.320000,105.949997,25901700,https://finance.yahoo.com/quote/MSFT/history
2018-07-18,105.940002,106.050003,104.720001,105.120003,29493900,https://finance.yahoo.com/quote/MSFT/history
2018-07-19,104.930000,105.309998,103.889999,104.400002,40171600,https://finance.yahoo.com/quote/MSFT/history
2018-07-20,108.080002,108.199997,106.080002,106.269997,56004000,https://finance.yahoo.com/quote/MSFT/history
2018-07-23,106.300003,108.139999,106.129997,107.970001,29707000,https://finance.yahoo.com/quote/MSFT/history
2018-07-24,108.570000,108.820000,107.260002,107.660004,26316600,https://finance.yahoo.com/quote/MSFT/history
2018-07-25,107.959999,111.150002,107.599998,110.830002,30702100,https://finance.yahoo.com/quote/MSFT/history
2018-07-26,110.739998,111.000000,109.500000,109.620003,31372100,https://finance.yahoo.com/quote/MSFT/history
2018-07-27,110.180000,110.180000,106.139999,107.680000,37005300,https://finance.yahoo.com/quote/MSFT/history
2018-07-30,107.190002,107.529999,104.760002,105.370003,34668300,https://finance.yahoo.com/quote/MSFT/history
2018-07-31,106.489998,106.720001,105.379997,106.080002,27655200,https://finance.yahoo.com/quote/MSFT/history
2018-08-01,106.029999,106.449997,105.419998,106.279999,23628700,https://finance.yahoo.com/quote/MSFT/history
2018-08-02,105.400002,108.089996,104.839996,107.570000,26104300,https://finance.yahoo.com/quote/MSFT/history
2018-08-03,107.800003,108.050003,106.820000,108.040001,18659600,https://finance.yahoo.com/quote/MSFT/history
2018-08-06,108.120003,108.419998,107.559998,108.129997,20265900,https://finance.yahoo.com/quote/MSFT/history
2018-08-07,108.559998,109.099998,108.169998,108.879997,16080200,https://finance.yahoo.com/quote/MSFT/history
2018-08-08,109.330002,109.750000,108.760002,109.489998,15487500,https://finance.yahoo.com/quote/MSFT/history
2018-08-09,109.709999,110.160004,109.599998,109.669998,13677200,https://finance.yahoo.com/quote/MSFT/history
2018-08-10,109.419998,109.690002,108.379997,109.000000,18183700,https://finance.yahoo.com/quote/MSFT/history
2018-08-13,109.239998,109.580002,108.099998,108.209999,18472500,https://finance.yahoo.com/quote/MSFT/history
2018-08-14,108.559998,109.750000,108.040001,109.559998,16788300,https://finance.yahoo.com/quote/MSFT/history
2018-08-15,108.489998,108.989998,106.820000,107.660004,29982800,https://finance.yahoo.com/quote/MSFT/history
2018-08-16,108.300003,108.860001,107.300003,107.639999,21384300,https://finance.yahoo.com/quote/MSFT/history
2018-08-17,107.360001,107.900002,106.690002,107.580002,18061500,https://finance.yahoo.com/quote/MSFT/history
2018-08-20,107.510002,107.900002,106.480003,106.870003,17914200,https://finance.yahoo.com/quote/MSFT/history
2018-08-21,106.919998,107.349998,105.849998,105.980003,22881900,https://finance.yahoo.com/quote/MSFT/history
2018-08-22,105.849998,107.339996,105.779999,107.059998,18000600,https://finance.yahoo.com/quote/MSFT/history
2018-08-23,107.150002,108.180000,106.870003,107.559998,18167700,https://finance.yahoo.com/quote/MSFT/history
2018-08-24,107.669998,108.559998,107.559998,108.400002,17234000,https://finance.yahoo.com/quote/MSFT/history
2018-08-27,109.269997,109.639999,108.510002,109.599998,19662300,https://finance.yahoo.com/quote/MSFT/history
2018-08-28,109.940002,110.500000,109.790001,110.260002,19151500,https://finance.yahoo.com/quote/MSFT/history
2018-08-29,110.449997,112.029999,110.269997,112.019997,20818000,https://finance.yahoo.com/quote/MSFT/history
2018-08-30,111.669998,112.610001,111.440002,111.949997,22798700,https://finance.yahoo.com/quote/MSFT/history
2018-08-31,111.690002,112.779999,111.519997,112.330002,23222700,https://finance.yahoo.com/quote/MSFT/history
2018-09-04,110.849998,111.959999,110.220001,111.709999,22634600,https://finance.yahoo.com/quote/MSFT/history
2018-09-05,111.010002,111.419998,108.099998,108.489998,32872400,https://finance.yahoo.com/quote/MSFT/history
2018-09-06,108.250000,108.989998,107.510002,108.739998,23477600,https://finance.yahoo.com/quote/MSFT/history
2018-09-07,108.230003,108.720001,107.230003,108.209999,22498600,https://finance.yahoo.com/quote/MSFT/history
2018-09-10,108.839996,109.639999,108.360001,109.379997,20727900,https://finance.yahoo.com/quote/MSFT/history
2018-09-11,108.900002,111.589996,108.889999,111.239998,24301800,https://finance.yahoo.com/quote/MSFT/history
2018-09-12,111.430000,111.849998,110.510002,111.709999,18891100,https://finance.yahoo.com/quote/MSFT/history
2018-09-13,112.120003,113.730003,112.120003,112.910004,26055600,https://finance.yahoo.com/quote/MSFT/history
2018-09-14,113.360001,113.730003,112.440002,113.370003,19122300,https://finance.yahoo.com/quote/MSFT/history
2018-09-17,113.690002,113.699997,111.860001,112.139999,20736500,https://finance.yahoo.com/quote/MSFT/history
2018-09-18,112.190002,113.699997,111.720001,113.209999,22170900,https://finance.yahoo.com/quote/MSFT/history
2018-09-19,113.050003,113.320000,111.040001,111.699997,21728400,https://finance.yahoo.com/quote/MSFT/history
2018-09-20,112.279999,113.800003,111.930000,113.570000,23714500,https://finance.yahoo.com/quote/MSFT/history
2018-09-21,114.000000,115.290001,113.510002,114.260002,71229700,https://finance.yahoo.com/quote/MSFT/history
2018-09-24,113.029999,114.900002,112.220001,114.669998,27334500,https://finance.yahoo.com/quote/MSFT/history
2018-09-25,114.800003,115.099998,113.750000,114.449997,22668000,https://finance.yahoo.com/quote/MSFT/history
2018-09-26,114.470001,115.059998,113.739998,113.980003,19352000,https://finance.yahoo.com/quote/MSFT/history
2018-09-27,114.779999,114.910004,114.199997,114.410004,19091300,https://finance.yahoo.com/quote/MSFT/history
2018-09-28,114.190002,114.570000,113.680000,114.370003,21647800,https://finance.yahoo.com/quote/MSFT/history
2018-10-01,114.750000,115.680000,114.730003,115.610001,18883100,https://finance.yahoo.com/quote/MSFT/history
2018-10-02,115.300003,115.839996,114.440002,115.150002,20787200,https://finance.yahoo.com/quote/MSFT/history
2018-10-03,115.419998,116.180000,114.930000,115.169998,16648000,https://finance.yahoo.com/quote/MSFT/history
2018-10-04,114.610001,114.760002,111.629997,112.790001,34821700,https://finance.yahoo.com/quote/MSFT/history
2018-10-05,112.629997,113.169998,110.639999,112.129997,29068900,https://finance.yahoo.com/quote/MSFT/history
2018-10-08,111.660004,112.029999,109.339996,110.849998,29640600,https://finance.yahoo.com/quote/MSFT/history
2018-10-09,111.139999,113.080002,110.800003,112.260002,26198600,https://finance.yahoo.com/quote/MSFT/history
2018-10-10,111.239998,111.500000,105.790001,106.160004,61376300,https://finance.yahoo.com/quote/MSFT/history
2018-10-11,105.349998,108.930000,104.199997,105.910004,63904300,https://finance.yahoo.com/quote/MSFT/history
2018-10-12,109.010002,111.239998,107.120003,109.570000,47742100,https://finance.yahoo.com/quote/MSFT/history
2018-10-15,108.910004,109.480003,106.949997,107.599998,32068100,https://finance.yahoo.com/quote/MSFT/history
2018-10-16,109.540001,111.410004,108.949997,111.000000,31610200,https://finance.yahoo.com/quote/MSFT/history
2018-10-17,111.680000,111.809998,109.550003,110.709999,26548200,https://finance.yahoo.com/quote/MSFT/history
2018-10-18,110.099998,110.529999,107.830002,108.500000,32506200,https://finance.yahoo.com/quote/MSFT/history
2018-10-19,108.930000,110.860001,108.209999,108.660004,32785500,https://finance.yahoo.com/quote/MSFT/history
2018-10-22,109.320000,110.540001,108.239998,109.629997,26545600,https://finance.yahoo.com/quote/MSFT/history
2018-10-23,107.769997,108.970001,105.110001,108.099998,43770400,https://finance.yahoo.com/quote/MSFT/history
2018-10-24,108.410004,108.489998,101.589996,102.320000,63897800,https://finance.yahoo.com/quote/MSFT/history
2018-10-25,106.550003,109.269997,106.150002,108.300003,61646800,https://finance.yahoo.com/quote/MSFT/history
2018-10-26,105.690002,108.750000,104.760002,106.959999,55523100,https://finance.yahoo.com/quote/MSFT/history
2018-10-29,108.110001,108.699997,101.629997,103.849998,55162000,https://finance.yahoo.com/quote/MSFT/history
2018-10-30,103.660004,104.379997,100.110001,103.730003,65350900,https://finance.yahoo.com/quote/MSFT/history
2018-10-31,105.440002,108.139999,105.389999,106.809998,51062400,https://finance.yahoo.com/quote/MSFT/history
2018-11-01,107.050003,107.320000,105.529999,105.919998,33384200,https://finance.yahoo.com/quote/MSFT/history
2018-11-02,106.480003,107.320000,104.980003,106.160004,37680200,https://finance.yahoo.com/quote/MSFT/history
2018-11-05,106.370003,107.739998,105.900002,107.510002,27922100,https://finance.yahoo.com/quote/MSFT/history
2018-11-06,107.379997,108.839996,106.279999,107.720001,24340200,https://finance.yahoo.com/quote/MSFT/history
2018-11-07,109.440002,112.239998,109.400002,111.959999,37901700,https://finance.yahoo.com/quote/MSFT/history
2018-11-08,111.800003,112.209999,110.910004,111.750000,25644100,https://finance.yahoo.com/quote/MSFT/history
2018-11-09,110.849998,111.449997,108.760002,109.570000,32039200,https://finance.yahoo.com/quote/MSFT/history
2018-11-12,109.419998,109.959999,106.099998,106.870003,33621800,https://finance.yahoo.com/quote/MSFT/history
2018-11-13,107.550003,108.739998,106.639999,106.940002,35374600,https://finance.yahoo.com/quote/MSFT/history
2018-11-14,108.099998,108.260002,104.470001,104.970001,39495100,https://finance.yahoo.com/quote/MSFT/history
2018-11-15,104.989998,107.800003,103.910004,107.279999,38505200,https://finance.yahoo.com/quote/MSFT/history
2018-11-16,107.080002,108.879997,106.800003,108.290001,33502100,https://finance.yahoo.com/quote/MSFT/history
2018-11-19,108.269997,108.559998,103.550003,104.620003,44773900,https://finance.yahoo.com/quote/MSFT/history
2018-11-20,101.800003,102.970001,99.349998,101.709999,64052500,https://finance.yahoo.com/quote/MSFT/history
2018-11-21,103.599998,104.430000,102.239998,103.110001,28130600,https://finance.yahoo.com/quote/MSFT/history
2018-11-23,102.169998,103.809998,102.000000,103.070000,13823100,https://finance.yahoo.com/quote/MSFT/history
2018-11-26,104.790001,106.629997,104.580002,106.470001,32336200,https://finance.yahoo.com/quote/MSFT/history
2018-11-27,106.269997,107.330002,105.360001,107.139999,29124500,https://finance.yahoo.com/quote/MSFT/history
2018-11-28,107.889999,111.330002,107.860001,111.120003,46788500,https://finance.yahoo.com/quote/MSFT/history
2018-11-29,110.330002,111.120003,109.029999,110.190002,28123200,https://finance.yahoo.com/quote/MSFT/history
2018-11-30,110.699997,110.970001,109.360001,110.889999,33665600,https://finance.yahoo.com/quote/MSFT/history
2018-12-03,113.000000,113.419998,110.730003,112.089996,34732800,https://finance.yahoo.com/quote/MSFT/history
2018-12-04,111.940002,112.639999,108.209999,108.519997,45197000,https://finance.yahoo.com/quote/MSFT/history
2018-12-06,105.820000,109.239998,105.000000,109.190002,49107400,https://finance.yahoo.com/quote/MSFT/history
2018-12-07,108.379997,109.449997,104.300003,104.820000,45044900,https://finance.yahoo.com/quote/MSFT/history
2018-12-10,104.800003,107.980003,103.889999,107.589996,40801500,https://finance.yahoo.com/quote/MSFT/history
2018-12-11,109.800003,110.949997,107.440002,108.589996,42381900,https://finance.yahoo.com/quote/MSFT/history
2018-12-12,110.889999,111.269997,109.040001,109.080002,36183000,https://finance.yahoo.com/quote/MSFT/history
2018-12-13,109.580002,110.870003,108.629997,109.449997,31333400,https://finance.yahoo.com/quote/MSFT/history
2018-12-14,108.250000,109.260002,105.500000,106.029999,47043100,https://finance.yahoo.com/quote/MSFT/history
2018-12-17,105.410004,105.800003,101.709999,102.889999,56957300,https://finance.yahoo.com/quote/MSFT/history
2018-12-18,103.750000,104.510002,102.519997,103.970001,49319200,https://finance.yahoo.com/quote/MSFT/history
2018-12-19,103.650002,106.879997,101.349998,103.690002,68198200,https://finance.yahoo.com/quote/MSFT/history
2018-12-20,103.050003,104.309998,98.779999,101.510002,70334200,https://finance.yahoo.com/quote/MSFT/history
2018-12-21,101.629997,103.000000,97.459999,98.230003,111242100,https://finance.yahoo.com/quote/MSFT/history
2018-12-24,97.680000,97.970001,93.980003,94.129997,43935200,https://finance.yahoo.com/quote/MSFT/history
2018-12-26,95.139999,100.690002,93.959999,100.559998,51634800,https://finance.yahoo.com/quote/MSFT/history
2018-12-27,99.300003,101.190002,96.400002,101.180000,49498500,https://finance.yahoo.com/quote/MSFT/history
2018-12-28,102.089996,102.410004,99.519997,100.389999,38196300,https://finance.yahoo.com/quote/MSFT/history
2018-12-31,101.290001,102.400002,100.440002,101.570000,33173800,https://finance.yahoo.com/quote/MSFT/history
2019-01-02,99.550003,101.750000,98.940002,101.120003,35329300,https://finance.yahoo.com/quote/MSFT/history
2019-01-03,100.099998,100.190002,97.199997,97.400002,42579100,https://finance.yahoo.com/quote/MSFT/history
2019-01-04,99.720001,102.510002,98.930000,101.930000,44060600,https://finance.yahoo.com/quote/MSFT/history
2019-01-07,101.639999,103.269997,100.980003,102.059998,35656100,https://finance.yahoo.com/quote/MSFT/history
2019-01-08,103.040001,103.970001,101.709999,102.800003,31514400,https://finance.yahoo.com/quote/MSFT/history
2019-01-09,103.860001,104.879997,103.239998,104.269997,32280800,https://finance.yahoo.com/quote/MSFT/history
2019-01-10,103.220001,103.750000,102.379997,103.599998,30067600,https://finance.yahoo.com/quote/MSFT/history
2019-01-11,103.190002,103.440002,101.639999,102.800003,28314200,https://finance.yahoo.com/quote/MSFT/history
2019-01-14,101.900002,102.870003,101.260002,102.050003,28437100,https://finance.yahoo.com/quote/MSFT/history
2019-01-15,102.510002,105.050003,101.879997,105.010002,31587600,https://finance.yahoo.com/quote/MSFT/history
2019-01-16,105.260002,106.260002,104.959999,105.379997,29853900,https://finance.yahoo.com/quote/MSFT/history
2019-01-17,105.000000,106.629997,104.760002,106.120003,28393000,https://finance.yahoo.com/quote/MSFT/history
2019-01-18,107.459999,107.900002,105.910004,107.709999,37427600,https://finance.yahoo.com/quote/MSFT/history
2019-01-22,106.750000,107.099998,104.860001,105.680000,32371300,https://finance.yahoo.com/quote/MSFT/history
2019-01-23,106.120003,107.040001,105.339996,106.709999,25874300,https://finance.yahoo.com/quote/MSFT/history
2019-01-24,106.860001,107.000000,105.339996,106.199997,23164800,https://finance.yahoo.com/quote/MSFT/history
2019-01-25,107.239998,107.879997,106.199997,107.169998,31225600,https://finance.yahoo.com/quote/MSFT/history
2019-01-28,106.260002,106.480003,104.660004,105.080002,29476700,https://finance.yahoo.com/quote/MSFT/history
2019-01-29,104.879997,104.970001,102.169998,102.940002,31490500,https://finance.yahoo.com/quote/MSFT/history
2019-01-30,104.620003,106.379997,104.330002,106.379997,49471900,https://finance.yahoo.com/quote/MSFT/history
2019-01-31,103.800003,105.220001,103.180000,104.430000,55636400,https://finance.yahoo.com/quote/MSFT/history
2019-02-01,103.779999,104.099998,102.349998,102.779999,35535700,https://finance.yahoo.com/quote/MSFT/history
2019-02-04,102.870003,105.800003,102.769997,105.739998,31315100,https://finance.yahoo.com/quote/MSFT/history
2019-02-05,106.059998,107.269997,105.959999,107.220001,27325400,https://finance.yahoo.com/quote/MSFT/history
2019-02-06,107.000000,107.000000,105.529999,106.029999,20609800,https://finance.yahoo.com/quote/MSFT/history
2019-02-07,105.190002,105.589996,104.290001,105.269997,29760700,https://finance.yahoo.com/quote/MSFT/history
2019-02-08,104.389999,105.779999,104.260002,105.669998,21461100,https://finance.yahoo.com/quote/MSFT/history
2019-02-11,106.199997,106.580002,104.970001,105.250000,18914100,https://finance.yahoo.com/quote/MSFT/history
2019-02-12,106.139999,107.139999,105.480003,106.889999,25056600,https://finance.yahoo.com/quote/MSFT/history
2019-02-13,107.500000,107.779999,106.709999,106.809998,18394900,https://finance.yahoo.com/quote/MSFT/history
2019-02-14,106.309998,107.290001,105.660004,106.900002,21784700,https://finance.yahoo.com/quote/MSFT/history
2019-02-15,107.910004,108.300003,107.360001,108.220001,26606900,https://finance.yahoo.com/quote/MSFT/history
2019-02-19,107.790001,108.660004,107.779999,108.169998,18038500,https://finance.yahoo.com/quote/MSFT/history
2019-02-20,107.860001,107.940002,106.290001,107.150002,21607700,https://finance.yahoo.com/quote/MSFT/history
2019-02-21,106.900002,109.480003,106.870003,109.410004,29063200,https://finance.yahoo.com/quote/MSFT/history
2019-02-22,110.050003,111.199997,109.820000,110.970001,27763200,https://finance.yahoo.com/quote/MSFT/history
2019-02-25,111.760002,112.180000,111.260002,111.589996,23750600,https://finance.yahoo.com/quote/MSFT/history
2019-02-26,111.260002,113.239998,111.169998,112.360001,21536700,https://finance.yahoo.com/quote/MSFT/history
2019-02-27,111.690002,112.360001,110.879997,112.169998,21487100,https://finance.yahoo.com/quote/MSFT/history
2019-02-28,112.040001,112.879997,111.730003,112.029999,29083900,https://finance.yahoo.com/quote/MSFT/history
2019-03-01,112.889999,113.019997,111.669998,112.529999,23501200,https://finance.yahoo.com/quote/MSFT/history
2019-03-04,113.019997,113.250000,110.800003,112.260002,26608000,https://finance.yahoo.com/quote/MSFT/history
2019-03-05,112.250000,112.389999,111.230003,111.699997,19538300,https://finance.yahoo.com/quote/MSFT/history
2019-03-06,111.870003,112.660004,111.430000,111.750000,17687000,https://finance.yahoo.com/quote/MSFT/history
2019-03-07,111.400002,111.550003,109.870003,110.389999,25339000,https://finance.yahoo.com/quote/MSFT/history
2019-03-08,109.160004,110.709999,108.800003,110.510002,22818400,https://finance.yahoo.com/quote/MSFT/history
2019-03-11,110.989998,112.949997,110.980003,112.830002,26491600,https://finance.yahoo.com/quote/MSFT/history
2019-03-12,112.820000,113.989998,112.650002,113.620003,26132700,https://finance.yahoo.com/quote/MSFT/history
2019-03-13,114.129997,115.000000,113.779999,114.500000,35513800,https://finance.yahoo.com/quote/MSFT/history
2019-03-14,114.540001,115.199997,114.330002,114.589996,30763400,https://finance.yahoo.com/quote/MSFT/history
2019-03-15,115.339996,117.250000,114.589996,115.910004,54681100,https://finance.yahoo.com/quote/MSFT/history
2019-03-18,116.169998,117.610001,116.050003,117.570000,31207600,https://finance.yahoo.com/quote/MSFT/history
2019-03-19,118.089996,118.440002,116.989998,117.650002,37588700,https://finance.yahoo.com/quote/MSFT/history
2019-03-20,117.389999,118.750000,116.709999,117.519997,28113300,https://finance.yahoo.com/quote/MSFT/history
2019-03-21,117.139999,120.820000,117.089996,120.220001,29854400,https://finance.yahoo.com/quote/MSFT/history
2019-03-22,119.500000,119.589996,117.040001,117.050003,33624500,https://finance.yahoo.com/quote/MSFT/history
2019-03-25,116.559998,118.010002,116.320000,117.660004,27067100,https://finance.yahoo.com/quote/MSFT/history
2019-03-26,118.620003,118.709999,116.849998,117.910004,26097700,https://finance.yahoo.com/quote/MSFT/history
2019-03-27,117.879997,118.209999,115.519997,116.769997,22733400,https://finance.yahoo.com/quote/MSFT/history
2019-03-28,117.440002,117.580002,116.129997,116.930000,18334800,https://finance.yahoo.com/quote/MSFT/history
2019-03-29,118.070000,118.320000,116.959999,117.940002,25399800,https://finance.yahoo.com/quote/MSFT/history
2019-04-01,118.949997,119.110001,118.099998,119.019997,22789100,https://finance.yahoo.com/quote/MSFT/history
2019-04-02,119.059998,119.480003,118.519997,119.190002,18142300,https://finance.yahoo.com/quote/MSFT/history
2019-04-03,119.860001,120.430000,119.150002,119.970001,22860700,https://finance.yahoo.com/quote/MSFT/history
2019-04-04,120.099998,120.230003,118.379997,119.360001,20112800,https://finance.yahoo.com/quote/MSFT/history
2019-04-05,119.389999,120.230003,119.370003,119.889999,15826200,https://finance.yahoo.com/quote/MSFT/history
2019-04-08,119.809998,120.019997,118.639999,119.930000,15116200,https://finance.yahoo.com/quote/MSFT/history
2019-04-09,118.629997,119.540001,118.580002,119.279999,17612000,https://finance.yahoo.com/quote/MSFT/history
2019-04-10,119.760002,120.349998,119.540001,120.190002,16477200,https://finance.yahoo.com/quote/MSFT/history
2019-04-11,120.540001,120.849998,119.919998,120.330002,14209100,https://finance.yahoo.com/quote/MSFT/history
2019-04-12,120.639999,120.980003,120.370003,120.949997,19745100,https://finance.yahoo.com/quote/MSFT/history
2019-04-15,120.940002,121.580002,120.570000,121.050003,15792600,https://finance.yahoo.com/quote/MSFT/history
2019-04-16,121.639999,121.650002,120.099998,120.769997,14071800,https://finance.yahoo.com/quote/MSFT/history
2019-04-17,121.239998,121.849998,120.540001,121.769997,19300900,https://finance.yahoo.com/quote/MSFT/history
2019-04-18,122.190002,123.519997,121.300003,123.370003,27991000,https://finance.yahoo.com/quote/MSFT/history
2019-04-22,122.620003,124.000000,122.570000,123.760002,15648700,https://finance.yahoo.com/quote/MSFT/history
2019-04-23,124.099998,125.580002,123.830002,125.440002,24025500,https://finance.yahoo.com/quote/MSFT/history
2019-04-24,125.790001,125.849998,124.519997,125.010002,31257000,https://finance.yahoo.com/quote/MSFT/history
2019-04-25,130.059998,131.369995,128.830002,129.149994,38033900,https://finance.yahoo.com/quote/MSFT/history
2019-04-26,129.699997,130.520004,129.020004,129.889999,23654900,https://finance.yahoo.com/quote/MSFT/history
2019-04-29,129.899994,130.179993,129.350006,129.770004,16324200,https://finance.yahoo.com/quote/MSFT/history
2019-04-30,129.809998,130.699997,129.389999,130.600006,24166500,https://finance.yahoo.com/quote/MSFT/history
2019-05-01,130.529999,130.649994,127.699997,127.879997,26821700,https://finance.yahoo.com/quote/MSFT/history
2019-05-02,127.980003,128.000000,125.519997,126.209999,27350200,https://finance.yahoo.com/quote/MSFT/history
2019-05-03,127.360001,129.429993,127.250000,128.899994,24911100,https://finance.yahoo.com/quote/MSFT/history
2019-05-06,126.389999,128.559998,126.110001,128.149994,24239800,https://finance.yahoo.com/quote/MSFT/history
2019-05-07,126.459999,127.180000,124.220001,125.519997,36017700,https://finance.yahoo.com/quote/MSFT/history
2019-05-08,125.440002,126.370003,124.750000,125.510002,28419000,https://finance.yahoo.com/quote/MSFT/history
2019-05-09,124.290001,125.790001,123.570000,125.500000,27235800,https://finance.yahoo.com/quote/MSFT/history
2019-05-10,124.910004,127.930000,123.820000,127.129997,30915100,https://finance.yahoo.com/quote/MSFT/history
2019-05-13,124.110001,125.550003,123.040001,123.349998,33944900,https://finance.yahoo.com/quote/MSFT/history
2019-05-14,123.870003,125.879997,123.699997,124.730003,25266300,https://finance.yahoo.com/quote/MSFT/history
2019-05-15,124.260002,126.709999,123.699997,126.019997,24722700,https://finance.yahoo.com/quote/MSFT/history
2019-05-16,126.750000,129.380005,126.459999,128.929993,30112200,https://finance.yahoo.com/quote/MSFT/history
2019-05-17,128.309998,130.460007,127.919998,128.070007,25770500,https://finance.yahoo.com/quote/MSFT/history
2019-05-20,126.519997,127.589996,125.760002,126.220001,23706900,https://finance.yahoo.com/quote/MSFT/history
2019-05-21,127.430000,127.529999,126.580002,126.900002,15293300,https://finance.yahoo.com/quote/MSFT/history
2019-05-22,126.620003,128.240005,126.519997,127.669998,15396500,https://finance.yahoo.com/quote/MSFT/history
2019-05-23,126.199997,126.290001,124.739998,126.180000,23603800,https://finance.yahoo.com/quote/MSFT/history
2019-05-24,126.910004,127.419998,125.970001,126.239998,14123400,https://finance.yahoo.com/quote/MSFT/history
2019-05-28,126.980003,128.000000,126.050003,126.160004,23128400,https://finance.yahoo.com/quote/MSFT/history
2019-05-29,125.379997,125.389999,124.040001,124.940002,22763100,https://finance.yahoo.com/quote/MSFT/history
2019-05-30,125.260002,125.760002,124.779999,125.730003,16829600,https://finance.yahoo.com/quote/MSFT/history
2019-05-31,124.230003,124.620003,123.320000,123.680000,26646800,https://finance.yahoo.com/quote/MSFT/history
2019-06-03,123.849998,124.370003,119.010002,119.839996,37983600,https://finance.yahoo.com/quote/MSFT/history
2019-06-04,121.279999,123.279999,120.650002,123.160004,29382600,https://finance.yahoo.com/quote/MSFT/history
2019-06-05,124.949997,125.870003,124.209999,125.830002,24926100,https://finance.yahoo.com/quote/MSFT/history
2019-06-06,126.440002,127.970001,125.599998,127.820000,21459000,https://finance.yahoo.com/quote/MSFT/history
2019-06-07,129.190002,132.250000,128.259995,131.399994,33885600,https://finance.yahoo.com/quote/MSFT/history
2019-06-10,132.399994,134.080002,132.000000,132.600006,26477100,https://finance.yahoo.com/quote/MSFT/history
2019-06-11,133.880005,134.240005,131.279999,132.100006,23913700,https://finance.yahoo.com/quote/MSFT/history
2019-06-12,131.399994,131.970001,130.710007,131.490005,17092500,https://finance.yahoo.com/quote/MSFT/history
2019-06-13,131.979996,133.000000,131.559998,132.320007,17200800,https://finance.yahoo.com/quote/MSFT/history
2019-06-14,132.259995,133.789993,131.639999,132.449997,17821700,https://finance.yahoo.com/quote/MSFT/history
2019-06-17,132.630005,133.729996,132.529999,132.850006,14517800,https://finance.yahoo.com/quote/MSFT/history
2019-06-18,134.190002,135.240005,133.570007,135.160004,25934500,https://finance.yahoo.com/quote/MSFT/history
2019-06-19,135.000000,135.929993,133.809998,135.690002,23744400,https://finance.yahoo.com/quote/MSFT/history
2019-06-20,137.449997,137.660004,135.720001,136.949997,33042600,https://finance.yahoo.com/quote/MSFT/history
2019-06-21,136.580002,137.729996,136.460007,136.970001,36727900,https://finance.yahoo.com/quote/MSFT/history
2019-06-24,137.000000,138.399994,137.000000,137.779999,20628800,https://finance.yahoo.com/quote/MSFT/history
2019-06-25,137.250000,137.589996,132.729996,133.429993,33327400,https://finance.yahoo.com/quote/MSFT/history
2019-06-26,134.350006,135.740005,133.600006,133.929993,23657700,https://finance.yahoo.com/quote/MSFT/history
2019-06-27,134.139999,134.710007,133.509995,134.149994,16557500,https://finance.yahoo.com/quote/MSFT/history
2019-06-28,134.570007,134.600006,133.160004,133.960007,30043000,https://finance.yahoo.com/quote/MSFT/history
2019-07-01,136.630005,136.699997,134.970001,135.679993,22613500,https://finance.yahoo.com/quote/MSFT/history
2019-07-02,136.119995,136.589996,135.339996,136.580002,15237800,https://finance.yahoo.com/quote/MSFT/history
2019-07-03,136.800003,137.740005,136.289993,137.460007,13629300,https://finance.yahoo.com/quote/MSFT/history
2019-07-05,135.940002,137.330002,135.720001,137.059998,18141100,https://finance.yahoo.com/quote/MSFT/history
2019-07-08,136.399994,137.100006,135.369995,136.960007,16779700,https://finance.yahoo.com/quote/MSFT/history
2019-07-09,136.000000,136.970001,135.800003,136.460007,19953100,https://finance.yahoo.com/quote/MSFT/history
2019-07-10,137.130005,138.580002,137.020004,137.850006,24204400,https://finance.yahoo.com/quote/MSFT/history
2019-07-11,138.199997,139.220001,137.869995,138.399994,22327900,https://finance.yahoo.com/quote/MSFT/history
2019-07-12,138.850006,139.130005,138.009995,138.899994,18936800,https://finance.yahoo.com/quote/MSFT/history
2019-07-15,139.440002,139.539993,138.460007,138.899994,16651500,https://finance.yahoo.com/quote/MSFT/history
2019-07-16,138.960007,139.050003,136.520004,137.080002,22726100,https://finance.yahoo.com/quote/MSFT/history
2019-07-17,137.699997,137.929993,136.220001,136.270004,20211000,https://finance.yahoo.com/quote/MSFT/history
2019-07-18,135.550003,136.619995,134.669998,136.419998,30381800,https://finance.yahoo.com/quote/MSFT/history
2019-07-19,140.220001,140.669998,136.449997,136.619995,48992400,https://finance.yahoo.com/quote/MSFT/history
2019-07-22,137.410004,139.190002,137.330002,138.429993,25074900,https://finance.yahoo.com/quote/MSFT/history
2019-07-23,139.759995,139.990005,138.029999,139.289993,18034600,https://finance.yahoo.com/quote/MSFT/history
2019-07-24,138.899994,140.740005,138.850006,140.720001,20738300,https://finance.yahoo.com/quote/MSFT/history
2019-07-25,140.429993,140.610001,139.320007,140.190002,18356900,https://finance.yahoo.com/quote/MSFT/history
2019-07-26,140.369995,141.679993,140.300003,141.339996,19037600,https://finance.yahoo.com/quote/MSFT/history
2019-07-29,141.500000,141.509995,139.369995,141.029999,16605900,https://finance.yahoo.com/quote/MSFT/history
2019-07-30,140.139999,141.220001,139.800003,140.350006,16846500,https://finance.yahoo.com/quote/MSFT/history
2019-07-31,140.330002,140.490005,135.080002,136.270004,38598800,https://finance.yahoo.com/quote/MSFT/history
2019-08-01,137.000000,140.940002,136.929993,138.059998,40557500,https://finance.yahoo.com/quote/MSFT/history
2019-08-02,138.089996,138.320007,135.259995,136.899994,30791600,https://finance.yahoo.com/quote/MSFT/history
2019-08-05,133.300003,133.929993,130.779999,132.210007,42749600,https://finance.yahoo.com/quote/MSFT/history
2019-08-06,133.800003,135.679993,133.210007,134.690002,32696700,https://finance.yahoo.com/quote/MSFT/history
2019-08-07,133.789993,135.649994,131.830002,135.279999,33414500,https://finance.yahoo.com/quote/MSFT/history
2019-08-08,136.600006,138.990005,135.929993,138.889999,27496500,https://finance.yahoo.com/quote/MSFT/history
2019-08-09,138.610001,139.380005,136.460007,137.710007,23466700,https://finance.yahoo.com/quote/MSFT/history
2019-08-12,137.070007,137.860001,135.240005,135.789993,20484300,https://finance.yahoo.com/quote/MSFT/history
2019-08-13,136.050003,138.800003,135.000000,138.600006,25154600,https://finance.yahoo.com/quote/MSFT/history
2019-08-14,136.360001,136.919998,133.669998,133.979996,32527300,https://finance.yahoo.com/quote/MSFT/history
2019-08-15,134.389999,134.580002,132.250000,133.679993,28074400,https://finance.yahoo.com/quote/MSFT/history
2019-08-16,134.880005,136.460007,134.720001,136.130005,24449100,https://finance.yahoo.com/quote/MSFT/history
2019-08-19,137.850006,138.550003,136.889999,138.410004,24355700,https://finance.yahoo.com/quote/MSFT/history
2019-08-20,138.210007,138.710007,137.240005,137.259995,21170800,https://finance.yahoo.com/quote/MSFT/history
2019-08-21,138.550003,139.490005,138.000000,138.789993,14970300,https://finance.yahoo.com/quote/MSFT/history
2019-08-22,138.660004,139.199997,136.289993,137.779999,18697000,https://finance.yahoo.com/quote/MSFT/history
2019-08-23,137.190002,138.350006,132.800003,133.389999,38508600,https://finance.yahoo.com/quote/MSFT/history
2019-08-26,134.990005,135.559998,133.899994,135.449997,20312600,https://finance.yahoo.com/quote/MSFT/history
2019-08-27,136.389999,136.720001,134.660004,135.740005,23102100,https://finance.yahoo.com/quote/MSFT/history
2019-08-28,134.880005,135.759995,133.550003,135.559998,17393300,https://finance.yahoo.com/quote/MSFT/history
2019-08-29,137.250000,138.440002,136.910004,138.119995,20168700,https://finance.yahoo.com/quote/MSFT/history
2019-08-30,139.149994,139.179993,136.270004,137.860001,23940100,https://finance.yahoo.com/quote/MSFT/history
2019-09-03,136.610001,137.199997,135.699997,136.039993,18869300,https://finance.yahoo.com/quote/MSFT/history
2019-09-04,137.300003,137.690002,136.479996,137.630005,17995900,https://finance.yahoo.com/quote/MSFT/history
2019-09-05,139.110001,140.380005,138.759995,140.050003,26101800,https://finance.yahoo.com/quote/MSFT/history
2019-09-06,140.029999,140.179993,138.199997,139.100006,20824500,https://finance.yahoo.com/quote/MSFT/history
2019-09-09,139.589996,139.750000,136.460007,137.520004,25773900,https://finance.yahoo.com/quote/MSFT/history
2019-09-10,136.800003,136.889999,134.509995,136.080002,28903400,https://finance.yahoo.com/quote/MSFT/history
2019-09-11,135.910004,136.270004,135.089996,136.119995,24726100,https://finance.yahoo.com/quote/MSFT/history
2019-09-12,137.850006,138.419998,136.869995,137.520004,27010000,https://finance.yahoo.com/quote/MSFT/history
2019-09-13,137.779999,138.059998,136.570007,137.320007,23363100,https://finance.yahoo.com/quote/MSFT/history
2019-09-16,135.830002,136.699997,135.660004,136.330002,16731400,https://finance.yahoo.com/quote/MSFT/history
2019-09-17,136.960007,137.520004,136.429993,137.389999,17814200,https://finance.yahoo.com/quote/MSFT/history
2019-09-18,137.360001,138.669998,136.529999,138.520004,23982100,https://finance.yahoo.com/quote/MSFT/history
2019-09-19,140.300003,142.369995,140.070007,141.070007,35772100,https://finance.yahoo.com/quote/MSFT/history
2019-09-20,141.009995,141.649994,138.250000,139.440002,39167300,https://finance.yahoo.com/quote/MSFT/history
2019-09-23,139.229996,139.630005,138.440002,139.139999,17139300,https://finance.yahoo.com/quote/MSFT/history
2019-09-24,140.360001,140.690002,136.880005,137.380005,29773200,https://finance.yahoo.com/quote/MSFT/history
2019-09-25,137.500000,139.960007,136.029999,139.360001,21382000,https://finance.yahoo.com/quote/MSFT/history
2019-09-26,139.440002,140.179993,138.440002,139.539993,17456600,https://finance.yahoo.com/quote/MSFT/history
2019-09-27,140.149994,140.360001,136.649994,137.729996,22477700,https://finance.yahoo.com/quote/MSFT/history
2019-09-30,138.050003,139.220001,137.779999,139.029999,17280900,https://finance.yahoo.com/quote/MSFT/history
2019-10-01,139.660004,140.250000,137.000000,137.070007,21466600,https://finance.yahoo.com/quote/MSFT/history
2019-10-02,136.250000,136.369995,133.580002,134.649994,30521700,https://finance.yahoo.com/quote/MSFT/history
2019-10-03,134.949997,136.750000,133.220001,136.279999,24132900,https://finance.yahoo.com/quote/MSFT/history
2019-10-04,136.750000,138.250000,136.419998,138.119995,22897700,https://finance.yahoo.com/quote/MSFT/history
2019-10-07,137.139999,138.179993,137.020004,137.119995,15303700,https://finance.yahoo.com/quote/MSFT/history
2019-10-08,137.080002,137.759995,135.619995,135.669998,25550500,https://finance.yahoo.com/quote/MSFT/history
2019-10-09,137.460007,138.699997,136.970001,138.240005,19749900,https://finance.yahoo.com/quote/MSFT/history
2019-10-10,138.490005,139.669998,138.250000,139.100006,17654600,https://finance.yahoo.com/quote/MSFT/history
2019-10-11,140.119995,141.029999,139.500000,139.679993,25446000,https://finance.yahoo.com/quote/MSFT/history
2019-10-14,139.690002,140.289993,139.520004,139.550003,13304300,https://finance.yahoo.com/quote/MSFT/history
2019-10-15,140.059998,141.789993,139.809998,141.570007,19695700,https://finance.yahoo.com/quote/MSFT/history
2019-10-16,140.789993,140.990005,139.529999,140.410004,20751600,https://finance.yahoo.com/quote/MSFT/history
2019-10-17,140.949997,141.419998,139.020004,139.690002,21460600,https://finance.yahoo.com/quote/MSFT/history
2019-10-18,139.759995,140.000000,136.559998,137.410004,32273500,https://finance.yahoo.com/quote/MSFT/history
2019-10-21,138.449997,138.500000,137.009995,138.429993,20078200,https://finance.yahoo.com/quote/MSFT/history
2019-10-22,138.970001,140.009995,136.259995,136.369995,27431000,https://finance.yahoo.com/quote/MSFT/history
2019-10-23,136.880005,137.449997,135.610001,137.240005,29844600,https://finance.yahoo.com/quote/MSFT/history
2019-10-24,139.389999,140.419998,138.669998,139.940002,37029300,https://finance.yahoo.com/quote/MSFT/history
2019-10-25,139.339996,141.139999,139.199997,140.729996,25959700,https://finance.yahoo.com/quote/MSFT/history
2019-10-28,144.399994,145.669998,143.509995,144.190002,35280100,https://finance.yahoo.com/quote/MSFT/history
2019-10-29,144.080002,144.500000,142.649994,142.830002,20589500,https://finance.yahoo.com/quote/MSFT/history
2019-10-30,143.520004,145.000000,142.789993,144.610001,18496600,https://finance.yahoo.com/quote/MSFT/history
2019-10-31,144.899994,144.929993,142.990005,143.369995,24605100,https://finance.yahoo.com/quote/MSFT/history
2019-11-01,144.259995,144.419998,142.970001,143.720001,33128400,https://finance.yahoo.com/quote/MSFT/history
2019-11-04,144.830002,145.000000,144.160004,144.550003,16912000,https://finance.yahoo.com/quote/MSFT/history
2019-11-05,144.970001,145.020004,143.910004,144.460007,18250200,https://finance.yahoo.com/quote/MSFT/history
2019-11-06,144.369995,144.520004,143.199997,144.059998,16575800,https://finance.yahoo.com/quote/MSFT/history
2019-11-07,143.839996,144.880005,143.770004,144.259995,17786700,https://finance.yahoo.com/quote/MSFT/history
2019-11-08,143.979996,145.990005,143.759995,145.960007,16732700,https://finance.yahoo.com/quote/MSFT/history
2019-11-11,145.339996,146.419998,144.729996,146.110001,14362600,https://finance.yahoo.com/quote/MSFT/history
2019-11-12,146.279999,147.570007,146.059998,147.070007,18641600,https://finance.yahoo.com/quote/MSFT/history
2019-11-13,146.740005,147.460007,146.279999,147.309998,16919200,https://finance.yahoo.com/quote/MSFT/history
2019-11-14,147.020004,148.410004,147.000000,148.059998,19729800,https://finance.yahoo.com/quote/MSFT/history
2019-11-15,148.929993,149.990005,148.270004,149.970001,23485700,https://finance.yahoo.com/quote/MSFT/history
2019-11-18,150.070007,150.550003,148.979996,150.339996,21534000,https://finance.yahoo.com/quote/MSFT/history
2019-11-19,150.880005,151.330002,150.199997,150.389999,23935700,https://finance.yahoo.com/quote/MSFT/history
2019-11-20,150.309998,150.839996,148.460007,149.619995,25696800,https://finance.yahoo.com/quote/MSFT/history
2019-11-21,149.399994,149.800003,148.500000,149.479996,18576100,https://finance.yahoo.com/quote/MSFT/history
2019-11-22,150.070007,150.300003,148.820007,149.589996,15901800,https://finance.yahoo.com/quote/MSFT/history
2019-11-25,150.000000,151.350006,149.919998,151.229996,22420900,https://finance.yahoo.com/quote/MSFT/history
2019-11-26,151.360001,152.419998,151.320007,152.029999,24620100,https://finance.yahoo.com/quote/MSFT/history
2019-11-27,152.330002,152.500000,151.520004,152.320007,15184400,https://finance.yahoo.com/quote/MSFT/history
2019-11-29,152.100006,152.300003,151.279999,151.380005,11977300,https://finance.yahoo.com/quote/MSFT/history
2019-12-02,151.809998,151.830002,148.320007,149.550003,27418400,https://finance.yahoo.com/quote/MSFT/history
2019-12-03,147.490005,149.429993,146.649994,149.309998,24066000,https://finance.yahoo.com/quote/MSFT/history
2019-12-04,150.139999,150.179993,149.199997,149.850006,17574700,https://finance.yahoo.com/quote/MSFT/history
2019-12-05,150.050003,150.320007,149.479996,149.929993,17869100,https://finance.yahoo.com/quote/MSFT/history
2019-12-06,150.990005,151.869995,150.270004,151.750000,16403500,https://finance.yahoo.com/quote/MSFT/history
2019-12-09,151.070007,152.210007,150.910004,151.360001,16687400,https://finance.yahoo.com/quote/MSFT/history
2019-12-10,151.289993,151.889999,150.759995,151.130005,16476100,https://finance.yahoo.com/quote/MSFT/history
2019-12-11,151.539993,151.869995,150.330002,151.699997,18856600,https://finance.yahoo.com/quote/MSFT/history
2019-12-12,151.649994,153.440002,151.020004,153.240005,24612100,https://finance.yahoo.com/quote/MSFT/history
2019-12-13,153.000000,154.889999,152.830002,154.529999,23845400,https://finance.yahoo.com/quote/MSFT/history
2019-12-16,155.110001,155.899994,154.820007,155.529999,24144200,https://finance.yahoo.com/quote/MSFT/history
2019-12-17,155.449997,155.710007,154.449997,154.690002,25425600,https://finance.yahoo.com/quote/MSFT/history
2019-12-18,154.300003,155.479996,154.179993,154.369995,24129200,https://finance.yahoo.com/quote/MSFT/history
2019-12-19,154.000000,155.770004,153.750000,155.710007,24958900,https://finance.yahoo.com/quote/MSFT/history
2019-12-20,157.350006,158.490005,156.289993,157.410004,53477500,https://finance.yahoo.com/quote/MSFT/history
2019-12-23,158.119995,158.119995,157.270004,157.410004,17718200,https://finance.yahoo.com/quote/MSFT/history
2019-12-24,157.479996,157.710007,157.119995,157.380005,8989200,https://finance.yahoo.com/quote/MSFT/history
2019-12-26,157.559998,158.729996,157.399994,158.669998,14520600,https://finance.yahoo.com/quote/MSFT/history
2019-12-27,159.449997,159.550003,158.220001,158.960007,18412800,https://finance.yahoo.com/quote/MSFT/history
2019-12-30,158.990005,159.020004,156.729996,157.589996,16348400,https://finance.yahoo.com/quote/MSFT/history
2019-12-31,156.770004,157.770004,156.449997,157.699997,18369400,https://finance.yahoo.com/quote/MSFT/history
2020-01-02,158.779999,160.729996,158.330002,160.619995,22622100,https://finance.yahoo.com/quote/MSFT/history
2020-01-03,158.320007,159.949997,158.059998,158.619995,21116200,https://finance.yahoo.com/quote/MSFT/history
2020-01-06,157.080002,159.100006,156.509995,159.029999,20813700,https://finance.yahoo.com/quote/MSFT/history
2020-01-07,159.320007,159.669998,157.320007,157.580002,21634100,https://finance.yahoo.com/quote/MSFT/history
2020-01-08,158.929993,160.800003,157.949997,160.089996,27746500,https://finance.yahoo.com/quote/MSFT/history
2020-01-09,161.839996,162.220001,161.029999,162.089996,21385000,https://finance.yahoo.com/quote/MSFT/history
2020-01-10,162.820007,163.220001,161.179993,161.339996,20725900,https://finance.yahoo.com/quote/MSFT/history
2020-01-13,161.759995,163.309998,161.259995,163.279999,21626500,https://finance.yahoo.com/quote/MSFT/history
2020-01-14,163.389999,163.600006,161.720001,162.130005,23477400,https://finance.yahoo.com/quote/MSFT/history
2020-01-15,162.619995,163.940002,162.570007,163.179993,21417900,https://finance.yahoo.com/quote/MSFT/history
2020-01-16,164.350006,166.240005,164.029999,166.169998,23865400,https://finance.yahoo.com/quote/MSFT/history
2020-01-17,167.419998,167.470001,165.429993,167.100006,34371700,https://finance.yahoo.com/quote/MSFT/history
2020-01-21,166.679993,168.190002,166.429993,166.500000,29517200,https://finance.yahoo.com/quote/MSFT/history
2020-01-22,167.399994,167.490005,165.679993,165.699997,24138800,https://finance.yahoo.com/quote/MSFT/history
2020-01-23,166.190002,166.800003,165.270004,166.720001,19680800,https://finance.yahoo.com/quote/MSFT/history
2020-01-24,167.509995,167.529999,164.449997,165.039993,24918100,https://finance.yahoo.com/quote/MSFT/history
2020-01-27,161.149994,163.380005,160.199997,162.279999,32078100,https://finance.yahoo.com/quote/MSFT/history
2020-01-28,163.779999,165.759995,163.070007,165.460007,24899900,https://finance.yahoo.com/quote/MSFT/history
2020-01-29,167.839996,168.750000,165.690002,168.039993,34754500,https://finance.yahoo.com/quote/MSFT/history
2020-01-30,174.050003,174.050003,170.789993,172.779999,51597500,https://finance.yahoo.com/quote/MSFT/history
2020-01-31,172.210007,172.399994,169.580002,170.229996,36142700,https://finance.yahoo.com/quote/MSFT/history
2020-02-03,170.429993,174.500000,170.399994,174.380005,30107000,https://finance.yahoo.com/quote/MSFT/history
2020-02-04,177.139999,180.639999,176.309998,180.119995,36433300,https://finance.yahoo.com/quote/MSFT/history
2020-02-05,184.029999,184.199997,178.410004,179.899994,39186300,https://finance.yahoo.com/quote/MSFT/history
2020-02-06,180.970001,183.820007,180.059998,183.630005,27751400,https://finance.yahoo.com/quote/MSFT/history
2020-02-07,182.850006,185.630005,182.479996,183.889999,33529100,https://finance.yahoo.com/quote/MSFT/history
2020-02-10,183.580002,188.839996,183.250000,188.699997,35844300,https://finance.yahoo.com/quote/MSFT/history
2020-02-11,190.649994,190.699997,183.500000,184.440002,53159900,https://finance.yahoo.com/quote/MSFT/history
2020-02-12,185.580002,185.850006,181.850006,184.710007,47062900,https://finance.yahoo.com/quote/MSFT/history
2020-02-13,183.080002,186.229996,182.869995,183.710007,35295800,https://finance.yahoo.com/quote/MSFT/history
2020-02-14,183.250000,185.410004,182.649994,185.350006,23149500,https://finance.yahoo.com/quote/MSFT/history
2020-02-18,185.610001,187.699997,185.500000,187.229996,27792200,https://finance.yahoo.com/quote/MSFT/history
2020-02-19,188.059998,188.179993,186.470001,187.279999,29997500,https://finance.yahoo.com/quote/MSFT/history
2020-02-20,186.949997,187.250000,181.100006,184.419998,36862400,https://finance.yahoo.com/quote/MSFT/history
2020-02-21,183.169998,183.500000,177.250000,178.589996,48572600,https://finance.yahoo.com/quote/MSFT/history
2020-02-24,167.770004,174.550003,163.229996,170.889999,68311100,https://finance.yahoo.com/quote/MSFT/history
2020-02-25,174.199997,174.839996,167.649994,168.070007,68073300,https://finance.yahoo.com/quote/MSFT/history
2020-02-26,169.710007,173.259995,168.210007,170.169998,56206100,https://finance.yahoo.com/quote/MSFT/history
2020-02-27,163.320007,167.029999,157.979996,158.179993,93174900,https://finance.yahoo.com/quote/MSFT/history
2020-02-28,152.410004,163.710007,152.000000,162.009995,97012700,https://finance.yahoo.com/quote/MSFT/history
2020-03-02,165.309998,172.919998,162.309998,172.789993,71030800,https://finance.yahoo.com/quote/MSFT/history
2020-03-03,173.800003,175.000000,162.259995,164.509995,71677000,https://finance.yahoo.com/quote/MSFT/history
2020-03-04,168.490005,170.699997,165.619995,170.550003,49814400,https://finance.yahoo.com/quote/MSFT/history
2020-03-05,166.050003,170.869995,165.690002,166.270004,47817300,https://finance.yahoo.com/quote/MSFT/history
2020-03-06,162.610001,163.110001,156.000000,161.570007,72821100,https://finance.yahoo.com/quote/MSFT/history
2020-03-09,151.000000,157.750000,150.000000,150.619995,70419300,https://finance.yahoo.com/quote/MSFT/history
2020-03-10,158.160004,161.029999,152.580002,160.919998,65354400,https://finance.yahoo.com/quote/MSFT/history
2020-03-11,157.130005,157.699997,151.149994,153.630005,56371600,https://finance.yahoo.com/quote/MSFT/history
2020-03-12,145.300003,153.470001,138.580002,139.059998,93226400,https://finance.yahoo.com/quote/MSFT/history
2020-03-13,147.500000,161.910004,140.729996,158.830002,92727400,https://finance.yahoo.com/quote/MSFT/history
2020-03-16,140.000000,149.350006,135.000000,135.419998,87905900,https://finance.yahoo.com/quote/MSFT/history
2020-03-17,140.000000,147.500000,135.000000,146.570007,81059800,https://finance.yahoo.com/quote/MSFT/history
2020-03-18,138.000000,146.000000,135.020004,140.399994,81593200,https://finance.yahoo.com/quote/MSFT/history
2020-03-19,142.770004,150.149994,139.000000,142.710007,85922700,https://finance.yahoo.com/quote/MSFT/history
2020-03-20,146.000000,147.100006,135.860001,137.350006,84866200,https://finance.yahoo.com/quote/MSFT/history
2020-03-23,137.009995,140.570007,132.520004,135.979996,78975200,https://finance.yahoo.com/quote/MSFT/history
2020-03-24,143.750000,149.600006,141.270004,148.339996,82516700,https://finance.yahoo.com/quote/MSFT/history
2020-03-25,148.910004,154.330002,144.440002,146.919998,75638200,https://finance.yahoo.com/quote/MSFT/history
2020-03-26,148.399994,156.660004,148.369995,156.110001,64568100,https://finance.yahoo.com/quote/MSFT/history
2020-03-27,151.750000,154.889999,149.199997,149.699997,57042300,https://finance.yahoo.com/quote/MSFT/history
2020-03-30,152.440002,160.600006,150.009995,160.229996,63420300,https://finance.yahoo.com/quote/MSFT/history
2020-03-31,159.399994,164.779999,156.559998,157.710007,77927200,https://finance.yahoo.com/quote/MSFT/history
2020-04-01,153.000000,157.750000,150.820007,152.110001,57969900,https://finance.yahoo.com/quote/MSFT/history
2020-04-02,151.860001,155.479996,150.360001,155.259995,49630700,https://finance.yahoo.com/quote/MSFT/history
2020-04-03,155.100006,157.380005,152.190002,153.830002,41243300,https://finance.yahoo.com/quote/MSFT/history
2020-04-06,160.320007,166.500000,157.580002,165.270004,67111700,https://finance.yahoo.com/quote/MSFT/history
2020-04-07,169.589996,170.000000,163.259995,163.490005,62769000,https://finance.yahoo.com/quote/MSFT/history
2020-04-08,165.669998,166.669998,163.500000,165.130005,48318200,https://finance.yahoo.com/quote/MSFT/history
2020-04-09,166.360001,167.369995,163.330002,165.139999,51385100,https://finance.yahoo.com/quote/MSFT/history
2020-04-13,164.350006,165.570007,162.300003,165.509995,41905300,https://finance.yahoo.com/quote/MSFT/history
2020-04-14,169.000000,173.750000,168.000000,173.699997,52874300,https://finance.yahoo.com/quote/MSFT/history
2020-04-15,171.199997,173.570007,169.240005,171.880005,40940800,https://finance.yahoo.com/quote/MSFT/history
2020-04-16,174.300003,177.279999,172.899994,177.039993,50479600,https://finance.yahoo.com/quote/MSFT/history
2020-04-17,179.500000,180.000000,175.869995,178.600006,52765600,https://finance.yahoo.com/quote/MSFT/history
2020-04-20,176.630005,178.750000,174.990005,175.059998,36669600,https://finance.yahoo.com/quote/MSFT/history
2020-04-21,173.500000,173.669998,166.110001,167.820007,56203700,https://finance.yahoo.com/quote/MSFT/history
2020-04-22,171.389999,174.000000,170.820007,173.520004,34620200,https://finance.yahoo.com/quote/MSFT/history
2020-04-23,174.110001,175.059998,170.910004,171.419998,32790800,https://finance.yahoo.com/quote/MSFT/history
2020-04-24,172.059998,174.559998,170.710007,174.550003,34277600,https://finance.yahoo.com/quote/MSFT/history
2020-04-27,176.589996,176.899994,173.300003,174.050003,33194400,https://finance.yahoo.com/quote/MSFT/history
2020-04-28,175.589996,175.669998,169.389999,169.809998,34392700,https://finance.yahoo.com/quote/MSFT/history
2020-04-29,173.220001,177.679993,171.880005,177.429993,51286600,https://finance.yahoo.com/quote/MSFT/history
2020-04-30,180.000000,180.399994,176.229996,179.210007,53875900,https://finance.yahoo.com/quote/MSFT/history
2020-05-01,175.800003,178.639999,174.009995,174.570007,39370500,https://finance.yahoo.com/quote/MSFT/history
2020-05-04,174.490005,179.000000,173.800003,178.839996,30372900,https://finance.yahoo.com/quote/MSFT/history
2020-05-05,180.619995,183.649994,179.899994,180.759995,36839200,https://finance.yahoo.com/quote/MSFT/history
2020-05-06,182.080002,184.199997,181.630005,182.539993,32139300,https://finance.yahoo.com/quote/MSFT/history
2020-05-07,184.169998,184.550003,182.580002,183.600006,28316000,https://finance.yahoo.com/quote/MSFT/history
2020-05-08,184.979996,185.000000,183.360001,184.679993,30877800,https://finance.yahoo.com/quote/MSFT/history
2020-05-11,183.149994,187.509995,182.850006,186.740005,30892700,https://finance.yahoo.com/quote/MSFT/history
2020-05-12,186.800003,187.039993,182.300003,182.509995,32038200,https://finance.yahoo.com/quote/MSFT/history
2020-05-13,182.550003,184.050003,176.539993,179.750000,44711500,https://finance.yahoo.com/quote/MSFT/history
2020-05-14,177.539993,180.690002,175.679993,180.529999,41873900,https://finance.yahoo.com/quote/MSFT/history
2020-05-15,179.059998,187.059998,177.000000,183.160004,46610400,https://finance.yahoo.com/quote/MSFT/history
2020-05-18,185.750000,186.199997,183.960007,184.910004,35264500,https://finance.yahoo.com/quote/MSFT/history
2020-05-19,185.029999,186.600006,183.490005,183.630005,26799100,https://finance.yahoo.com/quote/MSFT/history
2020-05-20,184.809998,185.850006,183.940002,185.660004,31261300,https://finance.yahoo.com/quote/MSFT/history
2020-05-21,185.399994,186.669998,183.289993,183.429993,29119500,https://finance.yahoo.com/quote/MSFT/history
2020-05-22,183.190002,184.460007,182.539993,183.509995,20826900,https://finance.yahoo.com/quote/MSFT/history
2020-05-26,186.339996,186.500000,181.100006,181.570007,36073600,https://finance.yahoo.com/quote/MSFT/history
2020-05-27,180.199997,181.990005,176.600006,181.809998,39517100,https://finance.yahoo.com/quote/MSFT/history
2020-05-28,180.740005,184.149994,180.380005,181.399994,33810200,https://finance.yahoo.com/quote/MSFT/history
2020-05-29,182.729996,184.270004,180.410004,183.250000,42130400,https://finance.yahoo.com/quote/MSFT/history
2020-06-01,182.539993,183.000000,181.460007,182.830002,22622400,https://finance.yahoo.com/quote/MSFT/history
2020-06-02,184.250000,185.000000,181.350006,184.910004,30794600,https://finance.yahoo.com/quote/MSFT/history
2020-06-03,184.820007,185.940002,183.580002,185.360001,27311000,https://finance.yahoo.com/quote/MSFT/history
2020-06-04,184.300003,185.839996,182.300003,182.919998,28761800,https://finance.yahoo.com/quote/MSFT/history
2020-06-05,182.619995,187.729996,182.009995,187.199997,39893600,https://finance.yahoo.com/quote/MSFT/history
2020-06-08,185.940002,188.550003,184.440002,188.360001,33211600,https://finance.yahoo.com/quote/MSFT/history
2020-06-09,188.000000,190.699997,187.259995,189.800003,29783900,https://finance.yahoo.com/quote/MSFT/history
2020-06-10,191.130005,198.520004,191.009995,196.839996,43872300,https://finance.yahoo.com/quote/MSFT/history
2020-06-11,193.130005,195.759995,186.070007,186.270004,52854700,https://finance.yahoo.com/quote/MSFT/history
2020-06-12,190.539993,191.720001,185.179993,187.740005,43373600,https://finance.yahoo.com/quote/MSFT/history
2020-06-15,184.580002,190.820007,184.009995,188.940002,32770200,https://finance.yahoo.com/quote/MSFT/history
2020-06-16,192.889999,195.580002,191.460007,193.570007,42556700,https://finance.yahoo.com/quote/MSFT/history
2020-06-17,195.029999,196.320007,193.690002,194.240005,25687800,https://finance.yahoo.com/quote/MSFT/history
2020-06-18,194.000000,196.490005,194.000000,196.320007,23061600,https://finance.yahoo.com/quote/MSFT/history
2020-06-19,198.589996,199.289993,194.369995,195.149994,44441100,https://finance.yahoo.com/quote/MSFT/history
2020-06-22,195.789993,200.759995,195.229996,200.570007,32818900,https://finance.yahoo.com/quote/MSFT/history
2020-06-23,202.089996,203.949997,201.429993,201.910004,30917400,https://finance.yahoo.com/quote/MSFT/history
2020-06-24,201.600006,203.250000,196.559998,197.839996,36740600,https://finance.yahoo.com/quote/MSFT/history
2020-06-25,197.800003,200.610001,195.470001,200.339996,27803900,https://finance.yahoo.com/quote/MSFT/history
2020-06-26,199.729996,199.889999,194.880005,196.330002,54675800,https://finance.yahoo.com/quote/MSFT/history
2020-06-29,195.779999,198.529999,193.550003,198.440002,26701600,https://finance.yahoo.com/quote/MSFT/history
2020-06-30,197.880005,204.399994,197.740005,203.509995,34310300,https://finance.yahoo.com/quote/MSFT/history
2020-07-01,203.139999,206.350006,201.770004,204.699997,32061200,https://finance.yahoo.com/quote/MSFT/history
2020-07-02,205.679993,208.020004,205.000000,206.259995,29315800,https://finance.yahoo.com/quote/MSFT/history
2020-07-06,208.830002,211.130005,208.089996,210.699997,31897600,https://finance.yahoo.com/quote/MSFT/history
2020-07-07,210.449997,214.669998,207.990005,208.250000,33600700,https://finance.yahoo.com/quote/MSFT/history
2020-07-08,210.070007,213.259995,208.690002,212.830002,33600000,https://finance.yahoo.com/quote/MSFT/history
2020-07-09,216.330002,216.380005,211.470001,214.320007,33121700,https://finance.yahoo.com/quote/MSFT/history
2020-07-10,213.619995,214.080002,211.080002,213.669998,26177600,https://finance.yahoo.com/quote/MSFT/history
2020-07-13,214.479996,215.800003,206.500000,207.070007,38135600,https://finance.yahoo.com/quote/MSFT/history
2020-07-14,206.130005,208.850006,202.029999,208.350006,37591800,https://finance.yahoo.com/quote/MSFT/history
2020-07-15,209.559998,211.330002,205.029999,208.039993,32179400,https://finance.yahoo.com/quote/MSFT/history
2020-07-16,205.399994,205.699997,202.309998,203.919998,29940700,https://finance.yahoo.com/quote/MSFT/history
2020-07-17,204.470001,205.039993,201.389999,202.880005,31635300,https://finance.yahoo.com/quote/MSFT/history
2020-07-20,205.000000,212.300003,203.009995,211.600006,36884800,https://finance.yahoo.com/quote/MSFT/history
2020-07-21,213.660004,213.940002,208.029999,208.750000,37990400,https://finance.yahoo.com/quote/MSFT/history
2020-07-22,209.199997,212.300003,208.389999,211.750000,49605700,https://finance.yahoo.com/quote/MSFT/history
2020-07-23,207.190002,210.919998,202.149994,202.539993,67457000,https://finance.yahoo.com/quote/MSFT/history
2020-07-24,200.419998,202.860001,197.509995,201.300003,39827000,https://finance.yahoo.com/quote/MSFT/history
2020-07-27,201.470001,203.970001,200.860001,203.850006,30160900,https://finance.yahoo.com/quote/MSFT/history
2020-07-28,203.610001,204.699997,201.740005,202.020004,23251400,https://finance.yahoo.com/quote/MSFT/history
2020-07-29,202.500000,204.649994,202.009995,204.059998,19632600,https://finance.yahoo.com/quote/MSFT/history
2020-07-30,201.000000,204.460007,199.570007,203.899994,25079600,https://finance.yahoo.com/quote/MSFT/history
2020-07-31,204.399994,205.100006,199.009995,205.009995,51044000,https://finance.yahoo.com/quote/MSFT/history
2020-08-03,211.520004,217.639999,210.440002,216.539993,78983000,https://finance.yahoo.com/quote/MSFT/history
2020-08-04,214.169998,214.770004,210.309998,213.289993,49280100,https://finance.yahoo.com/quote/MSFT/history
2020-08-05,214.899994,215.000000,211.570007,212.940002,28806400,https://finance.yahoo.com/quote/MSFT/history
2020-08-06,212.339996,216.369995,211.550003,216.350006,32656800,https://finance.yahoo.com/quote/MSFT/history
2020-08-07,214.850006,215.699997,210.929993,212.479996,27820400,https://finance.yahoo.com/quote/MSFT/history
2020-08-10,211.669998,211.880005,206.350006,208.250000,36716500,https://finance.yahoo.com/quote/MSFT/history
2020-08-11,207.160004,207.649994,203.139999,203.380005,36446500,https://finance.yahoo.com/quote/MSFT/history
2020-08-12,205.289993,210.279999,204.750000,209.190002,28013100,https://finance.yahoo.com/quote/MSFT/history
2020-08-13,209.440002,211.350006,208.149994,208.699997,22588900,https://finance.yahoo.com/quote/MSFT/history
2020-08-14,208.759995,209.589996,207.509995,208.899994,17958900,https://finance.yahoo.com/quote/MSFT/history
2020-08-17,209.600006,211.190002,208.919998,210.279999,20184800,https://finance.yahoo.com/quote/MSFT/history
2020-08-18,210.529999,212.360001,209.210007,211.490005,21336200,https://finance.yahoo.com/quote/MSFT/history
2020-08-19,211.490005,212.100006,209.250000,209.699997,27627600,https://finance.yahoo.com/quote/MSFT/history
2020-08-20,209.539993,215.000000,208.910004,214.580002,26981500,https://finance.yahoo.com/quote/MSFT/history
2020-08-21,213.860001,216.250000,212.850006,213.020004,36249300,https://finance.yahoo.com/quote/MSFT/history
2020-08-24,214.789993,215.520004,212.429993,213.690002,25460100,https://finance.yahoo.com/quote/MSFT/history
2020-08-25,213.100006,216.610001,213.100006,216.470001,23043700,https://finance.yahoo.com/quote/MSFT/history
2020-08-26,217.880005,222.089996,217.360001,221.149994,39600800,https://finance.yahoo.com/quote/MSFT/history
2020-08-27,222.889999,231.149994,219.399994,226.580002,57602200,https://finance.yahoo.com/quote/MSFT/history
2020-08-28,228.179993,230.639999,226.580002,228.910004,26292900,https://finance.yahoo.com/quote/MSFT/history
2020-08-31,227.000000,228.699997,224.309998,225.529999,28774200,https://finance.yahoo.com/quote/MSFT/history
2020-09-01,225.509995,227.449997,224.429993,227.270004,25725500,https://finance.yahoo.com/quote/MSFT/history
2020-09-02,227.970001,232.860001,227.350006,231.649994,34080800,https://finance.yahoo.com/quote/MSFT/history
2020-09-03,229.270004,229.309998,214.960007,217.300003,58400300,https://finance.yahoo.com/quote/MSFT/history
2020-09-04,215.100006,218.360001,205.190002,214.250000,59664100,https://finance.yahoo.com/quote/MSFT/history
2020-09-08,206.500000,210.029999,202.199997,202.660004,52924300,https://finance.yahoo.com/quote/MSFT/history
2020-09-09,207.600006,214.839996,206.699997,211.289993,45679000,https://finance.yahoo.com/quote/MSFT/history
2020-09-10,213.399994,214.740005,204.110001,205.369995,35461500,https://finance.yahoo.com/quote/MSFT/history
2020-09-11,207.199997,208.630005,201.240005,204.029999,33620100,https://finance.yahoo.com/quote/MSFT/history
2020-09-14,204.240005,209.199997,204.029999,205.410004,30375800,https://finance.yahoo.com/quote/MSFT/history
2020-09-15,208.419998,209.779999,206.929993,208.779999,21823900,https://finance.yahoo.com/quote/MSFT/history
2020-09-16,210.619995,210.649994,204.639999,205.050003,26328100,https://finance.yahoo.com/quote/MSFT/history
2020-09-17,200.050003,204.330002,199.960007,202.910004,34011300,https://finance.yahoo.com/quote/MSFT/history
2020-09-18,202.800003,203.649994,196.250000,200.389999,55225300,https://finance.yahoo.com/quote/MSFT/history
2020-09-21,197.190002,202.710007,196.380005,202.539993,39839700,https://finance.yahoo.com/quote/MSFT/history
2020-09-22,205.059998,208.100006,202.080002,207.419998,33517100,https://finance.yahoo.com/quote/MSFT/history
2020-09-23,207.899994,208.100006,200.029999,200.589996,30803800,https://finance.yahoo.com/quote/MSFT/history
2020-09-24,199.850006,205.570007,199.199997,203.190002,31202500,https://finance.yahoo.com/quote/MSFT/history
2020-09-25,203.550003,209.039993,202.539993,207.820007,29437300,https://finance.yahoo.com/quote/MSFT/history
2020-09-28,210.880005,212.570007,208.059998,209.440002,32004900,https://finance.yahoo.com/quote/MSFT/history
2020-09-29,209.350006,210.070007,206.809998,207.259995,24221900,https://finance.yahoo.com/quote/MSFT/history
2020-09-30,207.729996,211.979996,206.539993,210.330002,33829100,https://finance.yahoo.com/quote/MSFT/history
2020-10-01,213.490005,213.990005,211.320007,212.460007,27158400,https://finance.yahoo.com/quote/MSFT/history
2020-10-02,208.000000,210.990005,205.539993,206.190002,33154800,https://finance.yahoo.com/quote/MSFT/history
2020-10-05,207.220001,210.410004,206.979996,210.380005,21331600,https://finance.yahoo.com/quote/MSFT/history
2020-10-06,208.820007,210.179993,204.820007,205.910004,28554300,https://finance.yahoo.com/quote/MSFT/history
2020-10-07,207.059998,210.110001,206.720001,209.830002,25681100,https://finance.yahoo.com/quote/MSFT/history
2020-10-08,210.509995,211.190002,208.320007,210.580002,19925800,https://finance.yahoo.com/quote/MSFT/history
2020-10-09,211.229996,215.860001,211.229996,215.809998,26458000,https://finance.yahoo.com/quote/MSFT/history
2020-10-12,218.789993,223.860001,216.809998,221.399994,40461400,https://finance.yahoo.com/quote/MSFT/history
2020-10-13,222.720001,225.210007,220.429993,222.860001,28950800,https://finance.yahoo.com/quote/MSFT/history
2020-10-14,223.000000,224.220001,219.130005,220.860001,23421700,https://finance.yahoo.com/quote/MSFT/history
2020-10-15,217.100006,220.360001,216.009995,219.660004,22733100,https://finance.yahoo.com/quote/MSFT/history
2020-10-16,220.149994,222.289993,219.320007,219.660004,26057900,https://finance.yahoo.com/quote/MSFT/history
2020-10-19,220.419998,222.300003,213.720001,214.220001,27625800,https://finance.yahoo.com/quote/MSFT/history
2020-10-20,215.800003,217.369995,213.089996,214.649994,22753500,https://finance.yahoo.com/quote/MSFT/history
2020-10-21,213.119995,216.919998,213.119995,214.800003,22724900,https://finance.yahoo.com/quote/MSFT/history
2020-10-22,213.929993,216.059998,211.699997,214.889999,22351500,https://finance.yahoo.com/quote/MSFT/history
2020-10-23,215.029999,216.279999,213.160004,216.229996,18879600,https://finance.yahoo.com/quote/MSFT/history
2020-10-26,213.850006,216.339996,208.100006,210.080002,37111600,https://finance.yahoo.com/quote/MSFT/history
2020-10-27,211.589996,214.669998,210.330002,213.250000,36700300,https://finance.yahoo.com/quote/MSFT/history
2020-10-28,207.669998,208.839996,202.100006,202.679993,51195600,https://finance.yahoo.com/quote/MSFT/history
2020-10-29,204.070007,207.360001,203.369995,204.720001,31432600,https://finance.yahoo.com/quote/MSFT/history
2020-10-30,203.500000,204.289993,199.619995,202.470001,36953700,https://finance.yahoo.com/quote/MSFT/history
2020-11-02,204.289993,205.279999,200.119995,202.330002,30842200,https://finance.yahoo.com/quote/MSFT/history
2020-11-03,203.889999,208.119995,203.119995,206.429993,27512000,https://finance.yahoo.com/quote/MSFT/history
2020-11-04,214.020004,218.320007,212.419998,216.389999,42311800,https://finance.yahoo.com/quote/MSFT/history
2020-11-05,222.039993,224.119995,221.149994,223.289993,36080100,https://finance.yahoo.com/quote/MSFT/history
2020-11-06,222.259995,224.360001,218.029999,223.720001,25231900,https://finance.yahoo.com/quote/MSFT/history
2020-11-09,224.440002,228.119995,217.880005,218.389999,44395000,https://finance.yahoo.com/quote/MSFT/history
2020-11-10,214.500000,216.500000,209.720001,211.009995,44045100,https://finance.yahoo.com/quote/MSFT/history
2020-11-11,212.389999,218.039993,212.199997,216.550003,29440800,https://finance.yahoo.com/quote/MSFT/history
2020-11-12,217.210007,219.110001,214.460007,215.440002,21593900,https://finance.yahoo.com/quote/MSFT/history
2020-11-13,216.360001,217.419998,214.160004,216.509995,18621100,https://finance.yahoo.com/quote/MSFT/history
2020-11-16,214.869995,217.740005,214.520004,217.229996,24953300,https://finance.yahoo.com/quote/MSFT/history
2020-11-17,216.100006,217.679993,214.080002,214.460007,24154100,https://finance.yahoo.com/quote/MSFT/history
2020-11-18,213.649994,215.169998,210.929993,211.080002,28372800,https://finance.yahoo.com/quote/MSFT/history
2020-11-19,211.380005,213.029999,209.929993,212.419998,24792700,https://finance.yahoo.com/quote/MSFT/history
2020-11-20,212.199997,213.289993,210.000000,210.389999,22843100,https://finance.yahoo.com/quote/MSFT/history
2020-11-23,210.949997,212.289993,208.160004,210.110001,25683500,https://finance.yahoo.com/quote/MSFT/history
2020-11-24,209.589996,214.250000,208.860001,213.860001,33979700,https://finance.yahoo.com/quote/MSFT/history
2020-11-25,215.110001,215.289993,212.460007,213.869995,21012900,https://finance.yahoo.com/quote/MSFT/history
2020-11-27,214.850006,216.270004,214.039993,215.229996,14512200,https://finance.yahoo.com/quote/MSFT/history
2020-11-30,214.100006,214.759995,210.839996,214.070007,33064800,https://finance.yahoo.com/quote/MSFT/history
2020-12-01,214.509995,217.320007,213.350006,216.210007,30904500,https://finance.yahoo.com/quote/MSFT/history
2020-12-02,214.880005,215.470001,212.800003,215.369995,23724500,https://finance.yahoo.com/quote/MSFT/history
2020-12-03,214.610001,216.380005,213.649994,214.240005,25120900,https://finance.yahoo.com/quote/MSFT/history
2020-12-04,214.220001,215.380005,213.179993,214.360001,24666000,https://finance.yahoo.com/quote/MSFT/history
2020-12-07,214.369995,215.539993,212.990005,214.289993,24620000,https://finance.yahoo.com/quote/MSFT/history
2020-12-08,213.970001,216.949997,212.889999,216.009995,23284100,https://finance.yahoo.com/quote/MSFT/history
2020-12-09,215.160004,215.229996,211.210007,211.800003,32440600,https://finance.yahoo.com/quote/MSFT/history
2020-12-10,211.770004,213.080002,210.360001,210.520004,26733300,https://finance.yahoo.com/quote/MSFT/history
2020-12-11,210.050003,213.320007,209.110001,213.259995,30979400,https://finance.yahoo.com/quote/MSFT/history
2020-12-14,213.100006,216.210007,212.880005,214.199997,28798400,https://finance.yahoo.com/quote/MSFT/history
2020-12-15,215.169998,215.419998,212.240005,214.130005,27000600,https://finance.yahoo.com/quote/MSFT/history
2020-12-16,214.750000,220.110001,214.720001,219.279999,35023300,https://finance.yahoo.com/quote/MSFT/history
2020-12-17,219.869995,220.889999,217.919998,219.419998,32515800,https://finance.yahoo.com/quote/MSFT/history
2020-12-18,218.589996,219.690002,216.020004,218.589996,63354900,https://finance.yahoo.com/quote/MSFT/history
2020-12-21,217.550003,224.000000,217.279999,222.589996,37181900,https://finance.yahoo.com/quote/MSFT/history
2020-12-22,222.690002,225.630005,221.850006,223.940002,22612200,https://finance.yahoo.com/quote/MSFT/history
2020-12-23,223.110001,223.559998,220.800003,221.020004,18699600,https://finance.yahoo.com/quote/MSFT/history
2020-12-24,221.419998,223.610001,221.199997,222.750000,10550600,https://finance.yahoo.com/quote/MSFT/history
2020-12-28,224.449997,226.029999,223.020004,224.960007,17933500,https://finance.yahoo.com/quote/MSFT/history
2020-12-29,226.309998,227.179993,223.580002,224.149994,17403200,https://finance.yahoo.com/quote/MSFT/history
2020-12-30,225.229996,225.630005,221.470001,221.679993,20272300,https://finance.yahoo.com/quote/MSFT/history
2020-12-31,221.699997,223.000000,219.679993,222.419998,20942100,https://finance.yahoo.com/quote/MSFT/history
2021-01-04,222.529999,223.000000,214.809998,217.690002,37130100,https://finance.yahoo.com/quote/MSFT/history
2021-01-05,217.259995,218.520004,215.699997,217.899994,23823000,https://finance.yahoo.com/quote/MSFT/history
2021-01-06,212.169998,216.490005,211.940002,212.250000,35930700,https://finance.yahoo.com/quote/MSFT/history
2021-01-07,214.039993,219.339996,213.710007,218.289993,27694500,https://finance.yahoo.com/quote/MSFT/history
2021-01-08,218.679993,220.580002,217.029999,219.619995,22956200,https://finance.yahoo.com/quote/MSFT/history
2021-01-11,218.470001,218.910004,216.729996,217.490005,23031300,https://finance.yahoo.com/quote/MSFT/history
2021-01-12,216.500000,217.100006,213.320007,214.929993,23249300,https://finance.yahoo.com/quote/MSFT/history
2021-01-13,214.020004,216.759995,213.929993,216.339996,20087100,https://finance.yahoo.com/quote/MSFT/history
2021-01-14,215.910004,217.460007,212.740005,213.020004,29480800,https://finance.yahoo.com/quote/MSFT/history
2021-01-15,213.520004,214.509995,212.029999,212.649994,31746500,https://finance.yahoo.com/quote/MSFT/history
2021-01-19,213.750000,216.979996,212.630005,216.440002,30480900,https://finance.yahoo.com/quote/MSFT/history
2021-01-20,217.699997,225.789993,217.289993,224.339996,37777300,https://finance.yahoo.com/quote/MSFT/history
2021-01-21,224.699997,226.300003,222.419998,224.970001,30709400,https://finance.yahoo.com/quote/MSFT/history
2021-01-22,227.080002,230.070007,225.800003,225.949997,30172700,https://finance.yahoo.com/quote/MSFT/history
2021-01-25,229.119995,229.779999,224.220001,229.529999,33152100,https://finance.yahoo.com/quote/MSFT/history
2021-01-26,231.860001,234.179993,230.080002,232.330002,49169600,https://finance.yahoo.com/quote/MSFT/history
2021-01-27,238.000000,240.440002,230.139999,232.899994,69870600,https://finance.yahoo.com/quote/MSFT/history
2021-01-28,235.610001,242.639999,235.089996,238.929993,49111200,https://finance.yahoo.com/quote/MSFT/history
2021-01-29,235.990005,238.020004,231.350006,231.960007,42503100,https://finance.yahoo.com/quote/MSFT/history
2021-02-01,235.059998,242.500000,232.429993,239.649994,33314200,https://finance.yahoo.com/quote/MSFT/history
2021-02-02,241.300003,242.309998,238.690002,239.509995,25916300,https://finance.yahoo.com/quote/MSFT/history
2021-02-03,239.570007,245.089996,239.259995,243.000000,27158100,https://finance.yahoo.com/quote/MSFT/history
2021-02-04,242.660004,243.240005,240.369995,242.009995,25296100,https://finance.yahoo.com/quote/MSFT/history
2021-02-05,242.229996,243.279999,240.419998,242.199997,18054800,https://finance.yahoo.com/quote/MSFT/history
2021-02-08,243.149994,243.679993,240.809998,242.470001,22211900,https://finance.yahoo.com/quote/MSFT/history
2021-02-09,241.869995,244.759995,241.380005,243.770004,23565000,https://finance.yahoo.com/quote/MSFT/history
2021-02-10,245.000000,245.919998,240.889999,242.820007,22186700,https://finance.yahoo.com/quote/MSFT/history
2021-02-11,244.779999,245.149994,242.149994,244.490005,15751100,https://finance.yahoo.com/quote/MSFT/history
2021-02-12,243.929993,245.300003,242.729996,244.990005,16561100,https://finance.yahoo.com/quote/MSFT/history
2021-02-16,245.029999,246.130005,242.919998,243.699997,26728500,https://finance.yahoo.com/quote/MSFT/history
2021-02-17,241.320007,244.309998,240.940002,244.199997,21653500,https://finance.yahoo.com/quote/MSFT/history
2021-02-18,241.800003,243.929993,240.860001,243.789993,16925600,https://finance.yahoo.com/quote/MSFT/history
2021-02-19,243.750000,243.860001,240.179993,240.970001,25262600,https://finance.yahoo.com/quote/MSFT/history
2021-02-22,237.419998,237.929993,232.399994,234.509995,36446900,https://finance.yahoo.com/quote/MSFT/history
2021-02-23,230.330002,234.830002,228.729996,233.270004,30228700,https://finance.yahoo.com/quote/MSFT/history
2021-02-24,230.009995,235.199997,229.000000,234.550003,26339700,https://finance.yahoo.com/quote/MSFT/history
2021-02-25,232.080002,234.589996,227.880005,228.990005,39542200,https://finance.yahoo.com/quote/MSFT/history
2021-02-26,231.529999,235.369995,229.539993,232.380005,37819200,https://finance.yahoo.com/quote/MSFT/history
2021-03-01,235.899994,237.470001,233.149994,236.940002,25324000,https://finance.yahoo.com/quote/MSFT/history
2021-03-02,237.009995,237.300003,233.449997,233.869995,22812500,https://finance.yahoo.com/quote/MSFT/history
2021-03-03,232.160004,233.580002,227.259995,227.559998,34029500,https://finance.yahoo.com/quote/MSFT/history
2021-03-04,226.740005,232.490005,224.259995,226.729996,44727800,https://finance.yahoo.com/quote/MSFT/history
2021-03-05,229.520004,233.270004,226.460007,231.600006,41872800,https://finance.yahoo.com/quote/MSFT/history
2021-03-08,231.369995,233.369995,227.130005,227.389999,35267400,https://finance.yahoo.com/quote/MSFT/history
2021-03-09,232.880005,235.380005,231.669998,233.779999,33080500,https://finance.yahoo.com/quote/MSFT/history
2021-03-10,237.000000,237.000000,232.039993,232.419998,29746800,https://finance.yahoo.com/quote/MSFT/history
2021-03-11,234.960007,239.169998,234.309998,237.130005,29907600,https://finance.yahoo.com/quote/MSFT/history
2021-03-12,234.009995,235.820007,233.229996,235.750000,22653700,https://finance.yahoo.com/quote/MSFT/history
2021-03-15,234.960007,235.190002,231.809998,234.809998,26034900,https://finance.yahoo.com/quote/MSFT/history
2021-03-16,236.279999,240.059998,235.940002,237.710007,28092200,https://finance.yahoo.com/quote/MSFT/history
2021-03-17,236.149994,238.550003,233.229996,237.039993,29562100,https://finance.yahoo.com/quote/MSFT/history
2021-03-18,232.559998,234.190002,230.330002,230.720001,34833000,https://finance.yahoo.com/quote/MSFT/history
2021-03-19,231.020004,232.470001,229.350006,230.350006,46430700,https://finance.yahoo.com/quote/MSFT/history
2021-03-22,230.270004,236.899994,230.139999,235.990005,30127000,https://finance.yahoo.com/quote/MSFT/history
2021-03-23,237.490005,241.050003,237.070007,237.580002,31638400,https://finance.yahoo.com/quote/MSFT/history
2021-03-24,237.850006,238.000000,235.320007,235.460007,25620100,https://finance.yahoo.com/quote/MSFT/history
2021-03-25,235.300003,236.940002,231.570007,232.339996,34061900,https://finance.yahoo.com/quote/MSFT/history
2021-03-26,231.550003,236.710007,231.550003,236.479996,25479900,https://finance.yahoo.com/quote/MSFT/history
2021-03-29,236.589996,236.800003,231.880005,235.240005,25227500,https://finance.yahoo.com/quote/MSFT/history
2021-03-30,233.529999,233.850006,231.100006,231.850006,24792000,https://finance.yahoo.com/quote/MSFT/history
2021-03-31,232.910004,239.100006,232.389999,235.770004,43623500,https://finance.yahoo.com/quote/MSFT/history
2021-04-01,238.470001,242.839996,238.050003,242.350006,30338000,https://finance.yahoo.com/quote/MSFT/history
2021-04-05,242.759995,249.960007,242.699997,249.070007,36910600,https://finance.yahoo.com/quote/MSFT/history
2021-04-06,247.610001,249.399994,246.880005,247.860001,22931900,https://finance.yahoo.com/quote/MSFT/history
2021-04-07,247.809998,250.929993,247.190002,249.899994,22719800,https://finance.yahoo.com/quote/MSFT/history
2021-04-08,252.770004,254.139999,252.000000,253.250000,23625200,https://finance.yahoo.com/quote/MSFT/history
2021-04-09,252.869995,255.990005,252.440002,255.850006,24326800,https://finance.yahoo.com/quote/MSFT/history
2021-04-12,254.710007,257.670013,254.619995,255.910004,27148700,https://finance.yahoo.com/quote/MSFT/history
2021-04-13,257.260010,259.190002,256.829987,258.489990,23837500,https://finance.yahoo.com/quote/MSFT/history
2021-04-14,257.480011,258.829987,255.160004,255.589996,23070900,https://finance.yahoo.com/quote/MSFT/history
2021-04-15,257.929993,259.929993,257.730011,259.500000,25627500,https://finance.yahoo.com/quote/MSFT/history
2021-04-16,259.470001,261.000000,257.600006,260.739990,24878600,https://finance.yahoo.com/quote/MSFT/history
2021-04-19,260.190002,261.480011,257.820007,258.739990,23209300,https://finance.yahoo.com/quote/MSFT/history
2021-04-20,257.820007,260.200012,256.839996,258.260010,19722900,https://finance.yahoo.com/quote/MSFT/history
2021-04-21,258.940002,260.679993,257.250000,260.579987,24030400,https://finance.yahoo.com/quote/MSFT/history
2021-04-22,260.209991,261.779999,255.639999,257.170013,25606200,https://finance.yahoo.com/quote/MSFT/history
2021-04-23,257.880005,261.510010,257.269989,261.149994,21462600,https://finance.yahoo.com/quote/MSFT/history
2021-04-26,261.660004,262.440002,260.170013,261.549988,19763300,https://finance.yahoo.com/quote/MSFT/history
2021-04-27,261.579987,263.190002,260.119995,261.970001,31014200,https://finance.yahoo.com/quote/MSFT/history
2021-04-28,256.079987,256.540009,252.949997,254.559998,46903100,https://finance.yahoo.com/quote/MSFT/history
2021-04-29,255.460007,256.100006,249.000000,252.509995,40589000,https://finance.yahoo.com/quote/MSFT/history
2021-04-30,249.740005,253.080002,249.600006,252.179993,30945100,https://finance.yahoo.com/quote/MSFT/history
2021-05-03,253.399994,254.350006,251.119995,251.860001,19626600,https://finance.yahoo.com/quote/MSFT/history
2021-05-04,250.970001,251.210007,245.759995,247.789993,32756100,https://finance.yahoo.com/quote/MSFT/history
2021-05-05,249.059998,249.500000,245.820007,246.470001,21901300,https://finance.yahoo.com/quote/MSFT/history
2021-05-06,246.449997,249.860001,244.690002,249.729996,26491100,https://finance.yahoo.com/quote/MSFT/history
2021-05-07,252.149994,254.300003,251.169998,252.460007,27032900,https://finance.yahoo.com/quote/MSFT/history
2021-05-10,250.869995,251.729996,247.119995,247.179993,29299900,https://finance.yahoo.com/quote/MSFT/history
2021-05-11,244.550003,246.600006,242.570007,246.229996,33641600,https://finance.yahoo.com/quote/MSFT/history
2021-05-12,242.169998,244.380005,238.070007,239.000000,36684400,https://finance.yahoo.com/quote/MSFT/history
2021-05-13,241.800003,245.600006,241.419998,243.029999,29624300,https://finance.yahoo.com/quote/MSFT/history
2021-05-14,245.580002,249.179993,245.490005,248.149994,23901100,https://finance.yahoo.com/quote/MSFT/history
2021-05-17,246.550003,246.589996,243.520004,245.179993,24970200,https://finance.yahoo.com/quote/MSFT/history
2021-05-18,246.270004,246.410004,242.899994,243.080002,20168000,https://finance.yahoo.com/quote/MSFT/history
2021-05-19,239.309998,243.229996,238.600006,243.119995,25739800,https://finance.yahoo.com/quote/MSFT/history
2021-05-20,243.960007,247.949997,243.860001,246.479996,21800700,https://finance.yahoo.com/quote/MSFT/history
2021-05-21,247.570007,248.330002,244.740005,245.169998,21863100,https://finance.yahoo.com/quote/MSFT/history
2021-05-24,247.789993,251.160004,247.509995,250.779999,21411500,https://finance.yahoo.com/quote/MSFT/history
2021-05-25,251.770004,252.750000,250.820007,251.720001,17704300,https://finance.yahoo.com/quote/MSFT/history
2021-05-26,251.429993,252.940002,250.750000,251.490005,17771600,https://finance.yahoo.com/quote/MSFT/history
2021-05-27,251.169998,251.479996,249.250000,249.309998,24426200,https://finance.yahoo.com/quote/MSFT/history
2021-05-28,251.000000,252.080002,249.559998,249.679993,18270200,https://finance.yahoo.com/quote/MSFT/history
2021-06-01,251.229996,251.289993,246.960007,247.399994,23213300,https://finance.yahoo.com/quote/MSFT/history
2021-06-02,248.130005,249.270004,245.839996,247.300003,19406700,https://finance.yahoo.com/quote/MSFT/history
2021-06-03,245.220001,246.339996,243.000000,245.710007,25307700,https://finance.yahoo.com/quote/MSFT/history
2021-06-04,247.759995,251.649994,247.509995,250.789993,25281100,https://finance.yahoo.com/quote/MSFT/history
2021-06-07,249.979996,254.089996,249.809998,253.809998,23079200,https://finance.yahoo.com/quote/MSFT/history
2021-06-08,255.160004,256.010010,252.509995,252.570007,22455000,https://finance.yahoo.com/quote/MSFT/history
2021-06-09,253.809998,255.529999,253.210007,253.589996,17937600,https://finance.yahoo.com/quote/MSFT/history
2021-06-10,254.289993,257.459991,253.669998,257.239990,24563600,https://finance.yahoo.com/quote/MSFT/history
2021-06-11,257.989990,258.489990,256.609985,257.890015,18999700,https://finance.yahoo.com/quote/MSFT/history
2021-06-14,257.899994,259.950012,256.799988,259.890015,19150500,https://finance.yahoo.com/quote/MSFT/history
2021-06-15,259.769989,259.989990,257.679993,258.359985,18038900,https://finance.yahoo.com/quote/MSFT/history
2021-06-16,259.399994,260.579987,254.419998,257.380005,27220000,https://finance.yahoo.com/quote/MSFT/history
2021-06-17,256.070007,261.750000,256.010010,260.899994,27565500,https://finance.yahoo.com/quote/MSFT/history
2021-06-18,259.630005,262.299988,258.750000,259.429993,37202200,https://finance.yahoo.com/quote/MSFT/history
2021-06-21,259.820007,263.519989,257.920013,262.630005,26696100,https://finance.yahoo.com/quote/MSFT/history
2021-06-22,262.720001,265.790009,262.399994,265.510010,24694100,https://finance.yahoo.com/quote/MSFT/history
2021-06-23,265.989990,266.829987,264.429993,265.269989,19518700,https://finance.yahoo.com/quote/MSFT/history
2021-06-24,266.160004,267.850006,265.470001,266.690002,21446900,https://finance.yahoo.com/quote/MSFT/history
2021-06-25,266.230011,267.250000,264.760010,265.019989,25611100,https://finance.yahoo.com/quote/MSFT/history
2021-06-28,266.190002,268.899994,265.910004,268.720001,19590000,https://finance.yahoo.com/quote/MSFT/history
2021-06-29,268.869995,271.649994,267.980011,271.399994,19937800,https://finance.yahoo.com/quote/MSFT/history
2021-06-30,270.690002,271.359985,269.600006,270.899994,21656500,https://finance.yahoo.com/quote/MSFT/history
2021-07-01,269.609985,271.839996,269.600006,271.600006,16725300,https://finance.yahoo.com/quote/MSFT/history
2021-07-02,272.820007,278.000000,272.500000,277.649994,26458000,https://finance.yahoo.com/quote/MSFT/history
2021-07-06,278.029999,279.369995,274.299988,277.660004,31565600,https://finance.yahoo.com/quote/MSFT/history
2021-07-07,279.399994,280.690002,277.149994,279.929993,23260000,https://finance.yahoo.com/quote/MSFT/history
2021-07-08,276.899994,278.730011,274.869995,277.420013,24618600,https://finance.yahoo.com/quote/MSFT/history
2021-07-09,275.720001,278.049988,275.320007,277.940002,23916700,https://finance.yahoo.com/quote/MSFT/history
2021-07-12,279.160004,279.769989,276.579987,277.320007,18931700,https://finance.yahoo.com/quote/MSFT/history
2021-07-13,277.519989,282.850006,277.390015,280.980011,26120100,https://finance.yahoo.com/quote/MSFT/history
2021-07-14,282.350006,283.660004,280.549988,282.510010,23113700,https://finance.yahoo.com/quote/MSFT/history
2021-07-15,282.000000,282.510010,279.829987,281.029999,22604200,https://finance.yahoo.com/quote/MSFT/history
2021-07-16,282.070007,284.100006,279.459991,280.750000,26186800,https://finance.yahoo.com/quote/MSFT/history
2021-07-19,278.929993,280.369995,274.450012,277.010010,32935600,https://finance.yahoo.com/quote/MSFT/history
2021-07-20,278.029999,280.970001,276.260010,279.320007,26259700,https://finance.yahoo.com/quote/MSFT/history
2021-07-21,278.899994,281.519989,277.290009,281.399994,24364300,https://finance.yahoo.com/quote/MSFT/history
2021-07-22,283.839996,286.420013,283.420013,286.140015,23384100,https://finance.yahoo.com/quote/MSFT/history
2021-07-23,287.369995,289.989990,286.500000,289.670013,22768100,https://finance.yahoo.com/quote/MSFT/history
2021-07-26,289.000000,289.690002,286.640015,289.049988,23176100,https://finance.yahoo.com/quote/MSFT/history
2021-07-27,289.429993,289.579987,282.950012,286.540009,33604100,https://finance.yahoo.com/quote/MSFT/history
2021-07-28,288.989990,290.149994,283.829987,286.220001,33566900,https://finance.yahoo.com/quote/MSFT/history
2021-07-29,286.239990,288.619995,286.079987,286.500000,18168300,https://finance.yahoo.com/quote/MSFT/history
2021-07-30,285.170013,286.660004,283.910004,284.910004,20944800,https://finance.yahoo.com/quote/MSFT/history
2021-08-02,286.359985,286.769989,283.739990,284.820007,16267400,https://finance.yahoo.com/quote/MSFT/history
2021-08-03,285.420013,287.230011,284.000000,287.119995,17879000,https://finance.yahoo.com/quote/MSFT/history
2021-08-04,286.220001,287.589996,284.649994,286.510010,16191300,https://finance.yahoo.com/quote/MSFT/history
2021-08-05,286.880005,289.630005,286.100006,289.519989,13900200,https://finance.yahoo.com/quote/MSFT/history
2021-08-06,288.510010,289.500000,287.619995,289.459991,16589300,https://finance.yahoo.com/quote/MSFT/history
2021-08-09,289.750000,291.549988,287.809998,288.329987,16117600,https://finance.yahoo.com/quote/MSFT/history
2021-08-10,288.799988,289.250000,285.200012,286.440002,18616600,https://finance.yahoo.com/quote/MSFT/history
2021-08-11,287.209991,288.660004,285.859985,286.950012,13955900,https://finance.yahoo.com/quote/MSFT/history
2021-08-12,286.630005,289.970001,286.339996,289.809998,14561300,https://finance.yahoo.com/quote/MSFT/history
2021-08-13,289.480011,292.899994,289.299988,292.850006,18249000,https://finance.yahoo.com/quote/MSFT/history
2021-08-16,293.190002,294.820007,290.019989,294.600006,22507600,https://finance.yahoo.com/quote/MSFT/history
2021-08-17,292.390015,293.429993,291.079987,293.079987,20075300,https://finance.yahoo.com/quote/MSFT/history
2021-08-18,292.040009,294.820007,290.269989,290.730011,21813000,https://finance.yahoo.com/quote/MSFT/history
2021-08-19,288.690002,297.470001,288.640015,296.769989,29850500,https://finance.yahoo.com/quote/MSFT/history
2021-08-20,299.720001,305.839996,298.059998,304.359985,40817600,https://finance.yahoo.com/quote/MSFT/history
2021-08-23,303.250000,305.399994,301.850006,304.649994,22830200,https://finance.yahoo.com/quote/MSFT/history
2021-08-24,305.019989,305.649994,302.000000,302.619995,18175800,https://finance.yahoo.com/quote/MSFT/history
2021-08-25,304.299988,304.589996,300.420013,302.010010,20006100,https://finance.yahoo.com/quote/MSFT/history
2021-08-26,300.989990,302.429993,298.950012,299.089996,17666100,https://finance.yahoo.com/quote/MSFT/history
2021-08-27,298.989990,300.869995,296.829987,299.720001,22605700,https://finance.yahoo.com/quote/MSFT/history
2021-08-30,301.119995,304.220001,301.059998,303.589996,16348100,https://finance.yahoo.com/quote/MSFT/history
2021-08-31,304.420013,304.500000,301.500000,301.880005,26285300,https://finance.yahoo.com/quote/MSFT/history
2021-09-01,302.869995,305.190002,301.489990,301.829987,18983800,https://finance.yahoo.com/quote/MSFT/history
2021-09-02,302.200012,303.359985,300.179993,301.149994,16285600,https://finance.yahoo.com/quote/MSFT/history
2021-09-03,300.989990,302.600006,300.260010,301.140015,14747900,https://finance.yahoo.com/quote/MSFT/history
2021-09-07,301.010010,301.089996,298.200012,300.179993,17180400,https://finance.yahoo.com/quote/MSFT/history
2021-09-08,299.779999,300.609985,297.470001,300.209991,15046800,https://finance.yahoo.com/quote/MSFT/history
2021-09-09,300.820007,302.140015,297.000000,297.250000,19927000,https://finance.yahoo.com/quote/MSFT/history
2021-09-10,298.420013,299.920013,295.380005,295.709991,19633400,https://finance.yahoo.com/quote/MSFT/history
2021-09-13,297.549988,298.540009,294.079987,296.989990,23652900,https://finance.yahoo.com/quote/MSFT/history
2021-09-14,299.559998,301.390015,298.100006,299.790009,21853400,https://finance.yahoo.com/quote/MSFT/history
2021-09-15,303.260010,305.320007,301.820007,304.820007,28356300,https://finance.yahoo.com/quote/MSFT/history
2021-09-16,303.760010,305.309998,300.760010,305.220001,19550800,https://finance.yahoo.com/quote/MSFT/history
2021-09-17,304.170013,304.500000,299.529999,299.869995,41372500,https://finance.yahoo.com/quote/MSFT/history
2021-09-20,296.329987,298.720001,289.519989,294.299988,38278700,https://finance.yahoo.com/quote/MSFT/history
2021-09-21,295.690002,297.540009,294.070007,294.799988,22364100,https://finance.yahoo.com/quote/MSFT/history
2021-09-22,296.730011,300.220001,294.510010,298.579987,26626300,https://finance.yahoo.com/quote/MSFT/history
2021-09-23,298.850006,300.899994,297.529999,299.559998,18604600,https://finance.yahoo.com/quote/MSFT/history
2021-09-24,298.230011,299.799988,296.929993,299.350006,14999000,https://finance.yahoo.com/quote/MSFT/history
2021-09-27,296.140015,296.470001,292.940002,294.170013,23571700,https://finance.yahoo.com/quote/MSFT/history
2021-09-28,289.799988,290.779999,282.750000,283.519989,43186200,https://finance.yahoo.com/quote/MSFT/history
2021-09-29,285.100006,286.769989,283.010010,284.000000,26353700,https://finance.yahoo.com/quote/MSFT/history
2021-09-30,285.709991,287.829987,281.619995,281.920013,32343600,https://finance.yahoo.com/quote/MSFT/history
2021-10-01,282.119995,289.980011,281.290009,289.100006,30086300,https://finance.yahoo.com/quote/MSFT/history
2021-10-04,287.399994,287.750000,280.250000,283.109985,31350700,https://finance.yahoo.com/quote/MSFT/history
2021-10-05,284.049988,290.399994,284.049988,288.760010,24993000,https://finance.yahoo.com/quote/MSFT/history
2021-10-06,285.779999,293.630005,285.510010,293.109985,28002600,https://finance.yahoo.com/quote/MSFT/history
2021-10-07,295.179993,296.640015,293.920013,294.850006,20430500,https://finance.yahoo.com/quote/MSFT/history
2021-10-08,296.220001,296.640015,293.760010,294.850006,17685700,https://finance.yahoo.com/quote/MSFT/history
2021-10-11,292.920013,297.970001,292.750000,294.230011,19298600,https://finance.yahoo.com/quote/MSFT/history
2021-10-12,295.339996,295.440002,292.350006,292.880005,17974100,https://finance.yahoo.com/quote/MSFT/history
2021-10-13,294.910004,297.279999,293.489990,296.309998,23416300,https://finance.yahoo.com/quote/MSFT/history
2021-10-14,299.209991,303.269989,297.829987,302.750000,27262900,https://finance.yahoo.com/quote/MSFT/history
2021-10-15,302.339996,304.450012,300.519989,304.209991,25384800,https://finance.yahoo.com/quote/MSFT/history
2021-10-18,303.570007,308.209991,302.690002,307.290009,22729300,https://finance.yahoo.com/quote/MSFT/history
2021-10-19,308.350006,309.299988,307.220001,308.230011,17682100,https://finance.yahoo.com/quote/MSFT/history
2021-10-20,309.209991,309.700012,306.109985,307.410004,16537100,https://finance.yahoo.com/quote/MSFT/history
2021-10-21,307.170013,311.019989,306.359985,310.760010,16918100,https://finance.yahoo.com/quote/MSFT/history
2021-10-22,310.399994,311.089996,307.799988,309.160004,17449300,https://finance.yahoo.com/quote/MSFT/history
2021-10-25,309.359985,309.399994,306.459991,308.130005,17554500,https://finance.yahoo.com/quote/MSFT/history
2021-10-26,311.000000,312.399994,308.600006,310.109985,28107300,https://finance.yahoo.com/quote/MSFT/history
2021-10-27,316.000000,326.100006,316.000000,323.170013,52588700,https://finance.yahoo.com/quote/MSFT/history
2021-10-28,324.329987,324.869995,321.359985,324.350006,26297900,https://finance.yahoo.com/quote/MSFT/history
2021-10-29,324.130005,332.000000,323.899994,331.619995,34766000,https://finance.yahoo.com/quote/MSFT/history
2021-11-01,331.359985,331.489990,326.369995,329.369995,27073200,https://finance.yahoo.com/quote/MSFT/history
2021-11-02,330.309998,333.450012,330.000000,333.130005,26487100,https://finance.yahoo.com/quote/MSFT/history
2021-11-03,333.899994,334.899994,330.649994,334.000000,21500100,https://finance.yahoo.com/quote/MSFT/history
2021-11-04,332.890015,336.540009,329.510010,336.440002,23992200,https://finance.yahoo.com/quote/MSFT/history
2021-11-05,338.510010,338.790009,334.420013,336.059998,22570100,https://finance.yahoo.com/quote/MSFT/history
2021-11-08,337.299988,337.649994,334.440002,336.989990,20897000,https://finance.yahoo.com/quote/MSFT/history
2021-11-09,337.109985,338.720001,334.529999,335.950012,21307400,https://finance.yahoo.com/quote/MSFT/history
2021-11-10,334.570007,334.630005,329.920013,330.799988,25500900,https://finance.yahoo.com/quote/MSFT/history
2021-11-11,331.250000,333.769989,330.510010,332.429993,16849800,https://finance.yahoo.com/quote/MSFT/history
2021-11-12,333.920013,337.230011,333.790009,336.720001,23831000,https://finance.yahoo.com/quote/MSFT/history
2021-11-15,337.540009,337.880005,334.029999,336.070007,16723000,https://finance.yahoo.com/quote/MSFT/history
2021-11-16,335.679993,340.670013,335.510010,339.510010,20886800,https://finance.yahoo.com/quote/MSFT/history
2021-11-17,338.940002,342.190002,338.000000,339.119995,19053400,https://finance.yahoo.com/quote/MSFT/history
2021-11-18,338.179993,342.450012,337.119995,341.269989,22463500,https://finance.yahoo.com/quote/MSFT/history
2021-11-19,342.640015,345.100006,342.200012,343.109985,21963400,https://finance.yahoo.com/quote/MSFT/history
2021-11-22,344.619995,349.670013,339.549988,339.829987,31031100,https://finance.yahoo.com/quote/MSFT/history
2021-11-23,337.049988,339.450012,333.559998,337.679993,30427600,https://finance.yahoo.com/quote/MSFT/history
2021-11-24,336.279999,338.160004,333.910004,337.910004,21661300,https://finance.yahoo.com/quote/MSFT/history
2021-11-26,334.350006,337.929993,328.119995,329.679993,24217200,https://finance.yahoo.com/quote/MSFT/history
2021-11-29,334.940002,339.029999,334.739990,336.630005,28563500,https://finance.yahoo.com/quote/MSFT/history
2021-11-30,335.320007,337.779999,328.989990,330.589996,42885600,https://finance.yahoo.com/quote/MSFT/history
2021-12-01,335.130005,339.279999,329.390015,330.079987,33337600,https://finance.yahoo.com/quote/MSFT/history
2021-12-02,330.299988,333.489990,327.799988,329.489990,30766000,https://finance.yahoo.com/quote/MSFT/history
2021-12-03,331.989990,332.700012,318.029999,323.010010,41779300,https://finance.yahoo.com/quote/MSFT/history
2021-12-06,323.950012,327.450012,319.230011,326.190002,30032600,https://finance.yahoo.com/quote/MSFT/history
2021-12-07,331.640015,335.799988,330.100006,334.920013,31021900,https://finance.yahoo.com/quote/MSFT/history
2021-12-08,335.309998,335.500000,330.799988,334.970001,24761000,https://finance.yahoo.com/quote/MSFT/history
2021-12-09,334.410004,336.489990,332.119995,333.100006,22214200,https://finance.yahoo.com/quote/MSFT/history
2021-12-10,334.980011,343.000000,334.790009,342.540009,38095700,https://finance.yahoo.com/quote/MSFT/history
2021-12-13,340.679993,343.790009,339.079987,339.399994,28899400,https://finance.yahoo.com/quote/MSFT/history
2021-12-14,333.220001,334.640015,324.109985,328.339996,44438700,https://finance.yahoo.com/quote/MSFT/history
2021-12-15,328.609985,335.190002,324.500000,334.649994,35381100,https://finance.yahoo.com/quote/MSFT/history
2021-12-16,335.709991,336.760010,323.019989,324.899994,35034800,https://finance.yahoo.com/quote/MSFT/history
2021-12-17,320.880005,324.920013,317.250000,323.799988,47750300,https://finance.yahoo.com/quote/MSFT/history
2021-12-20,320.049988,322.799988,317.570007,319.910004,28326500,https://finance.yahoo.com/quote/MSFT/history
2021-12-21,323.290009,327.730011,319.799988,327.290009,24740600,https://finance.yahoo.com/quote/MSFT/history
2021-12-22,328.299988,333.609985,325.750000,333.200012,24831500,https://finance.yahoo.com/quote/MSFT/history
2021-12-23,332.750000,336.390015,332.730011,334.690002,19617800,https://finance.yahoo.com/quote/MSFT/history
2021-12-27,335.459991,342.480011,335.429993,342.450012,19947000,https://finance.yahoo.com/quote/MSFT/history
2021-12-28,343.149994,343.809998,340.320007,341.250000,15661500,https://finance.yahoo.com/quote/MSFT/history
2021-12-29,341.299988,344.299988,339.679993,341.950012,15042000,https://finance.yahoo.com/quote/MSFT/history
2021-12-30,341.910004,343.130005,338.820007,339.320007,15994500,https://finance.yahoo.com/quote/MSFT/history
2021-12-31,338.510010,339.359985,335.850006,336.320007,18000800,https://finance.yahoo.com/quote/MSFT/history
2022-01-03,335.350006,338.000000,329.779999,334.750000,28865100,https://finance.yahoo.com/quote/MSFT/history
2022-01-04,334.829987,335.200012,326.119995,329.010010,32674300,https://finance.yahoo.com/quote/MSFT/history
2022-01-05,325.859985,326.070007,315.980011,316.380005,40054300,https://finance.yahoo.com/quote/MSFT/history
2022-01-06,313.149994,318.700012,311.489990,313.880005,39646100,https://finance.yahoo.com/quote/MSFT/history
2022-01-07,314.149994,316.500000,310.089996,314.040009,32720000,https://finance.yahoo.com/quote/MSFT/history
2022-01-10,309.489990,314.720001,304.690002,314.269989,44289500,https://finance.yahoo.com/quote/MSFT/history
2022-01-11,313.380005,316.609985,309.890015,314.980011,29386800,https://finance.yahoo.com/quote/MSFT/history
2022-01-12,319.670013,323.410004,317.079987,318.269989,34372200,https://finance.yahoo.com/quote/MSFT/history
2022-01-13,320.470001,320.880005,304.000000,304.799988,45366000,https://finance.yahoo.com/quote/MSFT/history
2022-01-14,304.250000,310.820007,303.750000,310.200012,39846400,https://finance.yahoo.com/quote/MSFT/history
2022-01-18,304.070007,309.799988,301.739990,302.649994,42333200,https://finance.yahoo.com/quote/MSFT/history
2022-01-19,306.290009,313.910004,302.700012,303.329987,45933900,https://finance.yahoo.com/quote/MSFT/history
2022-01-20,309.070007,311.649994,301.140015,301.600006,35380700,https://finance.yahoo.com/quote/MSFT/history
2022-01-21,302.690002,304.109985,295.609985,296.029999,57984400,https://finance.yahoo.com/quote/MSFT/history
2022-01-24,292.200012,297.109985,276.049988,296.369995,85731500,https://finance.yahoo.com/quote/MSFT/history
2022-01-25,291.519989,294.989990,285.170013,288.489990,72848600,https://finance.yahoo.com/quote/MSFT/history
2022-01-26,307.989990,308.500000,293.029999,296.709991,90428900,https://finance.yahoo.com/quote/MSFT/history
2022-01-27,302.660004,307.299988,297.929993,299.839996,53481300,https://finance.yahoo.com/quote/MSFT/history
2022-01-28,300.230011,308.480011,294.450012,308.260010,49743700,https://finance.yahoo.com/quote/MSFT/history
2022-01-31,308.950012,312.380005,306.369995,310.980011,46444500,https://finance.yahoo.com/quote/MSFT/history
2022-02-01,310.410004,310.630005,305.130005,308.760010,40950400,https://finance.yahoo.com/quote/MSFT/history
2022-02-02,309.630005,315.119995,308.880005,313.459991,36636000,https://finance.yahoo.com/quote/MSFT/history
2022-02-03,309.489990,311.230011,299.959991,301.250000,43730000,https://finance.yahoo.com/quote/MSFT/history
2022-02-04,300.209991,308.799988,299.970001,305.940002,35096500,https://finance.yahoo.com/quote/MSFT/history
2022-02-07,306.170013,307.839996,299.899994,300.950012,28533300,https://finance.yahoo.com/quote/MSFT/history
2022-02-08,301.250000,305.559998,299.950012,304.559998,32421200,https://finance.yahoo.com/quote/MSFT/history
2022-02-09,309.869995,311.929993,307.390015,311.209991,31284700,https://finance.yahoo.com/quote/MSFT/history
2022-02-10,304.040009,309.119995,300.700012,302.380005,45386200,https://finance.yahoo.com/quote/MSFT/history
2022-02-11,303.190002,304.290009,294.220001,295.040009,39175600,https://finance.yahoo.com/quote/MSFT/history
2022-02-14,293.769989,296.760010,291.350006,295.000000,36359500,https://finance.yahoo.com/quote/MSFT/history
2022-02-15,300.010010,300.799988,297.019989,300.470001,27058300,https://finance.yahoo.com/quote/MSFT/history
2022-02-16,298.369995,300.869995,293.679993,299.500000,29982100,https://finance.yahoo.com/quote/MSFT/history
2022-02-17,296.359985,296.799988,290.000000,290.730011,32461600,https://finance.yahoo.com/quote/MSFT/history
2022-02-18,293.049988,293.859985,286.309998,287.929993,34264000,https://finance.yahoo.com/quote/MSFT/history
2022-02-22,285.000000,291.540009,284.500000,287.720001,41736100,https://finance.yahoo.com/quote/MSFT/history
2022-02-23,290.179993,291.700012,280.100006,280.269989,37811200,https://finance.yahoo.com/quote/MSFT/history
2022-02-24,272.510010,295.160004,271.519989,294.589996,56989700,https://finance.yahoo.com/quote/MSFT/history
2022-02-25,295.140015,297.630005,291.649994,297.309998,32546700,https://finance.yahoo.com/quote/MSFT/history
2022-02-28,294.309998,299.140015,293.000000,298.790009,34627500,https://finance.yahoo.com/quote/MSFT/history
2022-03-01,296.399994,299.970001,292.149994,294.950012,31217800,https://finance.yahoo.com/quote/MSFT/history
2022-03-02,295.359985,301.470001,293.700012,300.190002,31873000,https://finance.yahoo.com/quote/MSFT/history
2022-03-03,302.890015,303.130005,294.049988,295.920013,27314500,https://finance.yahoo.com/quote/MSFT/history
2022-03-04,294.290009,295.660004,287.170013,289.859985,32356500,https://finance.yahoo.com/quote/MSFT/history
2022-03-07,288.529999,289.690002,278.529999,278.910004,43157200,https://finance.yahoo.com/quote/MSFT/history
2022-03-08,277.799988,283.959991,270.000000,275.850006,48159500,https://finance.yahoo.com/quote/MSFT/history
2022-03-09,283.440002,289.600006,280.779999,288.500000,35204500,https://finance.yahoo.com/quote/MSFT/history
2022-03-10,283.019989,286.600006,280.579987,285.589996,30628000,https://finance.yahoo.com/quote/MSFT/history
2022-03-11,287.959991,289.510010,279.429993,280.070007,27209300,https://finance.yahoo.com/quote/MSFT/history
2022-03-14,280.339996,285.399994,275.820007,276.440002,30660700,https://finance.yahoo.com/quote/MSFT/history
2022-03-15,280.350006,287.820007,278.730011,287.149994,34245100,https://finance.yahoo.com/quote/MSFT/history
2022-03-16,289.109985,294.570007,283.200012,294.390015,37826300,https://finance.yahoo.com/quote/MSFT/history
2022-03-17,293.290009,295.609985,289.369995,295.220001,30816600,https://finance.yahoo.com/quote/MSFT/history
2022-03-18,295.369995,301.000000,292.730011,300.429993,43390600,https://finance.yahoo.com/quote/MSFT/history
2022-03-21,298.890015,300.140015,294.899994,299.160004,28351200,https://finance.yahoo.com/quote/MSFT/history
2022-03-22,299.799988,305.000000,298.769989,304.059998,27599700,https://finance.yahoo.com/quote/MSFT/history
2022-03-23,300.510010,303.230011,297.720001,299.489990,25715400,https://finance.yahoo.com/quote/MSFT/history
2022-03-24,299.140015,304.200012,298.320007,304.100006,24484500,https://finance.yahoo.com/quote/MSFT/history
2022-03-25,305.230011,305.500000,299.290009,303.679993,22566500,https://finance.yahoo.com/quote/MSFT/history
2022-03-28,304.329987,310.799988,304.329987,310.700012,29578200,https://finance.yahoo.com/quote/MSFT/history
2022-03-29,313.910004,315.820007,309.049988,315.410004,30393400,https://finance.yahoo.com/quote/MSFT/history
2022-03-30,313.760010,315.950012,311.579987,313.859985,28163600,https://finance.yahoo.com/quote/MSFT/history
2022-03-31,313.899994,315.140015,307.890015,308.309998,33422100,https://finance.yahoo.com/quote/MSFT/history
2022-04-01,309.369995,310.130005,305.540009,309.420013,27110500,https://finance.yahoo.com/quote/MSFT/history
2022-04-04,310.089996,315.109985,309.709991,314.970001,24289600,https://finance.yahoo.com/quote/MSFT/history
2022-04-05,313.269989,314.869995,309.869995,310.880005,23156700,https://finance.yahoo.com/quote/MSFT/history
2022-04-06,305.190002,307.000000,296.709991,299.500000,40110400,https://finance.yahoo.com/quote/MSFT/history
2022-04-07,296.660004,303.649994,296.350006,301.369995,31411200,https://finance.yahoo.com/quote/MSFT/history
2022-04-08,300.440002,301.119995,296.279999,296.970001,24361900,https://finance.yahoo.com/quote/MSFT/history
2022-04-11,291.790009,292.609985,285.000000,285.260010,34569300,https://finance.yahoo.com/quote/MSFT/history
2022-04-12,289.239990,290.739990,280.489990,282.059998,30966700,https://finance.yahoo.com/quote/MSFT/history
2022-04-13,282.730011,288.579987,281.299988,287.619995,21907200,https://finance.yahoo.com/quote/MSFT/history
2022-04-14,288.089996,288.309998,279.320007,279.829987,28221600,https://finance.yahoo.com/quote/MSFT/history
2022-04-18,278.910004,282.459991,278.339996,280.519989,20778000,https://finance.yahoo.com/quote/MSFT/history
2022-04-19,279.380005,286.170013,278.410004,285.299988,22297700,https://finance.yahoo.com/quote/MSFT/history
2022-04-20,289.399994,289.700012,285.369995,286.359985,22906700,https://finance.yahoo.com/quote/MSFT/history
2022-04-21,288.579987,293.299988,280.059998,280.809998,29454600,https://finance.yahoo.com/quote/MSFT/history
2022-04-22,281.679993,283.200012,273.380005,274.029999,29405800,https://finance.yahoo.com/quote/MSFT/history
2022-04-25,273.290009,281.109985,270.769989,280.720001,35678900,https://finance.yahoo.com/quote/MSFT/history
2022-04-26,277.500000,278.359985,270.000000,270.220001,46518400,https://finance.yahoo.com/quote/MSFT/history
2022-04-27,282.100006,290.970001,279.160004,283.220001,63477700,https://finance.yahoo.com/quote/MSFT/history
2022-04-28,285.190002,290.980011,281.459991,289.630005,33646600,https://finance.yahoo.com/quote/MSFT/history
2022-04-29,288.609985,289.880005,276.500000,277.519989,37073900,https://finance.yahoo.com/quote/MSFT/history
2022-05-02,277.709991,284.940002,276.220001,284.470001,35151100,https://finance.yahoo.com/quote/MSFT/history
2022-05-03,283.959991,284.130005,280.149994,281.779999,25978600,https://finance.yahoo.com/quote/MSFT/history
2022-05-04,282.589996,290.880005,276.730011,289.980011,33599300,https://finance.yahoo.com/quote/MSFT/history
2022-05-05,285.540009,286.350006,274.339996,277.350006,43260400,https://finance.yahoo.com/quote/MSFT/history
2022-05-06,274.809998,279.250000,271.269989,274.730011,37780300,https://finance.yahoo.com/quote/MSFT/history
2022-05-09,270.059998,272.359985,263.320007,264.579987,47726000,https://finance.yahoo.com/quote/MSFT/history
2022-05-10,271.690002,273.750000,265.070007,269.500000,39336400,https://finance.yahoo.com/quote/MSFT/history
2022-05-11,265.679993,271.359985,259.299988,260.549988,48975900,https://finance.yahoo.com/quote/MSFT/history
2022-05-12,257.690002,259.880005,250.020004,255.350006,51033800,https://finance.yahoo.com/quote/MSFT/history
2022-05-13,257.350006,263.040009,255.350006,261.119995,34925100,https://finance.yahoo.com/quote/MSFT/history
2022-05-16,259.959991,265.820007,255.779999,261.500000,32550900,https://finance.yahoo.com/quote/MSFT/history
2022-05-17,266.109985,268.329987,262.459991,266.820007,28828800,https://finance.yahoo.com/quote/MSFT/history
2022-05-18,263.000000,263.600006,252.770004,254.080002,31356000,https://finance.yahoo.com/quote/MSFT/history
2022-05-19,253.899994,257.670013,251.880005,253.139999,32692300,https://finance.yahoo.com/quote/MSFT/history
2022-05-20,257.239990,258.540009,246.440002,252.559998,39199300,https://finance.yahoo.com/quote/MSFT/history
2022-05-23,255.490005,261.500000,253.429993,260.649994,33175400,https://finance.yahoo.com/quote/MSFT/history
2022-05-24,257.890015,261.329987,253.500000,259.619995,29043900,https://finance.yahoo.com/quote/MSFT/history
2022-05-25,258.140015,264.579987,257.130005,262.519989,28547900,https://finance.yahoo.com/quote/MSFT/history
2022-05-26,262.269989,267.109985,261.429993,265.899994,25002100,https://finance.yahoo.com/quote/MSFT/history
2022-05-27,268.480011,273.339996,267.559998,273.239990,26910800,https://finance.yahoo.com/quote/MSFT/history
2022-05-31,272.529999,274.769989,268.929993,271.869995,37827700,https://finance.yahoo.com/quote/MSFT/history
2022-06-01,275.200012,277.690002,270.040009,272.420013,25292200,https://finance.yahoo.com/quote/MSFT/history
2022-06-02,264.450012,274.649994,261.600006,274.579987,44008200,https://finance.yahoo.com/quote/MSFT/history
2022-06-03,270.309998,273.450012,268.410004,270.019989,28059000,https://finance.yahoo.com/quote/MSFT/history
2022-06-06,272.059998,274.179993,267.220001,268.750000,22400300,https://finance.yahoo.com/quote/MSFT/history
2022-06-07,266.640015,273.130005,265.940002,272.500000,22860700,https://finance.yahoo.com/quote/MSFT/history
2022-06-08,271.709991,273.000000,269.609985,270.410004,17372300,https://finance.yahoo.com/quote/MSFT/history
2022-06-09,267.779999,272.709991,264.630005,264.790009,26439700,https://finance.yahoo.com/quote/MSFT/history
2022-06-10,260.579987,260.579987,252.529999,252.990005,31422800,https://finance.yahoo.com/quote/MSFT/history
2022-06-13,245.110001,249.020004,241.529999,242.259995,46135800,https://finance.yahoo.com/quote/MSFT/history
2022-06-14,243.860001,245.740005,241.509995,244.490005,28651500,https://finance.yahoo.com/quote/MSFT/history
2022-06-15,248.309998,255.300003,246.419998,251.759995,33111700,https://finance.yahoo.com/quote/MSFT/history
2022-06-16,245.979996,247.419998,243.020004,244.970001,33169200,https://finance.yahoo.com/quote/MSFT/history
2022-06-17,244.699997,250.500000,244.029999,247.649994,43084800,https://finance.yahoo.com/quote/MSFT/history
2022-06-21,250.259995,254.750000,249.509995,253.740005,29928300,https://finance.yahoo.com/quote/MSFT/history
2022-06-22,251.889999,257.170013,250.369995,253.130005,25939900,https://finance.yahoo.com/quote/MSFT/history
2022-06-23,255.570007,259.369995,253.630005,258.859985,25861400,https://finance.yahoo.com/quote/MSFT/history
2022-06-24,261.809998,267.980011,261.720001,267.700012,33923200,https://finance.yahoo.com/quote/MSFT/history
2022-06-27,268.209991,268.299988,263.279999,264.890015,24615100,https://finance.yahoo.com/quote/MSFT/history
2022-06-28,263.980011,266.910004,256.320007,256.480011,27295500,https://finance.yahoo.com/quote/MSFT/history
2022-06-29,257.589996,261.970001,255.759995,260.260010,20069800,https://finance.yahoo.com/quote/MSFT/history
2022-06-30,257.049988,259.529999,252.899994,256.829987,31730900,https://finance.yahoo.com/quote/MSFT/history
2022-07-01,256.390015,259.769989,254.610001,259.579987,22837700,https://finance.yahoo.com/quote/MSFT/history
2022-07-05,256.160004,262.980011,254.740005,262.850006,22941000,https://finance.yahoo.com/quote/MSFT/history
2022-07-06,263.750000,267.989990,262.399994,266.209991,23824400,https://finance.yahoo.com/quote/MSFT/history
2022-07-07,265.119995,269.059998,265.019989,268.399994,20859900,https://finance.yahoo.com/quote/MSFT/history
2022-07-08,264.790009,268.100006,263.290009,267.660004,19658800,https://finance.yahoo.com/quote/MSFT/history
2022-07-11,265.649994,266.529999,262.179993,264.510010,19455200,https://finance.yahoo.com/quote/MSFT/history
2022-07-12,265.880005,265.940002,252.039993,253.669998,35868500,https://finance.yahoo.com/quote/MSFT/history
2022-07-13,250.190002,253.550003,248.110001,252.720001,29497400,https://finance.yahoo.com/quote/MSFT/history
2022-07-14,250.570007,255.139999,245.940002,254.080002,25102800,https://finance.yahoo.com/quote/MSFT/history
2022-07-15,255.720001,260.369995,254.770004,256.720001,29774100,https://finance.yahoo.com/quote/MSFT/history
2022-07-18,259.750000,260.839996,253.300003,254.250000,20975000,https://finance.yahoo.com/quote/MSFT/history
2022-07-19,257.579987,259.720001,253.679993,259.529999,25012600,https://finance.yahoo.com/quote/MSFT/history
2022-07-20,259.899994,264.869995,258.910004,262.269989,22788300,https://finance.yahoo.com/quote/MSFT/history
2022-07-21,259.790009,264.890015,257.029999,264.839996,22404700,https://finance.yahoo.com/quote/MSFT/history
2022-07-22,265.239990,265.329987,259.070007,260.359985,21881300,https://finance.yahoo.com/quote/MSFT/history
2022-07-25,261.000000,261.500000,256.809998,258.829987,21056000,https://finance.yahoo.com/quote/MSFT/history
2022-07-26,259.859985,259.880005,249.570007,251.899994,39348000,https://finance.yahoo.com/quote/MSFT/history
2022-07-27,261.160004,270.049988,258.850006,268.739990,45994000,https://finance.yahoo.com/quote/MSFT/history
2022-07-28,269.750000,277.839996,267.869995,276.410004,33459300,https://finance.yahoo.com/quote/MSFT/history
2022-07-29,277.700012,282.000000,276.630005,280.739990,32152800,https://finance.yahoo.com/quote/MSFT/history
2022-08-01,277.820007,281.279999,275.839996,278.010010,21539600,https://finance.yahoo.com/quote/MSFT/history
2022-08-02,276.000000,277.890015,272.380005,274.820007,22754200,https://finance.yahoo.com/quote/MSFT/history
2022-08-03,276.760010,283.500000,276.609985,282.470001,23518900,https://finance.yahoo.com/quote/MSFT/history
2022-08-04,281.799988,283.799988,280.170013,283.649994,18098700,https://finance.yahoo.com/quote/MSFT/history
2022-08-05,279.149994,283.649994,278.679993,282.910004,16774600,https://finance.yahoo.com/quote/MSFT/history
2022-08-08,284.049988,285.920013,279.320007,280.320007,18739200,https://finance.yahoo.com/quote/MSFT/history
2022-08-09,279.640015,283.079987,277.609985,282.299988,23405200,https://finance.yahoo.com/quote/MSFT/history
2022-08-10,288.170013,289.809998,286.940002,289.160004,24687800,https://finance.yahoo.com/quote/MSFT/history
2022-08-11,290.850006,291.209991,286.510010,287.019989,20065900,https://finance.yahoo.com/quote/MSFT/history
2022-08-12,288.480011,291.910004,286.940002,291.910004,22619700,https://finance.yahoo.com/quote/MSFT/history
2022-08-15,291.000000,294.179993,290.109985,293.470001,18085700,https://finance.yahoo.com/quote/MSFT/history
2022-08-16,291.989990,294.040009,290.420013,292.709991,18102900,https://finance.yahoo.com/quote/MSFT/history
2022-08-17,289.739990,293.350006,289.470001,291.320007,18253400,https://finance.yahoo.com/quote/MSFT/history
2022-08-18,290.190002,291.910004,289.079987,290.170013,17186200,https://finance.yahoo.com/quote/MSFT/history
2022-08-19,288.899994,289.250000,285.559998,286.149994,20570000,https://finance.yahoo.com/quote/MSFT/history
2022-08-22,282.079987,282.459991,277.220001,277.750000,25061100,https://finance.yahoo.com/quote/MSFT/history
2022-08-23,276.440002,278.859985,275.399994,276.440002,17527400,https://finance.yahoo.com/quote/MSFT/history
2022-08-24,275.410004,277.230011,275.109985,275.790009,18137000,https://finance.yahoo.com/quote/MSFT/history
2022-08-25,277.329987,279.019989,274.519989,278.850006,16583400,https://finance.yahoo.com/quote/MSFT/history
2022-08-26,279.079987,280.339996,267.980011,268.089996,27549300,https://finance.yahoo.com/quote/MSFT/history
2022-08-29,265.850006,267.399994,263.850006,265.230011,20338500,https://finance.yahoo.com/quote/MSFT/history
2022-08-30,266.670013,267.049988,260.660004,262.970001,22767100,https://finance.yahoo.com/quote/MSFT/history
2022-08-31,265.390015,267.109985,261.329987,261.470001,24791800,https://finance.yahoo.com/quote/MSFT/history
2022-09-01,258.869995,260.890015,255.410004,260.399994,23263400,https://finance.yahoo.com/quote/MSFT/history
2022-09-02,261.700012,264.739990,254.470001,256.059998,22855400,https://finance.yahoo.com/quote/MSFT/history
2022-09-06,256.200012,257.829987,251.940002,253.250000,21328200,https://finance.yahoo.com/quote/MSFT/history
2022-09-07,254.699997,258.829987,253.220001,258.089996,24126700,https://finance.yahoo.com/quote/MSFT/history
2022-09-08,257.510010,260.429993,254.789993,258.519989,20319900,https://finance.yahoo.com/quote/MSFT/history
2022-09-09,260.500000,265.230011,260.290009,264.459991,22084700,https://finance.yahoo.com/quote/MSFT/history
2022-09-12,265.779999,267.450012,265.160004,266.649994,18747700,https://finance.yahoo.com/quote/MSFT/history
2022-09-13,258.839996,260.399994,251.589996,251.990005,33353300,https://finance.yahoo.com/quote/MSFT/history
2022-09-14,253.529999,254.229996,249.860001,252.220001,23913000,https://finance.yahoo.com/quote/MSFT/history
2022-09-15,249.770004,251.399994,244.020004,245.380005,31530900,https://finance.yahoo.com/quote/MSFT/history
2022-09-16,244.259995,245.300003,242.059998,244.740005,39791800,https://finance.yahoo.com/quote/MSFT/history
2022-09-19,242.470001,245.139999,240.850006,244.520004,26826900,https://finance.yahoo.com/quote/MSFT/history
2022-09-20,242.070007,243.509995,239.639999,242.449997,26660300,https://finance.yahoo.com/quote/MSFT/history
2022-09-21,244.270004,247.660004,238.899994,238.949997,28625600,https://finance.yahoo.com/quote/MSFT/history
2022-09-22,237.869995,243.860001,237.570007,240.979996,31061200,https://finance.yahoo.com/quote/MSFT/history
2022-09-23,239.539993,241.130005,235.199997,237.919998,34176000,https://finance.yahoo.com/quote/MSFT/history
2022-09-26,237.050003,241.449997,236.899994,237.449997,27694200,https://finance.yahoo.com/quote/MSFT/history
2022-09-27,239.979996,241.800003,234.500000,236.410004,27018700,https://finance.yahoo.com/quote/MSFT/history
2022-09-28,236.809998,242.330002,234.729996,241.070007,29029700,https://finance.yahoo.com/quote/MSFT/history
2022-09-29,238.889999,239.949997,234.410004,237.500000,27484200,https://finance.yahoo.com/quote/MSFT/history
2022-09-30,238.289993,240.539993,232.729996,232.899994,35694800,https://finance.yahoo.com/quote/MSFT/history
2022-10-03,235.410004,241.610001,234.660004,240.740005,28880400,https://finance.yahoo.com/quote/MSFT/history
2022-10-04,245.089996,250.360001,244.979996,248.880005,34888400,https://finance.yahoo.com/quote/MSFT/history
2022-10-05,245.990005,250.580002,244.100006,249.199997,20347100,https://finance.yahoo.com/quote/MSFT/history
2022-10-06,247.929993,250.339996,246.080002,246.789993,20239900,https://finance.yahoo.com/quote/MSFT/history
2022-10-07,240.899994,241.320007,233.169998,234.240005,37769600,https://finance.yahoo.com/quote/MSFT/history
2022-10-10,233.050003,234.559998,226.729996,229.250000,29743600,https://finance.yahoo.com/quote/MSFT/history
2022-10-11,227.619995,229.059998,224.110001,225.410004,30474000,https://finance.yahoo.com/quote/MSFT/history
2022-10-12,225.399994,227.860001,223.960007,225.750000,21903900,https://finance.yahoo.com/quote/MSFT/history
2022-10-13,219.850006,236.100006,219.130005,234.240005,42551800,https://finance.yahoo.com/quote/MSFT/history
2022-10-14,235.539993,237.240005,228.339996,228.559998,30198600,https://finance.yahoo.com/quote/MSFT/history
2022-10-17,235.820007,238.960007,235.139999,237.529999,28142300,https://finance.yahoo.com/quote/MSFT/history
2022-10-18,243.240005,243.929993,235.369995,238.500000,26329600,https://finance.yahoo.com/quote/MSFT/history
2022-10-19,237.039993,239.610001,234.289993,236.479996,19985700,https://finance.yahoo.com/quote/MSFT/history
2022-10-20,235.770004,241.309998,234.869995,236.149994,21811000,https://finance.yahoo.com/quote/MSFT/history
2022-10-21,234.740005,243.000000,234.500000,242.119995,26299700,https://finance.yahoo.com/quote/MSFT/history
2022-10-24,243.759995,247.839996,241.300003,247.250000,24911200,https://finance.yahoo.com/quote/MSFT/history
2022-10-25,247.259995,251.039993,245.830002,250.660004,34775500,https://finance.yahoo.com/quote/MSFT/history
2022-10-26,231.169998,238.300003,230.059998,231.320007,82543200,https://finance.yahoo.com/quote/MSFT/history
2022-10-27,231.039993,233.690002,225.779999,226.750000,40424600,https://finance.yahoo.com/quote/MSFT/history
2022-10-28,226.240005,236.600006,226.050003,235.869995,40647700,https://finance.yahoo.com/quote/MSFT/history
2022-10-31,233.759995,234.919998,231.149994,232.130005,28357300,https://finance.yahoo.com/quote/MSFT/history
2022-11-01,234.600006,235.740005,227.330002,228.169998,30592300,https://finance.yahoo.com/quote/MSFT/history
2022-11-02,229.460007,231.300003,220.039993,220.100006,38407000,https://finance.yahoo.com/quote/MSFT/history
2022-11-03,220.089996,220.410004,213.979996,214.250000,36633900,https://finance.yahoo.com/quote/MSFT/history
2022-11-04,217.550003,221.589996,213.429993,221.389999,36789100,https://finance.yahoo.com/quote/MSFT/history
2022-11-07,221.990005,228.410004,221.279999,227.869995,33498000,https://finance.yahoo.com/quote/MSFT/history
2022-11-08,228.699997,231.649994,225.839996,228.869995,28192500,https://finance.yahoo.com/quote/MSFT/history
2022-11-09,227.369995,228.630005,224.330002,224.509995,27852900,https://finance.yahoo.com/quote/MSFT/history
2022-11-10,235.429993,243.330002,235.000000,242.979996,46268000,https://finance.yahoo.com/quote/MSFT/history
2022-11-11,242.990005,247.990005,241.929993,247.110001,34620200,https://finance.yahoo.com/quote/MSFT/history
2022-11-14,241.990005,243.910004,239.210007,241.550003,31123300,https://finance.yahoo.com/quote/MSFT/history
2022-11-15,245.660004,247.000000,240.029999,241.970001,31390100,https://finance.yahoo.com/quote/MSFT/history
2022-11-16,242.789993,243.800003,240.419998,241.729996,24093300,https://finance.yahoo.com/quote/MSFT/history
2022-11-17,237.779999,243.250000,237.630005,241.679993,23123500,https://finance.yahoo.com/quote/MSFT/history
2022-11-18,243.509995,243.740005,239.029999,241.220001,27613500,https://finance.yahoo.com/quote/MSFT/history
2022-11-21,241.429993,244.669998,241.190002,242.050003,26394700,https://finance.yahoo.com/quote/MSFT/history
2022-11-22,243.589996,245.309998,240.710007,245.029999,19665700,https://finance.yahoo.com/quote/MSFT/history
2022-11-23,245.110001,248.279999,244.270004,247.580002,19508500,https://finance.yahoo.com/quote/MSFT/history
2022-11-25,247.309998,248.699997,246.729996,247.490005,9200800,https://finance.yahoo.com/quote/MSFT/history
2022-11-28,246.080002,246.649994,240.800003,241.759995,24778200,https://finance.yahoo.com/quote/MSFT/history
2022-11-29,241.399994,242.789993,238.210007,240.330002,17956300,https://finance.yahoo.com/quote/MSFT/history
2022-11-30,240.570007,255.330002,239.860001,255.139999,47594200,https://finance.yahoo.com/quote/MSFT/history
2022-12-01,253.869995,256.119995,250.919998,254.690002,26041500,https://finance.yahoo.com/quote/MSFT/history
2022-12-02,249.820007,256.059998,249.690002,255.020004,21528500,https://finance.yahoo.com/quote/MSFT/history
2022-12-05,252.009995,253.820007,248.059998,250.199997,23435300,https://finance.yahoo.com/quote/MSFT/history
2022-12-06,250.820007,251.860001,243.779999,245.119995,22463700,https://finance.yahoo.com/quote/MSFT/history
2022-12-07,244.830002,246.160004,242.210007,244.369995,20481500,https://finance.yahoo.com/quote/MSFT/history
2022-12-08,244.839996,248.740005,243.059998,247.399994,22611800,https://finance.yahoo.com/quote/MSFT/history
2022-12-09,244.699997,248.309998,244.160004,245.419998,20609700,https://finance.yahoo.com/quote/MSFT/history
2022-12-12,247.449997,252.539993,247.169998,252.509995,30665100,https://finance.yahoo.com/quote/MSFT/history
2022-12-13,261.690002,263.920013,253.070007,256.920013,42196900,https://finance.yahoo.com/quote/MSFT/history
2022-12-14,257.130005,262.589996,254.309998,257.220001,35410900,https://finance.yahoo.com/quote/MSFT/history
2022-12-15,253.720001,254.199997,247.339996,249.009995,35560400,https://finance.yahoo.com/quote/MSFT/history
2022-12-16,248.550003,249.839996,243.509995,244.690002,86102000,https://finance.yahoo.com/quote/MSFT/history
2022-12-19,244.860001,245.210007,238.710007,240.449997,29696400,https://finance.yahoo.com/quote/MSFT/history
2022-12-20,239.399994,242.910004,238.419998,241.800003,25150800,https://finance.yahoo.com/quote/MSFT/history
2022-12-21,241.690002,245.619995,240.110001,244.429993,23690600,https://finance.yahoo.com/quote/MSFT/history
2022-12-22,241.259995,241.990005,233.869995,238.190002,28651700,https://finance.yahoo.com/quote/MSFT/history
2022-12-23,236.110001,238.869995,233.940002,238.729996,21207000,https://finance.yahoo.com/quote/MSFT/history
2022-12-27,238.699997,238.929993,235.830002,236.960007,16688600,https://finance.yahoo.com/quote/MSFT/history
2022-12-28,236.889999,239.720001,234.169998,234.529999,17457100,https://finance.yahoo.com/quote/MSFT/history
2022-12-29,235.649994,241.919998,235.649994,241.009995,19770700,https://finance.yahoo.com/quote/MSFT/history
2022-12-30,238.210007,239.960007,236.660004,239.820007,21938500,https://finance.yahoo.com/quote/MSFT/history
2023-01-03,243.080002,245.750000,237.399994,239.580002,25740000,https://finance.yahoo.com/quote/MSFT/history
2023-01-04,232.279999,232.869995,225.960007,229.100006,50623400,https://finance.yahoo.com/quote/MSFT/history
2023-01-05,227.199997,227.550003,221.759995,222.309998,39585600,https://finance.yahoo.com/quote/MSFT/history
2023-01-06,223.000000,225.759995,219.350006,224.929993,43613600,https://finance.yahoo.com/quote/MSFT/history
2023-01-09,226.449997,231.240005,226.410004,227.119995,27369800,https://finance.yahoo.com/quote/MSFT/history
2023-01-10,227.759995,231.309998,227.330002,228.850006,27033900,https://finance.yahoo.com/quote/MSFT/history
2023-01-11,231.289993,235.949997,231.110001,235.770004,28669300,https://finance.yahoo.com/quote/MSFT/history
2023-01-12,235.259995,239.899994,233.559998,238.509995,27269500,https://finance.yahoo.com/quote/MSFT/history
2023-01-13,237.000000,239.369995,234.919998,239.229996,21333300,https://finance.yahoo.com/quote/MSFT/history
2023-01-17,237.970001,240.910004,237.089996,240.350006,29831300,https://finance.yahoo.com/quote/MSFT/history
2023-01-18,241.570007,242.380005,235.520004,235.809998,30028700,https://finance.yahoo.com/quote/MSFT/history
2023-01-19,233.779999,235.520004,230.679993,231.929993,28623000,https://finance.yahoo.com/quote/MSFT/history
2023-01-20,234.860001,240.740005,234.509995,240.220001,35389800,https://finance.yahoo.com/quote/MSFT/history
2023-01-23,241.100006,245.169998,239.649994,242.580002,31934000,https://finance.yahoo.com/quote/MSFT/history
2023-01-24,242.500000,243.949997,240.440002,242.039993,40234400,https://finance.yahoo.com/quote/MSFT/history
2023-01-25,234.479996,243.300003,230.899994,240.610001,66526600,https://finance.yahoo.com/quote/MSFT/history
2023-01-26,243.649994,248.309998,242.000000,248.000000,33454500,https://finance.yahoo.com/quote/MSFT/history
2023-01-27,248.990005,249.830002,246.830002,248.160004,26498900,https://finance.yahoo.com/quote/MSFT/history
2023-01-30,244.509995,245.600006,242.199997,242.710007,25867400,https://finance.yahoo.com/quote/MSFT/history
2023-01-31,243.449997,247.949997,242.949997,247.809998,26541100,https://finance.yahoo.com/quote/MSFT/history
2023-02-01,248.000000,255.179993,245.470001,252.750000,31259900,https://finance.yahoo.com/quote/MSFT/history
2023-02-02,258.820007,264.690002,257.250000,264.600006,39940400,https://finance.yahoo.com/quote/MSFT/history
2023-02-03,259.540009,264.200012,257.100006,258.350006,29077300,https://finance.yahoo.com/quote/MSFT/history
2023-02-06,257.440002,258.299988,254.779999,256.769989,22518000,https://finance.yahoo.com/quote/MSFT/history
2023-02-07,260.529999,268.769989,260.079987,267.559998,50841400,https://finance.yahoo.com/quote/MSFT/history
2023-02-08,273.200012,276.760010,266.209991,266.730011,54686000,https://finance.yahoo.com/quote/MSFT/history
2023-02-09,273.799988,273.980011,262.799988,263.619995,42375100,https://finance.yahoo.com/quote/MSFT/history
2023-02-10,261.529999,264.089996,260.660004,263.100006,25818500,https://finance.yahoo.com/quote/MSFT/history
2023-02-13,267.640015,274.600006,267.149994,271.320007,44630900,https://finance.yahoo.com/quote/MSFT/history
2023-02-14,272.670013,274.970001,269.279999,272.170013,37047900,https://finance.yahoo.com/quote/MSFT/history
2023-02-15,268.320007,270.730011,266.179993,269.320007,28922400,https://finance.yahoo.com/quote/MSFT/history
2023-02-16,264.019989,266.739990,261.899994,262.149994,29603600,https://finance.yahoo.com/quote/MSFT/history
2023-02-17,259.390015,260.089996,256.000000,258.059998,30000100,https://finance.yahoo.com/quote/MSFT/history
2023-02-21,254.479996,255.490005,251.589996,252.669998,28397400,https://finance.yahoo.com/quote/MSFT/history
2023-02-22,254.089996,254.339996,250.339996,251.509995,22491100,https://finance.yahoo.com/quote/MSFT/history
2023-02-23,255.559998,256.839996,250.479996,254.770004,29219100,https://finance.yahoo.com/quote/MSFT/history
2023-02-24,249.960007,251.000000,248.100006,249.220001,24990900,https://finance.yahoo.com/quote/MSFT/history
2023-02-27,252.460007,252.820007,249.389999,250.160004,21190000,https://finance.yahoo.com/quote/MSFT/history
2023-02-28,249.070007,251.490005,248.729996,249.419998,22491000,https://finance.yahoo.com/quote/MSFT/history
2023-03-01,250.759995,250.929993,245.789993,246.270004,27565300,https://finance.yahoo.com/quote/MSFT/history
2023-03-02,246.550003,251.399994,245.610001,251.110001,24808200,https://finance.yahoo.com/quote/MSFT/history
2023-03-03,252.190002,255.619995,251.389999,255.289993,30760100,https://finance.yahoo.com/quote/MSFT/history
2023-03-06,256.429993,260.119995,255.979996,256.869995,24109800,https://finance.yahoo.com/quote/MSFT/history
2023-03-07,256.299988,257.690002,253.389999,254.149994,21473200,https://finance.yahoo.com/quote/MSFT/history
2023-03-08,254.039993,254.539993,250.809998,253.699997,17340200,https://finance.yahoo.com/quote/MSFT/history
2023-03-09,255.820007,259.559998,251.580002,252.320007,26653400,https://finance.yahoo.com/quote/MSFT/history
2023-03-10,251.080002,252.789993,247.600006,248.589996,28333900,https://finance.yahoo.com/quote/MSFT/history
2023-03-13,247.399994,257.910004,245.729996,253.919998,33339700,https://finance.yahoo.com/quote/MSFT/history
2023-03-14,256.750000,261.070007,255.860001,260.790009,33620300,https://finance.yahoo.com/quote/MSFT/history
2023-03-15,259.980011,266.480011,259.209991,265.440002,46028000,https://finance.yahoo.com/quote/MSFT/history
2023-03-16,265.209991,276.559998,263.279999,276.200012,54768800,https://finance.yahoo.com/quote/MSFT/history
2023-03-17,278.260010,283.329987,276.320007,279.429993,69527400,https://finance.yahoo.com/quote/MSFT/history
2023-03-20,276.980011,277.480011,269.850006,272.230011,43466600,https://finance.yahoo.com/quote/MSFT/history
2023-03-21,274.880005,275.000000,269.519989,273.779999,34558700,https://finance.yahoo.com/quote/MSFT/history
2023-03-22,273.399994,281.040009,272.179993,272.290009,34873300,https://finance.yahoo.com/quote/MSFT/history
2023-03-23,277.940002,281.059998,275.200012,277.660004,36610900,https://finance.yahoo.com/quote/MSFT/history
2023-03-24,277.239990,280.630005,275.279999,280.570007,28172000,https://finance.yahoo.com/quote/MSFT/history
2023-03-27,280.500000,281.459991,275.519989,276.380005,26840200,https://finance.yahoo.com/quote/MSFT/history
2023-03-28,275.790009,276.140015,272.049988,275.230011,21878600,https://finance.yahoo.com/quote/MSFT/history
2023-03-29,278.959991,281.140015,278.410004,280.510010,25087000,https://finance.yahoo.com/quote/MSFT/history
2023-03-30,284.230011,284.459991,281.480011,284.049988,25053400,https://finance.yahoo.com/quote/MSFT/history
2023-03-31,283.730011,289.269989,283.000000,288.299988,32766000,https://finance.yahoo.com/quote/MSFT/history
2023-04-03,286.519989,288.269989,283.950012,287.230011,24883300,https://finance.yahoo.com/quote/MSFT/history
2023-04-04,287.230011,290.450012,285.670013,287.179993,25824300,https://finance.yahoo.com/quote/MSFT/history
2023-04-05,285.850006,287.149994,282.920013,284.339996,22064800,https://finance.yahoo.com/quote/MSFT/history
2023-04-06,283.209991,292.079987,282.029999,291.600006,29770300,https://finance.yahoo.com/quote/MSFT/history
2023-04-10,289.209991,289.600006,284.709991,289.390015,23103000,https://finance.yahoo.com/quote/MSFT/history
2023-04-11,285.750000,285.980011,281.640015,282.829987,27276600,https://finance.yahoo.com/quote/MSFT/history
2023-04-12,284.790009,287.010010,281.959991,283.489990,27403400,https://finance.yahoo.com/quote/MSFT/history
2023-04-13,283.589996,289.899994,283.170013,289.839996,24222700,https://finance.yahoo.com/quote/MSFT/history
2023-04-14,287.000000,288.480011,283.690002,286.140015,20987900,https://finance.yahoo.com/quote/MSFT/history
2023-04-17,289.929993,291.600006,286.160004,288.799988,23836200,https://finance.yahoo.com/quote/MSFT/history
2023-04-18,291.570007,291.760010,287.010010,288.369995,20161800,https://finance.yahoo.com/quote/MSFT/history
2023-04-19,285.989990,289.049988,284.540009,288.450012,17150300,https://finance.yahoo.com/quote/MSFT/history
2023-04-20,285.250000,289.029999,285.079987,286.109985,23244400,https://finance.yahoo.com/quote/MSFT/history
2023-04-21,285.010010,286.269989,283.059998,285.760010,21676400,https://finance.yahoo.com/quote/MSFT/history
2023-04-24,282.089996,284.950012,278.720001,281.769989,26611000,https://finance.yahoo.com/quote/MSFT/history
2023-04-25,279.510010,281.600006,275.369995,275.420013,45772200,https://finance.yahoo.com/quote/MSFT/history
2023-04-26,296.700012,299.570007,292.730011,295.369995,64599200,https://finance.yahoo.com/quote/MSFT/history
2023-04-27,295.970001,305.200012,295.250000,304.829987,46462600,https://finance.yahoo.com/quote/MSFT/history
2023-04-28,304.010010,308.929993,303.309998,307.260010,36469600,https://finance.yahoo.com/quote/MSFT/history
2023-05-01,306.970001,308.600006,305.149994,305.559998,21294100,https://finance.yahoo.com/quote/MSFT/history
2023-05-02,307.760010,309.179993,303.910004,305.410004,26404400,https://finance.yahoo.com/quote/MSFT/history
2023-05-03,306.619995,308.609985,304.089996,304.399994,22360800,https://finance.yahoo.com/quote/MSFT/history
2023-05-04,306.239990,307.760010,303.399994,305.410004,22519900,https://finance.yahoo.com/quote/MSFT/history
2023-05-05,305.720001,311.970001,304.269989,310.649994,28197100,https://finance.yahoo.com/quote/MSFT/history
2023-05-08,310.130005,310.200012,306.089996,308.649994,21318600,https://finance.yahoo.com/quote/MSFT/history
2023-05-09,308.000000,310.040009,306.309998,307.000000,21340800,https://finance.yahoo.com/quote/MSFT/history
2023-05-10,308.619995,313.000000,307.670013,312.309998,30078000,https://finance.yahoo.com/quote/MSFT/history
2023-05-11,310.100006,311.119995,306.260010,310.109985,31680200,https://finance.yahoo.com/quote/MSFT/history
2023-05-12,310.549988,310.649994,306.600006,308.970001,19774700,https://finance.yahoo.com/quote/MSFT/history
2023-05-15,309.100006,309.899994,307.589996,309.459991,16336500,https://finance.yahoo.com/quote/MSFT/history
2023-05-16,309.829987,313.709991,309.829987,311.739990,26730300,https://finance.yahoo.com/quote/MSFT/history
2023-05-17,312.290009,314.429993,310.739990,314.000000,24315000,https://finance.yahoo.com/quote/MSFT/history
2023-05-18,314.529999,319.040009,313.720001,318.519989,27276000,https://finance.yahoo.com/quote/MSFT/history
2023-05-19,316.739990,318.750000,316.369995,318.339996,27546700,https://finance.yahoo.com/quote/MSFT/history
2023-05-22,318.600006,322.589996,318.010010,321.179993,24115700,https://finance.yahoo.com/quote/MSFT/history
2023-05-23,320.029999,322.720001,315.250000,315.260010,30797200,https://finance.yahoo.com/quote/MSFT/history
2023-05-24,314.730011,316.500000,312.609985,313.850006,23384900,https://finance.yahoo.com/quote/MSFT/history
2023-05-25,323.239990,326.899994,320.000000,325.920013,43301700,https://finance.yahoo.com/quote/MSFT/history
2023-05-26,324.019989,333.399994,323.880005,332.890015,36630600,https://finance.yahoo.com/quote/MSFT/history
2023-05-30,335.230011,335.739990,330.519989,331.209991,29503100,https://finance.yahoo.com/quote/MSFT/history
2023-05-31,332.290009,335.940002,327.329987,328.390015,45950600,https://finance.yahoo.com/quote/MSFT/history
2023-06-01,325.929993,333.529999,324.720001,332.579987,26773900,https://finance.yahoo.com/quote/MSFT/history
2023-06-02,334.250000,337.500000,332.549988,335.399994,25873800,https://finance.yahoo.com/quote/MSFT/history
2023-06-05,335.220001,338.559998,334.660004,335.940002,21307100,https://finance.yahoo.com/quote/MSFT/history
2023-06-06,335.329987,335.369995,332.170013,333.679993,20396200,https://finance.yahoo.com/quote/MSFT/history
2023-06-07,331.649994,334.489990,322.500000,323.380005,40717100,https://finance.yahoo.com/quote/MSFT/history
2023-06-08,323.940002,326.640015,323.350006,325.260010,23277700,https://finance.yahoo.com/quote/MSFT/history
2023-06-09,324.989990,329.989990,324.410004,326.790009,22529000,https://finance.yahoo.com/quote/MSFT/history
2023-06-12,328.579987,332.100006,325.160004,331.850006,24260300,https://finance.yahoo.com/quote/MSFT/history
2023-06-13,334.470001,336.980011,330.390015,334.290009,22951300,https://finance.yahoo.com/quote/MSFT/history
2023-06-14,334.339996,339.040009,332.809998,337.339996,26003800,https://finance.yahoo.com/quote/MSFT/history
2023-06-15,337.480011,349.839996,337.200012,348.100006,38899100,https://finance.yahoo.com/quote/MSFT/history
2023-06-16,351.320007,351.470001,341.950012,342.329987,46552000,https://finance.yahoo.com/quote/MSFT/history
2023-06-20,339.309998,342.079987,335.859985,338.049988,26375400,https://finance.yahoo.com/quote/MSFT/history
2023-06-21,336.369995,337.730011,332.070007,333.559998,25117800,https://finance.yahoo.com/quote/MSFT/history
2023-06-22,334.119995,340.119995,333.339996,339.709991,23556800,https://finance.yahoo.com/quote/MSFT/history
2023-06-23,334.359985,337.959991,333.450012,335.019989,23146900,https://finance.yahoo.com/quote/MSFT/history
2023-06-26,333.720001,336.109985,328.489990,328.600006,21520600,https://finance.yahoo.com/quote/MSFT/history
2023-06-27,331.859985,336.149994,329.299988,334.570007,24354100,https://finance.yahoo.com/quote/MSFT/history
2023-06-28,334.660004,337.980011,333.809998,335.850006,20259500,https://finance.yahoo.com/quote/MSFT/history
2023-06-29,334.709991,336.109985,332.619995,335.049988,16997000,https://finance.yahoo.com/quote/MSFT/history
2023-06-30,337.750000,342.730011,337.200012,340.540009,26832800,https://finance.yahoo.com/quote/MSFT/history
2023-07-03,339.190002,340.899994,336.570007,337.989990,12508700,https://finance.yahoo.com/quote/MSFT/history
2023-07-05,335.089996,341.649994,334.730011,338.149994,18172400,https://finance.yahoo.com/quote/MSFT/history
2023-07-06,337.299988,342.989990,335.500000,341.269989,28161200,https://finance.yahoo.com/quote/MSFT/history
2023-07-07,339.320007,341.790009,337.000000,337.220001,21214800,https://finance.yahoo.com/quote/MSFT/history
2023-07-10,334.600006,335.230011,327.589996,331.829987,32791400,https://finance.yahoo.com/quote/MSFT/history
2023-07-11,331.059998,332.859985,327.000000,332.470001,26698200,https://finance.yahoo.com/quote/MSFT/history
2023-07-12,336.600006,341.649994,335.670013,337.200012,29995300,https://finance.yahoo.com/quote/MSFT/history
2023-07-13,339.559998,343.739990,339.019989,342.660004,20567200,https://finance.yahoo.com/quote/MSFT/history
2023-07-14,347.589996,351.429993,344.309998,345.239990,28352700,https://finance.yahoo.com/quote/MSFT/history
2023-07-17,345.679993,346.989990,342.200012,345.730011,20363900,https://finance.yahoo.com/quote/MSFT/history
2023-07-18,345.829987,366.779999,342.170013,359.489990,64738600,https://finance.yahoo.com/quote/MSFT/history
2023-07-19,361.750000,362.459991,352.440002,355.079987,39732900,https://finance.yahoo.com/quote/MSFT/history
2023-07-20,353.570007,357.970001,345.369995,346.869995,33778400,https://finance.yahoo.com/quote/MSFT/history
2023-07-21,349.149994,350.299988,339.829987,343.769989,69405400,https://finance.yahoo.com/quote/MSFT/history
2023-07-24,345.850006,346.920013,342.309998,345.109985,26678100,https://finance.yahoo.com/quote/MSFT/history
2023-07-25,347.109985,351.890015,345.070007,350.980011,41637700,https://finance.yahoo.com/quote/MSFT/history
2023-07-26,341.440002,344.670013,333.109985,337.769989,58383700,https://finance.yahoo.com/quote/MSFT/history
2023-07-27,340.480011,341.329987,329.049988,330.720001,39635300,https://finance.yahoo.com/quote/MSFT/history
2023-07-28,333.670013,340.010010,333.170013,338.369995,28484900,https://finance.yahoo.com/quote/MSFT/history
2023-07-31,336.920013,337.700012,333.359985,335.920013,25446000,https://finance.yahoo.com/quote/MSFT/history
2023-08-01,335.190002,338.540009,333.700012,336.339996,18311900,https://finance.yahoo.com/quote/MSFT/history
2023-08-02,333.630005,333.630005,326.359985,327.500000,27761300,https://finance.yahoo.com/quote/MSFT/history
2023-08-03,326.000000,329.880005,325.950012,326.660004,18253700,https://finance.yahoo.com/quote/MSFT/history
2023-08-04,331.880005,335.140015,327.239990,327.779999,23741500,https://finance.yahoo.com/quote/MSFT/history
2023-08-07,328.369995,331.109985,327.519989,330.109985,17741500,https://finance.yahoo.com/quote/MSFT/history
2023-08-08,326.959991,328.750000,323.000000,326.049988,22327600,https://finance.yahoo.com/quote/MSFT/history
2023-08-09,326.470001,327.109985,321.049988,322.230011,22373300,https://finance.yahoo.com/quote/MSFT/history
2023-08-10,326.019989,328.260010,321.179993,322.929993,20113700,https://finance.yahoo.com/quote/MSFT/history
2023-08-11,320.260010,322.410004,319.209991,321.010010,24355500,https://finance.yahoo.com/quote/MSFT/history
2023-08-14,321.390015,324.059998,320.079987,324.040009,18836100,https://finance.yahoo.com/quote/MSFT/history
2023-08-15,323.000000,325.089996,320.899994,321.859985,16966300,https://finance.yahoo.com/quote/MSFT/history
2023-08-16,320.799988,324.420013,319.799988,320.399994,20698900,https://finance.yahoo.com/quote/MSFT/history
2023-08-17,320.540009,321.869995,316.209991,316.880005,21257200,https://finance.yahoo.com/quote/MSFT/history
2023-08-18,314.489990,318.380005,311.549988,316.480011,24755000,https://finance.yahoo.com/quote/MSFT/history
2023-08-21,317.929993,322.769989,317.040009,321.880005,24040000,https://finance.yahoo.com/quote/MSFT/history
2023-08-22,325.500000,326.079987,321.459991,322.459991,16084600,https://finance.yahoo.com/quote/MSFT/history
2023-08-23,323.820007,329.200012,323.459991,327.000000,21166400,https://finance.yahoo.com/quote/MSFT/history
2023-08-24,332.850006,332.980011,319.959991,319.970001,23281400,https://finance.yahoo.com/quote/MSFT/history
2023-08-25,321.470001,325.359985,318.799988,322.980011,21684100,https://finance.yahoo.com/quote/MSFT/history
2023-08-28,325.660004,326.149994,321.720001,323.700012,14808500,https://finance.yahoo.com/quote/MSFT/history
2023-08-29,321.880005,328.980011,321.880005,328.410004,19284600,https://finance.yahoo.com/quote/MSFT/history
2023-08-30,328.670013,329.809998,326.450012,328.790009,15222100,https://finance.yahoo.com/quote/MSFT/history
2023-08-31,329.200012,330.910004,326.779999,327.760010,26411000,https://finance.yahoo.com/quote/MSFT/history
2023-09-01,331.309998,331.989990,326.779999,328.660004,14942000,https://finance.yahoo.com/quote/MSFT/history
2023-09-05,329.000000,334.850006,328.660004,333.549988,18553900,https://finance.yahoo.com/quote/MSFT/history
2023-09-06,333.380005,334.459991,330.179993,332.880005,17535800,https://finance.yahoo.com/quote/MSFT/history
2023-09-07,331.290009,333.079987,329.029999,329.910004,18381000,https://finance.yahoo.com/quote/MSFT/history
2023-09-08,330.089996,336.160004,329.459991,334.269989,19530100,https://finance.yahoo.com/quote/MSFT/history
2023-09-11,337.239990,338.420013,335.429993,337.940002,16583300,https://finance.yahoo.com/quote/MSFT/history
2023-09-12,335.820007,336.790009,331.480011,331.769989,17565500,https://finance.yahoo.com/quote/MSFT/history
2023-09-13,331.309998,336.850006,331.170013,336.059998,16544400,https://finance.yahoo.com/quote/MSFT/history
2023-09-14,339.149994,340.859985,336.570007,338.700012,20267000,https://finance.yahoo.com/quote/MSFT/history
2023-09-15,336.920013,337.399994,329.649994,330.220001,37679800,https://finance.yahoo.com/quote/MSFT/history
2023-09-18,327.799988,330.399994,326.359985,329.059998,16834200,https://finance.yahoo.com/quote/MSFT/history
2023-09-19,326.170013,329.390015,324.510010,328.649994,16505900,https://finance.yahoo.com/quote/MSFT/history
2023-09-20,329.510010,329.589996,320.510010,320.769989,21436500,https://finance.yahoo.com/quote/MSFT/history
2023-09-21,319.260010,325.350006,315.000000,319.529999,35560400,https://finance.yahoo.com/quote/MSFT/history
2023-09-22,321.320007,321.450012,316.149994,317.010010,21447900,https://finance.yahoo.com/quote/MSFT/history
2023-09-25,316.589996,317.670013,315.000000,317.540009,17836000,https://finance.yahoo.com/quote/MSFT/history
2023-09-26,315.130005,315.880005,310.019989,312.140015,26297600,https://finance.yahoo.com/quote/MSFT/history
2023-09-27,312.299988,314.299988,309.690002,312.790009,19410100,https://finance.yahoo.com/quote/MSFT/history
2023-09-28,310.989990,315.480011,309.450012,313.640015,19683600,https://finance.yahoo.com/quote/MSFT/history
2023-09-29,317.750000,319.470001,314.980011,315.750000,24147300,https://finance.yahoo.com/quote/MSFT/history
2023-10-02,316.279999,321.890015,315.179993,321.799988,20570000,https://finance.yahoo.com/quote/MSFT/history
2023-10-03,320.829987,321.390015,311.209991,313.390015,21033500,https://finance.yahoo.com/quote/MSFT/history
2023-10-04,314.029999,320.040009,314.000000,318.959991,20720100,https://finance.yahoo.com/quote/MSFT/history
2023-10-05,319.089996,319.980011,314.899994,319.359985,16965600,https://finance.yahoo.com/quote/MSFT/history
2023-10-06,316.549988,329.190002,316.299988,327.260010,25673600,https://finance.yahoo.com/quote/MSFT/history
2023-10-09,324.750000,330.299988,323.179993,329.820007,19891200,https://finance.yahoo.com/quote/MSFT/history
2023-10-10,330.959991,331.100006,327.670013,328.390015,20557100,https://finance.yahoo.com/quote/MSFT/history
2023-10-11,331.209991,332.820007,329.140015,332.420013,20063200,https://finance.yahoo.com/quote/MSFT/history
2023-10-12,330.570007,333.630005,328.720001,331.160004,19313100,https://finance.yahoo.com/quote/MSFT/history
2023-10-13,332.380005,333.829987,326.359985,327.730011,21072400,https://finance.yahoo.com/quote/MSFT/history
2023-10-16,331.049988,336.140015,330.600006,332.640015,22158000,https://finance.yahoo.com/quote/MSFT/history
2023-10-17,329.589996,333.459991,327.410004,332.059998,18338500,https://finance.yahoo.com/quote/MSFT/history
2023-10-18,332.489990,335.589996,328.299988,330.109985,23153600,https://finance.yahoo.com/quote/MSFT/history
2023-10-19,332.149994,336.880005,330.910004,331.320007,25052100,https://finance.yahoo.com/quote/MSFT/history
2023-10-20,331.720001,331.920013,325.450012,326.670013,25027700,https://finance.yahoo.com/quote/MSFT/history
2023-10-23,325.470001,332.730011,324.390015,329.320007,24374700,https://finance.yahoo.com/quote/MSFT/history
2023-10-24,331.299988,331.839996,327.600006,330.529999,31153600,https://finance.yahoo.com/quote/MSFT/history
2023-10-25,345.019989,346.200012,337.619995,340.670013,55053800,https://finance.yahoo.com/quote/MSFT/history
2023-10-26,340.540009,341.630005,326.940002,327.890015,37828500,https://finance.yahoo.com/quote/MSFT/history
2023-10-27,330.429993,336.720001,328.399994,329.809998,29856500,https://finance.yahoo.com/quote/MSFT/history
2023-10-30,333.410004,339.450012,331.829987,337.309998,22828100,https://finance.yahoo.com/quote/MSFT/history
2023-10-31,338.850006,339.000000,334.690002,338.109985,20265300,https://finance.yahoo.com/quote/MSFT/history
2023-11-01,339.790009,347.420013,339.649994,346.070007,28158800,https://finance.yahoo.com/quote/MSFT/history
2023-11-02,347.239990,348.829987,344.769989,348.320007,24348100,https://finance.yahoo.com/quote/MSFT/history
2023-11-03,349.630005,354.390015,347.329987,352.799988,23637700,https://finance.yahoo.com/quote/MSFT/history
2023-11-06,353.450012,357.540009,353.350006,356.529999,23828300,https://finance.yahoo.com/quote/MSFT/history
2023-11-07,359.399994,362.459991,357.630005,360.529999,25833900,https://finance.yahoo.com/quote/MSFT/history
2023-11-08,361.679993,363.869995,360.549988,363.200012,26767800,https://finance.yahoo.com/quote/MSFT/history
2023-11-09,362.299988,364.790009,360.359985,360.690002,24847300,https://finance.yahoo.com/quote/MSFT/history
2023-11-10,361.489990,370.100006,361.070007,369.670013,28042100,https://finance.yahoo.com/quote/MSFT/history
2023-11-13,368.220001,368.470001,365.899994,366.679993,19986500,https://finance.yahoo.com/quote/MSFT/history
2023-11-14,371.010010,371.950012,367.350006,370.269989,27683900,https://finance.yahoo.com/quote/MSFT/history
2023-11-15,371.279999,373.130005,367.109985,369.670013,26860100,https://finance.yahoo.com/quote/MSFT/history
2023-11-16,370.959991,376.350006,370.179993,376.170013,27182300,https://finance.yahoo.com/quote/MSFT/history
2023-11-17,373.609985,374.369995,367.000000,369.850006,40157000,https://finance.yahoo.com/quote/MSFT/history
2023-11-20,371.220001,378.869995,371.000000,377.440002,52465100,https://finance.yahoo.com/quote/MSFT/history
2023-11-21,375.670013,376.220001,371.119995,373.070007,28423100,https://finance.yahoo.com/quote/MSFT/history
2023-11-22,378.000000,379.790009,374.970001,377.850006,23345300,https://finance.yahoo.com/quote/MSFT/history
2023-11-24,377.329987,377.970001,375.140015,377.429993,10176600,https://finance.yahoo.com/quote/MSFT/history
2023-11-27,376.779999,380.640015,376.200012,378.609985,22179200,https://finance.yahoo.com/quote/MSFT/history
2023-11-28,378.350006,383.000000,378.160004,382.700012,20453100,https://finance.yahoo.com/quote/MSFT/history
2023-11-29,383.760010,384.299988,377.440002,378.850006,28963400,https://finance.yahoo.com/quote/MSFT/history
2023-11-30,378.489990,380.089996,375.470001,378.910004,30554400,https://finance.yahoo.com/quote/MSFT/history
2023-12-01,376.760010,378.160004,371.309998,374.510010,33040500,https://finance.yahoo.com/quote/MSFT/history
2023-12-04,369.100006,369.519989,362.899994,369.140015,32063300,https://finance.yahoo.com/quote/MSFT/history
2023-12-05,366.450012,373.079987,365.619995,372.519989,23065000,https://finance.yahoo.com/quote/MSFT/history
2023-12-06,373.540009,374.179993,368.029999,368.799988,21182100,https://finance.yahoo.com/quote/MSFT/history
2023-12-07,368.230011,371.450012,366.320007,370.950012,23118900,https://finance.yahoo.com/quote/MSFT/history
2023-12-08,369.200012,374.459991,368.230011,374.230011,20154400,https://finance.yahoo.com/quote/MSFT/history
2023-12-11,368.480011,371.600006,366.100006,371.299988,27708800,https://finance.yahoo.com/quote/MSFT/history
2023-12-12,370.850006,374.420013,370.459991,374.380005,24838300,https://finance.yahoo.com/quote/MSFT/history
2023-12-13,376.019989,377.640015,370.769989,374.369995,30955500,https://finance.yahoo.com/quote/MSFT/history
2023-12-14,373.309998,373.760010,364.130005,365.929993,43277500,https://finance.yahoo.com/quote/MSFT/history
2023-12-15,366.850006,372.399994,366.279999,370.730011,78502300,https://finance.yahoo.com/quote/MSFT/history
2023-12-18,369.450012,373.000000,368.679993,372.649994,21802900,https://finance.yahoo.com/quote/MSFT/history
2023-12-19,371.489990,373.260010,369.839996,373.260010,20603700,https://finance.yahoo.com/quote/MSFT/history
2023-12-20,375.000000,376.029999,370.529999,370.619995,26316700,https://finance.yahoo.com/quote/MSFT/history
2023-12-21,372.559998,374.410004,370.040009,373.540009,17708000,https://finance.yahoo.com/quote/MSFT/history
2023-12-22,373.679993,375.179993,372.709991,374.579987,17107500,https://finance.yahoo.com/quote/MSFT/history
2023-12-26,375.000000,376.940002,373.500000,374.660004,12673100,https://finance.yahoo.com/quote/MSFT/history
2023-12-27,373.690002,375.059998,372.809998,374.070007,14905400,https://finance.yahoo.com/quote/MSFT/history
2023-12-28,375.369995,376.459991,374.160004,375.279999,14327000,https://finance.yahoo.com/quote/MSFT/history
2023-12-29,376.000000,377.160004,373.480011,376.040009,18730800,https://finance.yahoo.com/quote/MSFT/history
2024-01-02,373.859985,375.899994,366.769989,370.869995,25258600,https://finance.yahoo.com/quote/MSFT/history
2024-01-03,369.010010,373.260010,368.510010,370.600006,23083500,https://finance.yahoo.com/quote/MSFT/history
2024-01-04,370.670013,373.100006,367.170013,367.940002,20901500,https://finance.yahoo.com/quote/MSFT/history
2024-01-05,368.970001,372.059998,366.500000,367.750000,21004600,https://finance.yahoo.com/quote/MSFT/history
2024-01-08,369.299988,375.200012,369.010010,374.690002,23134000,https://finance.yahoo.com/quote/MSFT/history
2024-01-09,372.010010,375.989990,371.190002,375.790009,20830000,https://finance.yahoo.com/quote/MSFT/history
2024-01-10,376.369995,384.170013,376.320007,382.769989,25514200,https://finance.yahoo.com/quote/MSFT/history
2024-01-11,386.000000,390.679993,380.380005,384.630005,27850800,https://finance.yahoo.com/quote/MSFT/history
2024-01-12,385.489990,388.679993,384.649994,388.470001,21661200,https://finance.yahoo.com/quote/MSFT/history
2024-01-16,393.660004,394.029999,387.619995,390.269989,27202300,https://finance.yahoo.com/quote/MSFT/history
2024-01-17,387.980011,390.109985,384.809998,389.470001,22234100,https://finance.yahoo.com/quote/MSFT/history
2024-01-18,391.720001,393.989990,390.119995,393.869995,23392100,https://finance.yahoo.com/quote/MSFT/history
2024-01-19,395.760010,398.670013,393.500000,398.670013,29331100,https://finance.yahoo.com/quote/MSFT/history
2024-01-22,400.019989,400.619995,393.589996,396.510010,27016900,https://finance.yahoo.com/quote/MSFT/history
2024-01-23,395.750000,399.380005,393.929993,398.899994,20525900,https://finance.yahoo.com/quote/MSFT/history
2024-01-24,401.540009,405.630005,400.450012,402.559998,24867000,https://finance.yahoo.com/quote/MSFT/history
2024-01-25,404.320007,407.010010,402.529999,404.869995,21021200,https://finance.yahoo.com/quote/MSFT/history
2024-01-26,404.369995,406.170013,402.429993,403.929993,17803300,https://finance.yahoo.com/quote/MSFT/history
2024-01-29,406.059998,409.980011,404.329987,409.720001,24510200,https://finance.yahoo.com/quote/MSFT/history
2024-01-30,412.260010,413.049988,406.450012,408.589996,33477600,https://finance.yahoo.com/quote/MSFT/history
2024-01-31,406.959991,415.320007,397.209991,397.579987,47871100,https://finance.yahoo.com/quote/MSFT/history
2024-02-01,401.829987,408.000000,401.799988,403.779999,30657700,https://finance.yahoo.com/quote/MSFT/history
2024-02-02,403.809998,412.649994,403.559998,411.220001,28256700,https://finance.yahoo.com/quote/MSFT/history
2024-02-05,409.899994,411.160004,403.989990,405.649994,25352300,https://finance.yahoo.com/quote/MSFT/history
2024-02-06,405.880005,407.970001,402.910004,405.489990,18382600,https://finance.yahoo.com/quote/MSFT/history
2024-02-07,407.440002,414.299988,407.399994,414.049988,22340500,https://finance.yahoo.com/quote/MSFT/history
2024-02-08,414.049988,415.559998,412.529999,414.109985,21225300,https://finance.yahoo.com/quote/MSFT/history
2024-02-09,415.250000,420.820007,415.089996,420.549988,22032800,https://finance.yahoo.com/quote/MSFT/history
2024-02-12,420.559998,420.739990,414.750000,415.260010,21202900,https://finance.yahoo.com/quote/MSFT/history
2024-02-13,404.940002,410.070007,403.390015,406.320007,27824900,https://finance.yahoo.com/quote/MSFT/history
2024-02-14,408.070007,409.839996,404.570007,409.489990,20401200,https://finance.yahoo.com/quote/MSFT/history
2024-02-15,408.140015,409.130005,404.290009,406.559998,21825500,https://finance.yahoo.com/quote/MSFT/history
2024-02-16,407.959991,408.290009,403.440002,404.059998,22296500,https://finance.yahoo.com/quote/MSFT/history
2024-02-20,403.239990,404.489990,398.010010,402.790009,24307900,https://finance.yahoo.com/quote/MSFT/history
2024-02-21,400.170013,402.290009,397.220001,402.179993,18518900,https://finance.yahoo.com/quote/MSFT/history
2024-02-22,410.190002,412.829987,408.570007,411.649994,27009900,https://finance.yahoo.com/quote/MSFT/history
2024-02-23,415.670013,415.859985,408.970001,410.339996,16295900,https://finance.yahoo.com/quote/MSFT/history
2024-02-26,411.459991,412.160004,407.359985,407.540009,16193500,https://finance.yahoo.com/quote/MSFT/history
2024-02-27,407.989990,408.320007,403.850006,407.480011,14835800,https://finance.yahoo.com/quote/MSFT/history
2024-02-28,408.179993,409.299988,405.320007,407.720001,13183100,https://finance.yahoo.com/quote/MSFT/history
2024-02-29,408.640015,414.200012,405.920013,413.640015,31947300,https://finance.yahoo.com/quote/MSFT/history
2024-03-01,411.269989,415.869995,410.880005,415.500000,17823400,https://finance.yahoo.com/quote/MSFT/history
2024-03-04,413.440002,417.350006,412.320007,414.920013,17596000,https://finance.yahoo.com/quote/MSFT/history
2024-03-05,413.959991,414.250000,400.640015,402.649994,26919200,https://finance.yahoo.com/quote/MSFT/history
2024-03-06,402.970001,405.160004,398.390015,402.089996,22344100,https://finance.yahoo.com/quote/MSFT/history
2024-03-07,406.119995,409.779999,402.239990,409.140015,18718500,https://finance.yahoo.com/quote/MSFT/history
2024-03-08,407.959991,410.420013,404.329987,406.220001,18002200,https://finance.yahoo.com/quote/MSFT/history
2024-03-11,403.760010,405.679993,401.260010,404.519989,16120800,https://finance.yahoo.com/quote/MSFT/history
2024-03-12,407.619995,415.570007,406.790009,415.279999,22457000,https://finance.yahoo.com/quote/MSFT/history
2024-03-13,418.100006,418.179993,411.450012,415.100006,17115900,https://finance.yahoo.com/quote/MSFT/history
2024-03-14,420.239990,427.820007,417.989990,425.220001,34157300,https://finance.yahoo.com/quote/MSFT/history
2024-03-15,419.290009,422.600006,412.790009,416.420013,45079900,https://finance.yahoo.com/quote/MSFT/history
2024-03-18,414.250000,420.730011,413.779999,417.320007,20106000,https://finance.yahoo.com/quote/MSFT/history
2024-03-19,417.829987,421.670013,415.549988,421.410004,19837900,https://finance.yahoo.com/quote/MSFT/history
2024-03-20,422.000000,425.959991,420.660004,425.230011,17860100,https://finance.yahoo.com/quote/MSFT/history
2024-03-21,429.829987,430.820007,427.160004,429.369995,21296200,https://finance.yahoo.com/quote/MSFT/history
2024-03-22,429.700012,429.859985,426.070007,428.739990,17648500,https://finance.yahoo.com/quote/MSFT/history
2024-03-25,425.239990,427.410004,421.609985,422.859985,18060500,https://finance.yahoo.com/quote/MSFT/history
2024-03-26,425.609985,425.989990,421.350006,421.649994,16725600,https://finance.yahoo.com/quote/MSFT/history
2024-03-27,424.440002,424.450012,419.010010,421.429993,16705000,https://finance.yahoo.com/quote/MSFT/history
2024-03-28,420.959991,421.869995,419.119995,420.720001,21871200,https://finance.yahoo.com/quote/MSFT/history
2024-04-01,423.950012,427.890015,422.220001,424.570007,16316000,https://finance.yahoo.com/quote/MSFT/history
2024-04-02,420.109985,422.380005,417.839996,421.440002,17912000,https://finance.yahoo.com/quote/MSFT/history
2024-04-03,419.730011,423.260010,419.089996,420.450012,16502300,https://finance.yahoo.com/quote/MSFT/history
2024-04-04,424.989990,428.670013,417.570007,417.880005,19370900,https://finance.yahoo.com/quote/MSFT/history
2024-04-05,420.010010,426.510010,418.320007,425.519989,16554800,https://finance.yahoo.com/quote/MSFT/history
2024-04-08,425.170013,427.279999,423.299988,424.589996,14272400,https://finance.yahoo.com/quote/MSFT/history
2024-04-09,426.440002,427.739990,421.619995,426.279999,12496900,https://finance.yahoo.com/quote/MSFT/history
2024-04-10,422.190002,424.029999,419.700012,423.260010,16216600,https://finance.yahoo.com/quote/MSFT/history
2024-04-11,425.820007,429.369995,422.359985,427.929993,17966400,https://finance.yahoo.com/quote/MSFT/history
2024-04-12,424.049988,425.179993,419.769989,421.899994,19253800,https://finance.yahoo.com/quote/MSFT/history
2024-04-15,426.600006,426.820007,413.429993,413.640015,20273500,https://finance.yahoo.com/quote/MSFT/history
2024-04-16,414.570007,418.399994,413.730011,414.579987,16765600,https://finance.yahoo.com/quote/MSFT/history
2024-04-17,417.250000,418.880005,410.329987,411.839996,15855500,https://finance.yahoo.com/quote/MSFT/history
2024-04-18,410.630005,411.890015,403.950012,404.269989,21029900,https://finance.yahoo.com/quote/MSFT/history
2024-04-19,404.029999,405.480011,397.769989,399.119995,30565800,https://finance.yahoo.com/quote/MSFT/history
2024-04-22,400.079987,402.850006,395.750000,400.959991,20286900,https://finance.yahoo.com/quote/MSFT/history
2024-04-23,404.239990,408.200012,403.059998,407.570007,15734500,https://finance.yahoo.com/quote/MSFT/history
2024-04-24,409.559998,412.470001,406.779999,409.059998,15065300,https://finance.yahoo.com/quote/MSFT/history
2024-04-25,394.029999,399.890015,388.029999,399.040009,40586500,https://finance.yahoo.com/quote/MSFT/history
2024-04-26,412.170013,413.000000,405.760010,406.320007,29694700,https://finance.yahoo.com/quote/MSFT/history
2024-04-29,405.250000,406.320007,399.190002,402.250000,19582100,https://finance.yahoo.com/quote/MSFT/history
2024-04-30,401.489990,402.160004,389.170013,389.329987,28781400,https://finance.yahoo.com/quote/MSFT/history
2024-05-01,392.609985,401.720001,390.309998,394.940002,23562500,https://finance.yahoo.com/quote/MSFT/history
2024-05-02,397.660004,399.929993,394.649994,397.839996,17709400,https://finance.yahoo.com/quote/MSFT/history
2024-05-03,402.279999,407.149994,401.859985,406.660004,17446700,https://finance.yahoo.com/quote/MSFT/history
2024-05-06,408.760010,413.929993,406.369995,413.540009,16996600,https://finance.yahoo.com/quote/MSFT/history
2024-05-07,414.660004,414.670013,409.089996,409.339996,20018200,https://finance.yahoo.com/quote/MSFT/history
2024-05-08,408.170013,412.230011,406.709991,410.540009,11792300,https://finance.yahoo.com/quote/MSFT/history
2024-05-09,410.570007,412.720001,409.100006,412.320007,14689700,https://finance.yahoo.com/quote/MSFT/history
2024-05-10,412.940002,415.380005,411.799988,414.739990,13402300,https://finance.yahoo.com/quote/MSFT/history
2024-05-13,418.010010,418.350006,410.820007,413.720001,15440200,https://finance.yahoo.com/quote/MSFT/history
2024-05-14,412.019989,417.489990,411.549988,416.559998,15109300,https://finance.yahoo.com/quote/MSFT/history
2024-05-15,417.899994,423.809998,417.269989,423.079987,22239500,https://finance.yahoo.com/quote/MSFT/history
2024-05-16,421.799988,425.420013,420.350006,420.989990,17530100,https://finance.yahoo.com/quote/MSFT/history
2024-05-17,422.540009,422.920013,418.029999,420.209991,15352200,https://finance.yahoo.com/quote/MSFT/history
2024-05-20,420.209991,426.769989,419.989990,425.339996,16272100,https://finance.yahoo.com/quote/MSFT/history
2024-05-21,426.829987,432.970001,424.850006,429.040009,21453300,https://finance.yahoo.com/quote/MSFT/history
2024-05-22,430.089996,432.410004,427.130005,430.519989,18073700,https://finance.yahoo.com/quote/MSFT/history
2024-05-23,432.970001,433.600006,425.420013,427.000000,17211700,https://finance.yahoo.com/quote/MSFT/history
2024-05-24,427.190002,431.059998,424.410004,430.160004,11855300,https://finance.yahoo.com/quote/MSFT/history
2024-05-28,429.630005,430.820007,426.600006,430.320007,15718000,https://finance.yahoo.com/quote/MSFT/history
2024-05-29,425.690002,430.940002,425.690002,429.170013,15517100,https://finance.yahoo.com/quote/MSFT/history
2024-05-30,424.299988,424.299988,414.239990,414.670013,28394500,https://finance.yahoo.com/quote/MSFT/history
2024-05-31,416.750000,416.750000,404.510010,415.130005,47995300,https://finance.yahoo.com/quote/MSFT/history
2024-06-03,415.529999,416.429993,408.920013,413.519989,17484700,https://finance.yahoo.com/quote/MSFT/history
2024-06-04,412.429993,416.440002,409.679993,416.070007,14348900,https://finance.yahoo.com/quote/MSFT/history
2024-06-05,417.809998,424.079987,416.299988,424.010010,16988000,https://finance.yahoo.com/quote/MSFT/history
2024-06-06,424.010010,425.309998,420.579987,424.519989,14861300,https://finance.yahoo.com/quote/MSFT/history
2024-06-07,426.200012,426.279999,423.000000,423.850006,13621700,https://finance.yahoo.com/quote/MSFT/history
2024-06-10,424.700012,428.079987,423.890015,427.869995,13982900,https://finance.yahoo.com/quote/MSFT/history
2024-06-11,425.480011,432.820007,425.250000,432.679993,14551100,https://finance.yahoo.com/quote/MSFT/history
2024-06-12,435.320007,443.399994,433.250000,441.059998,22366200,https://finance.yahoo.com/quote/MSFT/history
2024-06-13,440.850006,443.390015,439.369995,441.579987,15960600,https://finance.yahoo.com/quote/MSFT/history
2024-06-14,438.279999,443.140015,436.720001,442.570007,13582000,https://finance.yahoo.com/quote/MSFT/history
2024-06-17,442.589996,450.940002,440.720001,448.369995,20790000,https://finance.yahoo.com/quote/MSFT/history
2024-06-18,449.709991,450.140015,444.890015,446.339996,17112500,https://finance.yahoo.com/quote/MSFT/history
2024-06-20,446.299988,446.529999,441.269989,445.700012,19877400,https://finance.yahoo.com/quote/MSFT/history
2024-06-21,447.380005,450.579987,446.510010,449.779999,34187100,https://finance.yahoo.com/quote/MSFT/history
2024-06-24,449.799988,452.750000,446.410004,447.670013,15913700,https://finance.yahoo.com/quote/MSFT/history
2024-06-25,448.250000,451.420013,446.750000,450.950012,16413400,https://finance.yahoo.com/quote/MSFT/history
2024-06-26,449.000000,453.600006,448.190002,452.160004,16507000,https://finance.yahoo.com/quote/MSFT/history
2024-06-27,452.179993,456.170013,451.769989,452.850006,14806300,https://finance.yahoo.com/quote/MSFT/history
2024-06-28,453.070007,455.380005,446.410004,446.950012,28362300,https://finance.yahoo.com/quote/MSFT/history
2024-07-01,448.660004,457.369995,445.660004,456.730011,17662800,https://finance.yahoo.com/quote/MSFT/history
2024-07-02,453.200012,459.589996,453.109985,459.279999,13979800,https://finance.yahoo.com/quote/MSFT/history
2024-07-03,458.190002,461.019989,457.880005,460.769989,9932800,https://finance.yahoo.com/quote/MSFT/history
2024-07-05,459.609985,468.350006,458.970001,467.559998,16000300,https://finance.yahoo.com/quote/MSFT/history
2024-07-08,466.549988,467.700012,464.459991,466.239990,12962300,https://finance.yahoo.com/quote/MSFT/history
2024-07-09,467.000000,467.329987,458.000000,459.540009,17207200,https://finance.yahoo.com/quote/MSFT/history
2024-07-10,461.220001,466.459991,458.859985,466.250000,18196100,https://finance.yahoo.com/quote/MSFT/history
2024-07-11,462.980011,464.779999,451.549988,454.700012,23111200,https://finance.yahoo.com/quote/MSFT/history
2024-07-12,454.329987,456.359985,450.649994,453.549988,16324300,https://finance.yahoo.com/quote/MSFT/history
2024-07-15,453.299988,457.260010,451.429993,453.959991,14429400,https://finance.yahoo.com/quote/MSFT/history
2024-07-16,454.220001,454.299988,446.660004,449.519989,17175700,https://finance.yahoo.com/quote/MSFT/history
2024-07-17,442.589996,444.850006,439.179993,443.519989,21778000,https://finance.yahoo.com/quote/MSFT/history
2024-07-18,444.339996,444.649994,434.399994,440.369995,20794800,https://finance.yahoo.com/quote/MSFT/history
2024-07-19,433.100006,441.140015,432.000000,437.109985,20940400,https://finance.yahoo.com/quote/MSFT/history
2024-07-22,441.790009,444.600006,438.910004,442.940002,15808800,https://finance.yahoo.com/quote/MSFT/history
2024-07-23,443.899994,448.390015,443.100006,444.850006,13107100,https://finance.yahoo.com/quote/MSFT/history
2024-07-24,440.450012,441.480011,427.589996,428.899994,26805800,https://finance.yahoo.com/quote/MSFT/history
2024-07-25,428.799988,429.799988,417.510010,418.399994,29943800,https://finance.yahoo.com/quote/MSFT/history
2024-07-26,418.200012,428.920013,417.269989,425.269989,23583800,https://finance.yahoo.com/quote/MSFT/history
2024-07-29,431.579987,432.149994,424.700012,426.730011,15125800,https://finance.yahoo.com/quote/MSFT/history
2024-07-30,427.720001,429.049988,417.359985,422.920013,32687600,https://finance.yahoo.com/quote/MSFT/history
2024-07-31,420.500000,421.779999,412.209991,418.350006,42891400,https://finance.yahoo.com/quote/MSFT/history
2024-08-01,420.790009,427.459991,413.089996,417.109985,30296400,https://finance.yahoo.com/quote/MSFT/history
2024-08-02,412.489990,415.000000,404.339996,408.489990,29437900,https://finance.yahoo.com/quote/MSFT/history
2024-08-05,389.170013,401.040009,385.579987,395.149994,40709200,https://finance.yahoo.com/quote/MSFT/history
2024-08-06,400.000000,405.670013,398.500000,399.609985,24946500,https://finance.yahoo.com/quote/MSFT/history
2024-08-07,408.640015,410.079987,397.470001,398.429993,20650900,https://finance.yahoo.com/quote/MSFT/history
2024-08-08,402.440002,405.859985,399.940002,402.690002,20203000,https://finance.yahoo.com/quote/MSFT/history
2024-08-09,404.029999,408.049988,402.260010,406.019989,19276700,https://finance.yahoo.com/quote/MSFT/history
2024-08-12,407.059998,408.760010,404.239990,406.809998,16762900,https://finance.yahoo.com/quote/MSFT/history
2024-08-13,409.589996,414.950012,409.570007,414.010010,19414300,https://finance.yahoo.com/quote/MSFT/history
2024-08-14,414.799988,417.720001,412.450012,416.859985,18267000,https://finance.yahoo.com/quote/MSFT/history
2024-08-15,419.799988,421.109985,417.660004,421.029999,20752100,https://finance.yahoo.com/quote/MSFT/history
2024-08-16,420.600006,421.339996,417.299988,418.470001,22775600,https://finance.yahoo.com/quote/MSFT/history
2024-08-19,418.959991,421.750000,416.459991,421.529999,15234000,https://finance.yahoo.com/quote/MSFT/history
2024-08-20,421.700012,425.859985,421.640015,424.799988,16387600,https://finance.yahoo.com/quote/MSFT/history
2024-08-21,424.079987,426.399994,421.720001,424.140015,16067300,https://finance.yahoo.com/quote/MSFT/history
2024-08-22,424.359985,426.790009,414.609985,415.549988,19361900,https://finance.yahoo.com/quote/MSFT/history
2024-08-23,416.980011,419.260010,412.089996,416.790009,18493800,https://finance.yahoo.com/quote/MSFT/history
2024-08-26,416.369995,417.279999,411.339996,413.489990,13152800,https://finance.yahoo.com/quote/MSFT/history
2024-08-27,412.859985,414.359985,410.250000,413.839996,13492900,https://finance.yahoo.com/quote/MSFT/history
2024-08-28,414.880005,415.000000,407.309998,410.600006,14882700,https://finance.yahoo.com/quote/MSFT/history
2024-08-29,414.940002,422.049988,410.600006,413.119995,17045200,https://finance.yahoo.com/quote/MSFT/history
2024-08-30,415.600006,417.489990,412.130005,417.140015,24308300,https://finance.yahoo.com/quote/MSFT/history
2024-09-03,417.910004,419.880005,407.029999,409.440002,20313600,https://finance.yahoo.com/quote/MSFT/history
2024-09-04,405.910004,411.239990,404.369995,408.899994,15135800,https://finance.yahoo.com/quote/MSFT/history
2024-09-05,407.619995,413.100006,406.130005,408.390015,14195500,https://finance.yahoo.com/quote/MSFT/history
2024-09-06,409.059998,410.649994,400.799988,401.700012,19609500,https://finance.yahoo.com/quote/MSFT/history
2024-09-09,407.239990,408.649994,402.149994,405.720001,15295100,https://finance.yahoo.com/quote/MSFT/history
2024-09-10,408.200012,416.329987,407.700012,414.200012,19594300,https://finance.yahoo.com/quote/MSFT/history
2024-09-11,415.500000,423.989990,409.579987,423.040009,19266900,https://finance.yahoo.com/quote/MSFT/history
2024-09-12,423.309998,427.369995,419.750000,427.000000,17395700,https://finance.yahoo.com/quote/MSFT/history
2024-09-13,425.829987,431.829987,425.459991,430.589996,15874600,https://finance.yahoo.com/quote/MSFT/history
2024-09-16,430.600006,433.529999,428.220001,431.339996,13834700,https://finance.yahoo.com/quote/MSFT/history
2024-09-17,440.230011,441.850006,432.269989,435.149994,18874200,https://finance.yahoo.com/quote/MSFT/history
2024-09-18,435.000000,436.029999,430.410004,430.809998,18898000,https://finance.yahoo.com/quote/MSFT/history
2024-09-19,441.230011,441.500000,436.899994,438.690002,21706600,https://finance.yahoo.com/quote/MSFT/history
2024-09-20,437.220001,439.239990,434.220001,435.269989,55167100,https://finance.yahoo.com/quote/MSFT/history
2024-09-23,434.279999,436.459991,430.390015,433.510010,15128900,https://finance.yahoo.com/quote/MSFT/history
2024-09-24,433.000000,433.350006,426.100006,429.170013,17015800,https://finance.yahoo.com/quote/MSFT/history
2024-09-25,429.829987,433.119995,428.570007,432.109985,13396400,https://finance.yahoo.com/quote/MSFT/history
2024-09-26,435.089996,435.299988,429.130005,431.309998,14492000,https://finance.yahoo.com/quote/MSFT/history
2024-09-27,431.519989,431.850006,427.470001,428.019989,14896100,https://finance.yahoo.com/quote/MSFT/history
2024-09-30,428.209991,430.420013,425.369995,430.299988,16807300,https://finance.yahoo.com/quote/MSFT/history
2024-10-01,428.450012,428.480011,418.809998,420.690002,19092900,https://finance.yahoo.com/quote/MSFT/history
2024-10-02,422.579987,422.820007,416.709991,417.130005,16582300,https://finance.yahoo.com/quote/MSFT/history
2024-10-03,417.630005,419.549988,414.290009,416.540009,13686400,https://finance.yahoo.com/quote/MSFT/history
2024-10-04,418.239990,419.750000,414.970001,416.059998,19169700,https://finance.yahoo.com/quote/MSFT/history
2024-10-07,416.000000,417.109985,409.000000,409.540009,20919800,https://finance.yahoo.com/quote/MSFT/history
2024-10-08,410.899994,415.660004,408.170013,414.709991,19229300,https://finance.yahoo.com/quote/MSFT/history
2024-10-09,415.859985,420.380005,414.299988,417.459991,14974300,https://finance.yahoo.com/quote/MSFT/history
2024-10-10,415.230011,417.350006,413.149994,415.839996,13848400,https://finance.yahoo.com/quote/MSFT/history
2024-10-11,416.140015,417.130005,413.250000,416.320007,14144900,https://finance.yahoo.com/quote/MSFT/history
2024-10-14,417.769989,424.040009,417.519989,419.140015,16653100,https://finance.yahoo.com/quote/MSFT/history
2024-10-15,422.179993,422.480011,415.260010,418.739990,18900200,https://finance.yahoo.com/quote/MSFT/history
2024-10-16,415.170013,416.359985,410.480011,416.119995,15508900,https://finance.yahoo.com/quote/MSFT/history
2024-10-17,422.359985,422.500000,415.589996,416.720001,14820000,https://finance.yahoo.com/quote/MSFT/history
2024-10-18,417.140015,419.649994,416.260010,418.160004,17145300,https://finance.yahoo.com/quote/MSFT/history
2024-10-21,416.119995,418.959991,413.750000,418.779999,14206100,https://finance.yahoo.com/quote/MSFT/history
2024-10-22,418.489990,430.579987,418.040009,427.510010,25482200,https://finance.yahoo.com/quote/MSFT/history
2024-10-23,430.859985,431.079987,422.529999,424.600006,19654400,https://finance.yahoo.com/quote/MSFT/history
2024-10-24,425.329987,425.980011,422.399994,424.730011,13581600,https://finance.yahoo.com/quote/MSFT/history
2024-10-25,426.760010,432.519989,426.570007,428.149994,16899100,https://finance.yahoo.com/quote/MSFT/history
2024-10-28,431.660004,431.940002,426.299988,426.589996,14882400,https://finance.yahoo.com/quote/MSFT/history
2024-10-29,428.000000,433.170013,425.799988,431.950012,17644100,https://finance.yahoo.com/quote/MSFT/history
2024-10-30,437.440002,438.500000,432.100006,432.529999,29749100,https://finance.yahoo.com/quote/MSFT/history
2024-10-31,415.359985,416.160004,406.299988,406.350006,53971000,https://finance.yahoo.com/quote/MSFT/history
2024-11-01,409.010010,415.500000,407.500000,410.369995,24230400,https://finance.yahoo.com/quote/MSFT/history
2024-11-04,409.799988,410.420013,405.570007,408.459991,19672300,https://finance.yahoo.com/quote/MSFT/history
2024-11-05,408.369995,414.899994,408.079987,411.459991,17626000,https://finance.yahoo.com/quote/MSFT/history
2024-11-06,412.420013,420.450012,410.519989,420.179993,26681800,https://finance.yahoo.com/quote/MSFT/history
2024-11-07,421.279999,426.850006,419.880005,425.429993,19901800,https://finance.yahoo.com/quote/MSFT/history
2024-11-08,425.320007,426.500000,421.779999,422.540009,16891400,https://finance.yahoo.com/quote/MSFT/history
2024-11-11,422.519989,424.809998,416.000000,418.010010,24503300,https://finance.yahoo.com/quote/MSFT/history
2024-11-12,418.250000,424.440002,417.200012,423.029999,19401200,https://finance.yahoo.com/quote/MSFT/history
2024-11-13,421.640015,429.329987,418.209991,425.200012,21502200,https://finance.yahoo.com/quote/MSFT/history
2024-11-14,425.000000,428.170013,420.000000,426.890015,30246900,https://finance.yahoo.com/quote/MSFT/history
2024-11-15,419.820007,422.799988,413.640015,415.000000,28247600,https://finance.yahoo.com/quote/MSFT/history
2024-11-18,414.869995,418.399994,412.100006,415.760010,24727000,https://finance.yahoo.com/quote/MSFT/history
2024-11-19,413.109985,417.940002,411.549988,417.790009,18133500,https://finance.yahoo.com/quote/MSFT/history
2024-11-20,416.869995,417.290009,410.579987,415.489990,19191700,https://finance.yahoo.com/quote/MSFT/history
2024-11-21,419.500000,419.779999,410.290009,412.869995,20780200,https://finance.yahoo.com/quote/MSFT/history
2024-11-22,411.369995,417.399994,411.059998,417.000000,24814600,https://finance.yahoo.com/quote/MSFT/history
2024-11-25,418.380005,421.079987,414.850006,418.790009,27691100,https://finance.yahoo.com/quote/MSFT/history
2024-11-26,419.589996,429.040009,418.850006,427.989990,23458900,https://finance.yahoo.com/quote/MSFT/history
2024-11-27,425.109985,427.230011,422.019989,422.989990,18332400,https://finance.yahoo.com/quote/MSFT/history
2024-11-29,420.089996,424.880005,417.799988,423.459991,16271900,https://finance.yahoo.com/quote/MSFT/history
2024-12-02,421.570007,433.000000,421.309998,430.980011,20207200,https://finance.yahoo.com/quote/MSFT/history
2024-12-03,429.839996,432.470001,427.739990,431.200012,18302000,https://finance.yahoo.com/quote/MSFT/history
2024-12-04,433.029999,439.670013,432.630005,437.420013,26009400,https://finance.yahoo.com/quote/MSFT/history
2024-12-05,437.920013,444.660004,436.170013,442.619995,21697800,https://finance.yahoo.com/quote/MSFT/history
2024-12-06,442.299988,446.100006,441.769989,443.570007,18821000,https://finance.yahoo.com/quote/MSFT/history
2024-12-09,442.600006,448.329987,440.500000,446.019989,19144400,https://finance.yahoo.com/quote/MSFT/history
2024-12-10,444.390015,449.619995,441.600006,443.329987,18469500,https://finance.yahoo.com/quote/MSFT/history
2024-12-11,444.049988,450.350006,444.049988,448.989990,19200200,https://finance.yahoo.com/quote/MSFT/history
2024-12-12,449.109985,456.160004,449.109985,449.559998,20834800,https://finance.yahoo.com/quote/MSFT/history
2024-12-13,448.440002,451.429993,445.579987,447.269989,20177800,https://finance.yahoo.com/quote/MSFT/history
2024-12-16,447.269989,452.179993,445.279999,451.589996,23598800,https://finance.yahoo.com/quote/MSFT/history
2024-12-17,451.010010,455.290009,449.570007,454.459991,22733500,https://finance.yahoo.com/quote/MSFT/history
2024-12-18,451.320007,452.649994,437.019989,437.390015,24444500,https://finance.yahoo.com/quote/MSFT/history
2024-12-19,441.619995,443.179993,436.320007,437.029999,22963700,https://finance.yahoo.com/quote/MSFT/history
2024-12-20,433.109985,443.739990,428.630005,436.600006,64263700,https://finance.yahoo.com/quote/MSFT/history
2024-12-23,436.739990,437.649994,432.829987,435.250000,19152500,https://finance.yahoo.com/quote/MSFT/history
2024-12-24,434.649994,439.600006,434.190002,439.329987,7164500,https://finance.yahoo.com/quote/MSFT/history
2024-12-26,439.079987,440.940002,436.630005,438.109985,8194200,https://finance.yahoo.com/quote/MSFT/history
2024-12-27,434.600006,435.220001,426.350006,430.529999,18117700,https://finance.yahoo.com/quote/MSFT/history
2024-12-30,426.059998,427.549988,421.899994,424.829987,13158700,https://finance.yahoo.com/quote/MSFT/history
2024-12-31,426.100006,426.730011,420.660004,421.500000,13246500,https://finance.yahoo.com/quote/MSFT/history
2025-01-02,425.529999,426.070007,414.850006,418.579987,16896500,https://finance.yahoo.com/quote/MSFT/history
2025-01-03,421.079987,424.029999,419.540009,423.350006,16662900,https://finance.yahoo.com/quote/MSFT/history
2025-01-06,428.000000,434.320007,425.480011,427.850006,20573600,https://finance.yahoo.com/quote/MSFT/history
2025-01-07,429.000000,430.649994,420.799988,422.369995,18139100,https://finance.yahoo.com/quote/MSFT/history
2025-01-08,423.459991,426.970001,421.540009,424.559998,15054600,https://finance.yahoo.com/quote/MSFT/history
2025-01-10,424.630005,424.709991,415.019989,418.950012,20201100,https://finance.yahoo.com/quote/MSFT/history
2025-01-13,415.239990,418.500000,412.290009,417.190002,17604800,https://finance.yahoo.com/quote/MSFT/history
2025-01-14,417.809998,419.739990,410.720001,415.670013,16935900,https://finance.yahoo.com/quote/MSFT/history
2025-01-15,419.130005,428.149994,418.269989,426.309998,19637800,https://finance.yahoo.com/quote/MSFT/history
2025-01-16,428.700012,429.489990,424.390015,424.579987,15300000,https://finance.yahoo.com/quote/MSFT/history
2025-01-17,434.089996,434.480011,428.170013,429.029999,26197500,https://finance.yahoo.com/quote/MSFT/history
2025-01-21,430.200012,430.899994,425.600006,428.500000,26085700,https://finance.yahoo.com/quote/MSFT/history
2025-01-22,437.559998,447.269989,436.000000,446.200012,27803800,https://finance.yahoo.com/quote/MSFT/history
2025-01-23,442.000000,446.750000,441.500000,446.709991,18389300,https://finance.yahoo.com/quote/MSFT/history
2025-01-24,445.160004,446.649994,441.399994,444.059998,15549500,https://finance.yahoo.com/quote/MSFT/history
2025-01-27,424.010010,435.200012,423.500000,434.559998,35647800,https://finance.yahoo.com/quote/MSFT/history
2025-01-28,434.600006,448.380005,431.380005,447.200012,23491700,https://finance.yahoo.com/quote/MSFT/history
2025-01-29,446.690002,446.880005,440.399994,442.329987,23581400,https://finance.yahoo.com/quote/MSFT/history
2025-01-30,418.769989,422.859985,413.160004,414.989990,54586300,https://finance.yahoo.com/quote/MSFT/history
2025-01-31,418.980011,420.690002,414.910004,415.059998,34161900,https://finance.yahoo.com/quote/MSFT/history
2025-02-03,411.600006,415.410004,408.660004,410.920013,25679100,https://finance.yahoo.com/quote/MSFT/history
2025-02-04,412.690002,413.920013,409.739990,412.369995,20532100,https://finance.yahoo.com/quote/MSFT/history
2025-02-05,412.350006,413.829987,410.399994,413.290009,16316700,https://finance.yahoo.com/quote/MSFT/history
2025-02-06,414.000000,418.200012,414.000000,415.820007,16309800,https://finance.yahoo.com/quote/MSFT/history
2025-02-07,416.480011,418.649994,408.100006,409.750000,22886800,https://finance.yahoo.com/quote/MSFT/history
2025-02-10,413.709991,415.459991,410.920013,412.220001,20817900,https://finance.yahoo.com/quote/MSFT/history
2025-02-11,409.640015,412.489990,409.299988,411.440002,18140600,https://finance.yahoo.com/quote/MSFT/history
2025-02-12,407.209991,410.750000,404.369995,409.040009,19121700,https://finance.yahoo.com/quote/MSFT/history
2025-02-13,407.000000,411.000000,406.359985,410.540009,23891700,https://finance.yahoo.com/quote/MSFT/history
2025-02-14,407.790009,408.910004,405.880005,408.429993,22758500,https://finance.yahoo.com/quote/MSFT/history
2025-02-18,408.000000,410.600006,406.500000,409.640015,21423100,https://finance.yahoo.com/quote/MSFT/history
2025-02-19,407.880005,415.489990,407.649994,414.769989,24114200,https://finance.yahoo.com/quote/MSFT/history
2025-02-20,415.290009,419.309998,412.540009,416.130005,23508700,https://finance.yahoo.com/quote/MSFT/history
2025-02-21,417.339996,418.049988,407.890015,408.209991,27524800,https://finance.yahoo.com/quote/MSFT/history
2025-02-24,408.510010,409.369995,399.320007,404.000000,26443700,https://finance.yahoo.com/quote/MSFT/history
2025-02-25,401.100006,401.920013,396.700012,397.899994,29387400,https://finance.yahoo.com/quote/MSFT/history
2025-02-26,398.010010,403.600006,394.250000,399.730011,19619000,https://finance.yahoo.com/quote/MSFT/history
2025-02-27,401.269989,405.739990,392.170013,392.529999,21127400,https://finance.yahoo.com/quote/MSFT/history
2025-02-28,392.660004,397.630005,386.570007,396.989990,32845700,https://finance.yahoo.com/quote/MSFT/history
2025-03-03,398.820007,398.820007,386.160004,388.489990,23007700,https://finance.yahoo.com/quote/MSFT/history
2025-03-04,383.399994,392.579987,381.000000,388.609985,29342900,https://finance.yahoo.com/quote/MSFT/history
2025-03-05,389.339996,401.670013,388.809998,401.019989,23433100,https://finance.yahoo.com/quote/MSFT/history
2025-03-06,394.279999,402.149994,392.679993,396.890015,23304600,https://finance.yahoo.com/quote/MSFT/history
2025-03-07,392.320007,394.799988,385.540009,393.309998,22034100,https://finance.yahoo.com/quote/MSFT/history
2025-03-10,385.839996,386.399994,377.220001,380.160004,32840100,https://finance.yahoo.com/quote/MSFT/history
2025-03-11,379.000000,386.000000,376.910004,380.450012,30380200,https://finance.yahoo.com/quote/MSFT/history
2025-03-12,382.950012,385.220001,378.950012,383.269989,24253600,https://finance.yahoo.com/quote/MSFT/history
2025-03-13,383.160004,385.320007,377.450012,378.769989,20473000,https://finance.yahoo.com/quote/MSFT/history
2025-03-14,379.779999,390.230011,379.510010,388.559998,19952800,https://finance.yahoo.com/quote/MSFT/history
2025-03-17,386.700012,392.709991,385.570007,388.700012,22474300,https://finance.yahoo.com/quote/MSFT/history
2025-03-18,387.070007,387.369995,381.100006,383.519989,19486900,https://finance.yahoo.com/quote/MSFT/history
2025-03-19,385.529999,389.679993,384.000000,387.820007,19185500,https://finance.yahoo.com/quote/MSFT/history
2025-03-20,385.739990,391.790009,383.279999,386.839996,18470500,https://finance.yahoo.com/quote/MSFT/history
2025-03-21,383.220001,391.739990,382.799988,391.260010,39675900,https://finance.yahoo.com/quote/MSFT/history
2025-03-24,395.399994,395.399994,389.809998,393.079987,21004500,https://finance.yahoo.com/quote/MSFT/history
2025-03-25,393.920013,396.359985,392.640015,395.160004,15775000,https://finance.yahoo.com/quote/MSFT/history
2025-03-26,395.000000,395.309998,388.570007,389.970001,16108400,https://finance.yahoo.com/quote/MSFT/history
2025-03-27,390.130005,392.239990,387.399994,390.579987,13766800,https://finance.yahoo.com/quote/MSFT/history
2025-03-28,388.079987,389.130005,376.929993,378.799988,21632000,https://finance.yahoo.com/quote/MSFT/history
2025-03-31,372.540009,377.070007,367.239990,375.390015,35184700,https://finance.yahoo.com/quote/MSFT/history
2025-04-01,374.649994,382.850006,373.230011,382.190002,19689500,https://finance.yahoo.com/quote/MSFT/history
2025-04-02,377.970001,385.079987,376.619995,382.140015,16092600,https://finance.yahoo.com/quote/MSFT/history
2025-04-03,374.790009,377.480011,369.350006,373.109985,30198000,https://finance.yahoo.com/quote/MSFT/history
2025-04-04,364.130005,374.589996,359.480011,359.839996,49209900,https://finance.yahoo.com/quote/MSFT/history
2025-04-07,350.880005,371.000000,344.790009,357.859985,50425000,https://finance.yahoo.com/quote/MSFT/history
2025-04-08,368.260010,373.649994,350.250000,354.559998,35868900,https://finance.yahoo.com/quote/MSFT/history
2025-04-09,353.540009,393.230011,353.100006,390.489990,50199700,https://finance.yahoo.com/quote/MSFT/history
2025-04-10,382.059998,383.899994,367.799988,381.350006,38024400,https://finance.yahoo.com/quote/MSFT/history
2025-04-11,380.640015,390.049988,378.890015,388.450012,23839200,https://finance.yahoo.com/quote/MSFT/history
2025-04-14,393.220001,394.649994,384.209991,387.809998,19251200,https://finance.yahoo.com/quote/MSFT/history
2025-04-15,388.510010,391.890015,384.160004,385.730011,17199900,https://finance.yahoo.com/quote/MSFT/history
2025-04-16,380.670013,381.609985,368.000000,371.609985,21967800,https://finance.yahoo.com/quote/MSFT/history
2025-04-17,373.750000,374.320007,366.890015,367.779999,21120200,https://finance.yahoo.com/quote/MSFT/history
2025-04-21,362.820007,364.480011,355.670013,359.119995,20807300,https://finance.yahoo.com/quote/MSFT/history
2025-04-22,363.380005,367.769989,359.859985,366.820007,19485000,https://finance.yahoo.com/quote/MSFT/history
2025-04-23,376.059998,380.390015,373.019989,374.390015,20545500,https://finance.yahoo.com/quote/MSFT/history
2025-04-24,375.700012,388.450012,375.190002,387.299988,22232300,https://finance.yahoo.com/quote/MSFT/history
2025-04-25,387.000000,392.160004,384.600006,391.850006,18973200,https://finance.yahoo.com/quote/MSFT/history
2025-04-28,391.959991,392.739990,386.640015,391.160004,16579400,https://finance.yahoo.com/quote/MSFT/history
2025-04-29,391.299988,395.100006,390.380005,394.040009,14974000,https://finance.yahoo.com/quote/MSFT/history
2025-04-30,390.299988,396.660004,384.440002,395.260010,36461100,https://finance.yahoo.com/quote/MSFT/history
2025-05-01,431.109985,436.989990,424.899994,425.399994,58938100,https://finance.yahoo.com/quote/MSFT/history
2025-05-02,431.739990,439.440002,429.989990,435.279999,30757400,https://finance.yahoo.com/quote/MSFT/history
2025-05-05,432.869995,439.500000,432.109985,436.170013,20136100,https://finance.yahoo.com/quote/MSFT/history
2025-05-06,432.200012,437.730011,431.170013,433.309998,15104200,https://finance.yahoo.com/quote/MSFT/history
2025-05-07,433.839996,438.119995,431.109985,433.350006,23295300,https://finance.yahoo.com/quote/MSFT/history
2025-05-08,437.929993,443.670013,435.660004,438.170013,23491300,https://finance.yahoo.com/quote/MSFT/history
2025-05-09,440.000000,440.739990,435.880005,438.730011,15324200,https://finance.yahoo.com/quote/MSFT/history
2025-05-12,445.940002,449.369995,439.779999,449.260010,22821900,https://finance.yahoo.com/quote/MSFT/history
2025-05-13,447.779999,450.670013,445.359985,449.140015,23618800,https://finance.yahoo.com/quote/MSFT/history
2025-05-14,448.140015,453.899994,448.140015,452.940002,19902800,https://finance.yahoo.com/quote/MSFT/history
2025-05-15,450.769989,456.190002,450.429993,453.130005,21992300,https://finance.yahoo.com/quote/MSFT/history
2025-05-16,452.049988,454.359985,448.730011,454.269989,23849800,https://finance.yahoo.com/quote/MSFT/history
2025-05-19,450.880005,459.589996,450.799988,458.869995,21336500,https://finance.yahoo.com/quote/MSFT/history
2025-05-20,455.589996,458.339996,454.320007,458.170013,15441800,https://finance.yahoo.com/quote/MSFT/history
2025-05-21,454.570007,457.779999,451.809998,452.570007,19216900,https://finance.yahoo.com/quote/MSFT/history
2025-05-22,454.950012,460.250000,453.899994,454.859985,18025600,https://finance.yahoo.com/quote/MSFT/history
2025-05-23,449.980011,453.690002,448.910004,450.179993,16883500,https://finance.yahoo.com/quote/MSFT/history
2025-05-27,456.480011,460.950012,456.119995,460.690002,20974300,https://finance.yahoo.com/quote/MSFT/history
2025-05-28,461.220001,462.519989,456.929993,457.359985,17086300,https://finance.yahoo.com/quote/MSFT/history
2025-05-29,461.549988,461.720001,455.309998,458.679993,13974800,https://finance.yahoo.com/quote/MSFT/history
2025-05-30,459.720001,461.679993,455.540009,460.359985,34770500,https://finance.yahoo.com/quote/MSFT/history
2025-06-02,457.140015,462.109985,456.890015,461.970001,16626500,https://finance.yahoo.com/quote/MSFT/history
2025-06-03,461.470001,464.140015,460.859985,462.970001,15743800,https://finance.yahoo.com/quote/MSFT/history
2025-06-04,464.000000,465.690002,463.019989,463.869995,14162700,https://finance.yahoo.com/quote/MSFT/history
2025-06-05,464.959991,469.649994,464.029999,467.679993,20131700,https://finance.yahoo.com/quote/MSFT/history
2025-06-06,470.089996,473.339996,468.779999,470.380005,15285600,https://finance.yahoo.com/quote/MSFT/history
2025-06-09,469.700012,473.429993,468.619995,472.750000,16469900,https://finance.yahoo.com/quote/MSFT/history
2025-06-10,471.190002,472.799988,466.959991,470.920013,15375900,https://finance.yahoo.com/quote/MSFT/history
2025-06-11,470.019989,475.470001,469.660004,472.619995,16399200,https://finance.yahoo.com/quote/MSFT/history
2025-06-12,475.019989,480.420013,473.519989,478.869995,18950600,https://finance.yahoo.com/quote/MSFT/history
2025-06-13,476.410004,479.179993,472.760010,474.959991,16814500,https://finance.yahoo.com/quote/MSFT/history
2025-06-16,475.209991,480.690002,475.000000,479.140015,15626100,https://finance.yahoo.com/quote/MSFT/history
2025-06-17,475.399994,478.739990,474.079987,478.040009,15414100,https://finance.yahoo.com/quote/MSFT/history
2025-06-18,478.000000,481.000000,474.459991,480.239990,17526500,https://finance.yahoo.com/quote/MSFT/history
2025-06-20,482.230011,483.459991,476.869995,477.399994,37576200,https://finance.yahoo.com/quote/MSFT/history
2025-06-23,478.209991,487.750000,472.510010,486.000000,24864000,https://finance.yahoo.com/quote/MSFT/history
2025-06-24,488.950012,491.850006,486.799988,490.109985,22305600,https://finance.yahoo.com/quote/MSFT/history
2025-06-25,492.040009,494.559998,489.390015,492.269989,17495100,https://finance.yahoo.com/quote/MSFT/history
2025-06-26,492.980011,498.040009,492.809998,497.450012,21578900,https://finance.yahoo.com/quote/MSFT/history
2025-06-27,497.549988,499.299988,493.029999,495.940002,34539200,https://finance.yahoo.com/quote/MSFT/history
2025-06-30,497.040009,500.760010,495.329987,497.410004,28369000,https://finance.yahoo.com/quote/MSFT/history
2025-07-01,496.470001,498.049988,490.980011,492.049988,19945400,https://finance.yahoo.com/quote/MSFT/history
2025-07-02,489.989990,493.500000,488.700012,491.089996,16319600,https://finance.yahoo.com/quote/MSFT/history
2025-07-03,493.809998,500.130005,493.440002,498.839996,13984800,https://finance.yahoo.com/quote/MSFT/history
2025-07-07,497.380005,498.750000,495.230011,497.720001,13981600,https://finance.yahoo.com/quote/MSFT/history
2025-07-08,497.239990,498.200012,494.109985,496.619995,11846600,https://finance.yahoo.com/quote/MSFT/history
2025-07-09,500.299988,506.779999,499.739990,503.510010,18659500,https://finance.yahoo.com/quote/MSFT/history
2025-07-10,503.049988,504.440002,497.750000,501.480011,16492100,https://finance.yahoo.com/quote/MSFT/history
2025-07-11,498.470001,505.029999,497.799988,503.320007,16459500,https://finance.yahoo.com/quote/MSFT/history
2025-07-14,501.519989,503.970001,501.029999,503.019989,12058800,https://finance.yahoo.com/quote/MSFT/history
2025-07-15,503.019989,508.299988,502.790009,505.820007,14927200,https://finance.yahoo.com/quote/MSFT/history
2025-07-16,505.179993,506.720001,501.890015,505.619995,15154400,https://finance.yahoo.com/quote/MSFT/history
2025-07-17,505.679993,513.369995,505.619995,511.700012,17503100,https://finance.yahoo.com/quote/MSFT/history
2025-07-18,514.479980,514.640015,507.429993,510.049988,21209700,https://finance.yahoo.com/quote/MSFT/history
2025-07-21,506.709991,512.090027,505.549988,510.059998,14066800,https://finance.yahoo.com/quote/MSFT/history
2025-07-22,510.970001,511.200012,505.269989,505.269989,13868600,https://finance.yahoo.com/quote/MSFT/history
2025-07-23,506.750000,506.790009,500.700012,505.869995,16396600,https://finance.yahoo.com/quote/MSFT/history
2025-07-24,508.769989,513.669983,507.299988,510.880005,16107000,https://finance.yahoo.com/quote/MSFT/history
2025-07-25,512.469971,518.289978,510.359985,513.710022,19125700,https://finance.yahoo.com/quote/MSFT/history
2025-07-28,514.080017,515.000000,510.119995,512.500000,14308000,https://finance.yahoo.com/quote/MSFT/history
2025-07-29,515.530029,517.619995,511.559998,512.570007,16469200,https://finance.yahoo.com/quote/MSFT/history
2025-07-30,515.169983,515.950012,509.440002,513.239990,26380400,https://finance.yahoo.com/quote/MSFT/history
2025-07-31,555.229980,555.450012,531.900024,533.500000,51617300,https://finance.yahoo.com/quote/MSFT/history
2025-08-01,535.000000,535.799988,520.859985,524.109985,28977600,https://finance.yahoo.com/quote/MSFT/history
2025-08-04,528.270020,538.250000,528.130005,535.640015,25349000,https://finance.yahoo.com/quote/MSFT/history
2025-08-05,537.179993,537.299988,527.239990,527.750000,19171600,https://finance.yahoo.com/quote/MSFT/history
2025-08-06,530.900024,531.700012,524.030029,524.940002,21355700,https://finance.yahoo.com/quote/MSFT/history
2025-08-07,526.799988,528.090027,517.549988,520.840027,16079100,https://finance.yahoo.com/quote/MSFT/history
2025-08-08,522.599976,524.659973,519.409973,522.039978,15531000,https://finance.yahoo.com/quote/MSFT/history
2025-08-11,522.299988,527.590027,519.719971,521.770020,20194400,https://finance.yahoo.com/quote/MSFT/history
2025-08-12,523.750000,530.979980,522.700012,529.239990,18667000,https://finance.yahoo.com/quote/MSFT/history
2025-08-13,532.109985,532.700012,519.369995,520.580017,19619200,https://finance.yahoo.com/quote/MSFT/history
2025-08-14,522.559998,525.950012,520.140015,522.479980,20269100,https://finance.yahoo.com/quote/MSFT/history
2025-08-15,522.770020,526.099976,519.080017,520.169983,25213300,https://finance.yahoo.com/quote/MSFT/history
2025-08-18,521.590027,522.820007,514.020020,517.099976,23760600,https://finance.yahoo.com/quote/MSFT/history
2025-08-19,515.000000,515.159973,508.549988,509.769989,21481000,https://finance.yahoo.com/quote/MSFT/history
2025-08-20,509.869995,511.000000,504.440002,505.720001,27723000,https://finance.yahoo.com/quote/MSFT/history
2025-08-21,503.690002,507.630005,502.720001,504.239990,18443300,https://finance.yahoo.com/quote/MSFT/history
2025-08-22,504.250000,510.730011,502.410004,507.230011,24324200,https://finance.yahoo.com/quote/MSFT/history
2025-08-25,506.630005,508.190002,504.119995,504.260010,21638600,https://finance.yahoo.com/quote/MSFT/history
2025-08-26,504.359985,504.980011,498.510010,502.040009,30835700,https://finance.yahoo.com/quote/MSFT/history
2025-08-27,502.000000,507.290009,499.899994,506.739990,17277900,https://finance.yahoo.com/quote/MSFT/history
2025-08-28,507.089996,511.089996,505.500000,509.640015,18015600,https://finance.yahoo.com/quote/MSFT/history
2025-08-29,508.660004,509.600006,504.489990,506.690002,20961600,https://finance.yahoo.com/quote/MSFT/history
2025-09-02,500.470001,506.000000,496.809998,505.119995,18128000,https://finance.yahoo.com/quote/MSFT/history
2025-09-03,503.790009,507.790009,502.320007,505.350006,16345100,https://finance.yahoo.com/quote/MSFT/history
2025-09-04,504.299988,508.149994,503.149994,507.970001,15509500,https://finance.yahoo.com/quote/MSFT/history
2025-09-05,509.070007,511.970001,492.369995,495.000000,31994800,https://finance.yahoo.com/quote/MSFT/history
2025-09-08,498.109985,501.200012,495.029999,498.200012,16771000,https://finance.yahoo.com/quote/MSFT/history
2025-09-09,501.429993,502.250000,497.700012,498.410004,14410500,https://finance.yahoo.com/quote/MSFT/history
2025-09-10,502.980011,503.230011,496.720001,500.369995,21611800,https://finance.yahoo.com/quote/MSFT/history
2025-09-11,502.250000,503.170013,497.880005,501.010010,18881600,https://finance.yahoo.com/quote/MSFT/history
2025-09-12,506.649994,512.549988,503.850006,509.899994,23624900,https://finance.yahoo.com/quote/MSFT/history
2025-09-15,508.790009,515.469971,507.000000,515.359985,17143800,https://finance.yahoo.com/quote/MSFT/history
2025-09-16,516.880005,517.229980,508.600006,509.040009,19711900,https://finance.yahoo.com/quote/MSFT/history
2025-09-17,510.619995,511.290009,505.929993,510.019989,15816600,https://finance.yahoo.com/quote/MSFT/history
2025-09-18,511.489990,513.070007,507.660004,508.450012,18913700,https://finance.yahoo.com/quote/MSFT/history
2025-09-19,510.559998,519.299988,510.309998,517.929993,52474100,https://finance.yahoo.com/quote/MSFT/history
2025-09-22,515.590027,517.739990,512.539978,514.450012,20009300,https://finance.yahoo.com/quote/MSFT/history
2025-09-23,513.799988,514.590027,507.309998,509.230011,19799600,https://finance.yahoo.com/quote/MSFT/history
2025-09-24,510.380005,512.479980,506.920013,510.149994,13533700,https://finance.yahoo.com/quote/MSFT/history
2025-09-25,508.299988,510.010010,505.040009,507.029999,15786500,https://finance.yahoo.com/quote/MSFT/history
2025-09-26,510.059998,513.940002,506.619995,511.459991,16213100,https://finance.yahoo.com/quote/MSFT/history
2025-09-29,511.500000,516.849976,508.880005,514.599976,17617800,https://finance.yahoo.com/quote/MSFT/history
2025-09-30,513.239990,518.159973,509.660004,517.950012,19728200,https://finance.yahoo.com/quote/MSFT/history
2025-10-01,514.799988,520.510010,511.690002,519.710022,22632300,https://finance.yahoo.com/quote/MSFT/history
2025-10-02,517.640015,521.599976,510.679993,515.739990,21222900,https://finance.yahoo.com/quote/MSFT/history
2025-10-03,517.099976,520.489990,515.000000,517.349976,15112300,https://finance.yahoo.com/quote/MSFT/history
2025-10-06,518.609985,531.030029,518.200012,528.570007,21388600,https://finance.yahoo.com/quote/MSFT/history
2025-10-07,528.289978,529.799988,521.440002,523.979980,14615200,https://finance.yahoo.com/quote/MSFT/history
2025-10-08,523.280029,526.950012,523.090027,524.849976,13363400,https://finance.yahoo.com/quote/MSFT/history
2025-10-09,522.340027,524.330017,517.400024,522.400024,18343600,https://finance.yahoo.com/quote/MSFT/history
2025-10-10,519.640015,523.580017,509.630005,510.959991,24133800,https://finance.yahoo.com/quote/MSFT/history
2025-10-13,516.409973,516.409973,511.679993,514.049988,14284200,https://finance.yahoo.com/quote/MSFT/history
2025-10-14,510.230011,515.280029,506.000000,513.570007,14684300,https://finance.yahoo.com/quote/MSFT/history
2025-10-15,514.960022,517.190002,510.000000,513.429993,14694700,https://finance.yahoo.com/quote/MSFT/history
2025-10-16,512.580017,516.849976,508.130005,511.609985,15559600,https://finance.yahoo.com/quote/MSFT/history
2025-10-17,509.040009,515.479980,507.309998,513.580017,19867800,https://finance.yahoo.com/quote/MSFT/history
2025-10-20,514.609985,518.700012,513.429993,516.789978,14665600,https://finance.yahoo.com/quote/MSFT/history
2025-10-21,517.500000,518.690002,513.039978,517.659973,15586200,https://finance.yahoo.com/quote/MSFT/history
2025-10-22,521.150024,525.229980,517.710022,520.539978,18962700,https://finance.yahoo.com/quote/MSFT/history
2025-10-23,522.460022,523.950012,518.609985,520.559998,14023500,https://finance.yahoo.com/quote/MSFT/history
2025-10-24,522.789978,525.349976,520.710022,523.609985,15532400,https://finance.yahoo.com/quote/MSFT/history
2025-10-27,531.780029,534.580017,529.010010,531.520020,18734700,https://finance.yahoo.com/quote/MSFT/history
2025-10-28,550.000000,553.719971,540.770020,542.070007,29986700,https://finance.yahoo.com/quote/MSFT/history
2025-10-29,544.940002,546.270020,536.729980,541.549988,36023000,https://finance.yahoo.com/quote/MSFT/history
2025-10-30,530.479980,534.969971,522.119995,525.760010,41023100,https://finance.yahoo.com/quote/MSFT/history
2025-10-31,528.880005,529.320007,515.099976,517.809998,34006400,https://finance.yahoo.com/quote/MSFT/history
2025-11-03,519.809998,524.960022,514.590027,517.030029,22374700,https://finance.yahoo.com/quote/MSFT/history
2025-11-04,511.760010,515.549988,507.839996,514.330017,20958700,https://finance.yahoo.com/quote/MSFT/history
2025-11-05,513.299988,514.830017,506.579987,507.160004,23024300,https://finance.yahoo.com/quote/MSFT/history
2025-11-06,505.660004,505.700012,495.809998,497.100006,27406500,https://finance.yahoo.com/quote/MSFT/history
2025-11-07,496.950012,499.380005,493.250000,496.820007,24019800,https://finance.yahoo.com/quote/MSFT/history
2025-11-10,500.040009,506.850006,498.799988,506.000000,26101500,https://finance.yahoo.com/quote/MSFT/history
2025-11-11,504.799988,509.600006,502.350006,508.679993,17980000,https://finance.yahoo.com/quote/MSFT/history
2025-11-12,509.359985,511.670013,499.119995,511.140015,26574900,https://finance.yahoo.com/quote/MSFT/history
2025-11-13,510.309998,513.500000,501.290009,503.290009,25273100,https://finance.yahoo.com/quote/MSFT/history
2025-11-14,498.230011,511.600006,497.440002,510.179993,28505700,https://finance.yahoo.com/quote/MSFT/history
2025-11-17,508.450012,512.119995,504.910004,507.489990,19092800,https://finance.yahoo.com/quote/MSFT/history
2025-11-18,495.369995,502.980011,486.779999,493.790009,33815100,https://finance.yahoo.com/quote/MSFT/history
2025-11-19,490.100006,495.190002,482.829987,487.119995,23245300,https://finance.yahoo.com/quote/MSFT/history
2025-11-20,492.709991,493.570007,475.500000,478.429993,26802500,https://finance.yahoo.com/quote/MSFT/history
2025-11-21,478.500000,478.920013,468.269989,472.119995,31769200,https://finance.yahoo.com/quote/MSFT/history
2025-11-24,475.000000,476.899994,468.019989,474.000000,34421000,https://finance.yahoo.com/quote/MSFT/history
2025-11-25,474.070007,479.149994,464.890015,476.989990,28019800,https://finance.yahoo.com/quote/MSFT/history
2025-11-26,486.309998,488.309998,481.200012,485.500000,25709100,https://finance.yahoo.com/quote/MSFT/history
2025-11-28,487.600006,492.630005,486.649994,492.010010,14386700,https://finance.yahoo.com/quote/MSFT/history
2025-12-01,488.440002,489.859985,484.649994,486.739990,23964000,https://finance.yahoo.com/quote/MSFT/history
2025-12-02,486.720001,493.500000,486.320007,490.000000,19562700,https://finance.yahoo.com/quote/MSFT/history
2025-12-03,476.320007,484.239990,475.200012,477.730011,34615100,https://finance.yahoo.com/quote/MSFT/history
2025-12-04,479.760010,481.320007,476.489990,480.839996,22318200,https://finance.yahoo.com/quote/MSFT/history
2025-12-05,482.519989,483.399994,478.880005,483.160004,22608700,https://finance.yahoo.com/quote/MSFT/history
2025-12-08,484.890015,492.299988,484.380005,491.019989,21965900,https://finance.yahoo.com/quote/MSFT/history
2025-12-09,489.100006,492.119995,488.500000,492.019989,14696100,https://finance.yahoo.com/quote/MSFT/history
2025-12-10,484.029999,484.250000,475.079987,478.559998,35756200,https://finance.yahoo.com/quote/MSFT/history
2025-12-11,476.630005,486.029999,475.859985,483.470001,24669200,https://finance.yahoo.com/quote/MSFT/history
2025-12-12,479.820007,482.450012,476.339996,478.529999,21248100,https://finance.yahoo.com/quote/MSFT/history
2025-12-15,480.100006,480.720001,472.519989,474.820007,23727700,https://finance.yahoo.com/quote/MSFT/history
2025-12-16,471.910004,477.890015,470.880005,476.390015,20705600,https://finance.yahoo.com/quote/MSFT/history
2025-12-17,476.910004,480.000000,475.000000,476.119995,24527200,https://finance.yahoo.com/quote/MSFT/history
2025-12-18,478.190002,489.600006,477.890015,483.980011,28573500,https://finance.yahoo.com/quote/MSFT/history
2025-12-19,487.359985,487.850006,482.489990,485.920013,70836100,https://finance.yahoo.com/quote/MSFT/history
2025-12-22,486.119995,488.730011,482.690002,484.920013,16963000,https://finance.yahoo.com/quote/MSFT/history
2025-12-23,484.980011,487.829987,484.739990,486.850006,14683600,https://finance.yahoo.com/quote/MSFT/history
2025-12-24,485.679993,489.160004,484.829987,488.019989,5855900,https://finance.yahoo.com/quote/MSFT/history
2025-12-26,486.709991,488.119995,485.959991,487.709991,8842200,https://finance.yahoo.com/quote/MSFT/history
2025-12-29,484.859985,488.350006,484.179993,487.100006,10893400,https://finance.yahoo.com/quote/MSFT/history
2025-12-30,485.929993,489.679993,485.500000,487.480011,13944500,https://finance.yahoo.com/quote/MSFT/history
2025-12-31,487.839996,488.140015,483.299988,483.619995,15601600,https://finance.yahoo.com/quote/MSFT/history
2026-01-02,484.390015,484.660004,470.160004,472.940002,25571600,https://finance.yahoo.com/quote/MSFT/history
2026-01-05,474.059998,476.070007,469.500000,472.850006,25250300,https://finance.yahoo.com/quote/MSFT/history
2026-01-06,473.799988,478.739990,469.750000,478.510010,23037700,https://finance.yahoo.com/quote/MSFT/history
2026-01-07,479.760010,489.700012,477.950012,483.470001,25564200,https://finance.yahoo.com/quote/MSFT/history
2026-01-08,481.239990,482.660004,475.859985,478.109985,18162600,https://finance.yahoo.com/quote/MSFT/history
2026-01-09,474.059998,479.820007,472.200012,479.279999,18491000,https://finance.yahoo.com/quote/MSFT/history
2026-01-12,476.670013,480.989990,475.679993,477.179993,23519900,https://finance.yahoo.com/quote/MSFT/history
2026-01-13,474.679993,475.779999,465.950012,470.670013,28545800,https://finance.yahoo.com/quote/MSFT/history
2026-01-14,466.459991,468.200012,457.170013,459.380005,28184300,https://finance.yahoo.com/quote/MSFT/history
2026-01-15,464.119995,464.250000,455.899994,456.660004,23225800,https://finance.yahoo.com/quote/MSFT/history
2026-01-16,457.829987,463.190002,456.480011,459.859985,34246700,https://finance.yahoo.com/quote/MSFT/history
2026-01-20,451.220001,456.799988,449.279999,454.519989,26130000,https://finance.yahoo.com/quote/MSFT/history
2026-01-21,452.600006,452.690002,438.679993,444.109985,37980500,https://finance.yahoo.com/quote/MSFT/history
2026-01-22,447.619995,452.839996,444.700012,451.140015,25349400,https://finance.yahoo.com/quote/MSFT/history
2026-01-23,451.869995,471.100006,450.529999,465.950012,38000200,https://finance.yahoo.com/quote/MSFT/history
2026-01-26,465.309998,474.250000,462.000000,470.279999,29291200,https://finance.yahoo.com/quote/MSFT/history
2026-01-27,473.700012,482.869995,473.160004,480.579987,29213900,https://finance.yahoo.com/quote/MSFT/history
2026-01-28,483.209991,483.739990,478.000000,481.630005,36875400,https://finance.yahoo.com/quote/MSFT/history
2026-01-29,439.989990,442.500000,421.019989,433.500000,128855300,https://finance.yahoo.com/quote/MSFT/history
2026-01-30,439.170013,439.600006,426.450012,430.290009,58566800,https://finance.yahoo.com/quote/MSFT/history
2026-02-02,430.239990,430.739990,422.250000,423.369995,42219900,https://finance.yahoo.com/quote/MSFT/history
2026-02-03,422.010010,422.049988,408.559998,411.209991,61424100,https://finance.yahoo.com/quote/MSFT/history
2026-02-04,411.000000,419.799988,409.239990,414.190002,45012400,https://finance.yahoo.com/quote/MSFT/history
2026-02-05,407.440002,408.299988,392.320007,393.670013,66289200,https://finance.yahoo.com/quote/MSFT/history
2026-02-06,399.170013,401.790009,392.920013,401.140015,53515300,https://finance.yahoo.com/quote/MSFT/history
2026-02-09,404.850006,414.890015,400.869995,413.600006,45480500,https://finance.yahoo.com/quote/MSFT/history
2026-02-10,419.619995,423.679993,412.700012,413.269989,44857900,https://finance.yahoo.com/quote/MSFT/history
2026-02-11,416.179993,416.459991,401.010010,404.369995,42491000,https://finance.yahoo.com/quote/MSFT/history
2026-02-12,405.000000,406.200012,398.010010,401.839996,40802400,https://finance.yahoo.com/quote/MSFT/history
2026-02-13,404.450012,405.540009,398.049988,401.320007,34091600,https://finance.yahoo.com/quote/MSFT/history
2026-02-17,399.220001,400.519989,394.529999,396.859985,32078800,https://finance.yahoo.com/quote/MSFT/history
2026-02-18,398.130005,402.559998,396.320007,399.600006,23223400,https://finance.yahoo.com/quote/MSFT/history
2026-02-19,400.690002,404.429993,396.670013,398.459991,28234000,https://finance.yahoo.com/quote/MSFT/history
2026-02-20,396.109985,400.119995,395.160004,397.230011,34015200,https://finance.yahoo.com/quote/MSFT/history
2026-02-23,395.000000,395.359985,383.100006,384.470001,43238300,https://finance.yahoo.com/quote/MSFT/history
2026-02-24,384.140015,389.359985,381.709991,389.000000,33884700,https://finance.yahoo.com/quote/MSFT/history
2026-02-25,390.529999,401.470001,390.160004,400.600006,43625500,https://finance.yahoo.com/quote/MSFT/history
2026-02-26,404.709991,407.489990,398.739990,401.720001,34405900,https://finance.yahoo.com/quote/MSFT/history
2026-02-27,390.880005,396.820007,389.880005,392.739990,51367200,https://finance.yahoo.com/quote/MSFT/history
2026-03-02,392.859985,401.190002,390.630005,398.549988,35474900,https://finance.yahoo.com/quote/MSFT/history
2026-03-03,393.140015,406.700012,392.670013,403.929993,38199200,https://finance.yahoo.com/quote/MSFT/history
2026-03-04,401.269989,411.029999,400.309998,405.200012,35808000,https://finance.yahoo.com/quote/MSFT/history
2026-03-05,404.420013,411.609985,404.399994,410.679993,39001300,https://finance.yahoo.com/quote/MSFT/history
2026-03-06,409.200012,413.049988,408.510010,408.959991,31123900,https://finance.yahoo.com/quote/MSFT/history
2026-03-09,404.920013,410.209991,403.500000,409.410004,30131900,https://finance.yahoo.com/quote/MSFT/history
2026-03-10,410.029999,410.200012,402.929993,405.760010,31706400,https://finance.yahoo.com/quote/MSFT/history
2026-03-11,405.570007,409.010010,401.589996,404.880005,25512100,https://finance.yahoo.com/quote/MSFT/history
2026-03-12,404.630005,406.119995,401.709991,401.859985,27263900,https://finance.yahoo.com/quote/MSFT/history
2026-03-13,401.000000,404.799988,394.250000,395.549988,26848000,https://finance.yahoo.com/quote/MSFT/history
2026-03-16,398.070007,400.630005,394.790009,399.950012,27733700,https://finance.yahoo.com/quote/MSFT/history
2026-03-17,400.269989,404.399994,397.750000,399.410004,26228300,https://finance.yahoo.com/quote/MSFT/history
2026-03-18,397.130005,398.000000,391.000000,391.790009,25908500,https://finance.yahoo.com/quote/MSFT/history
2026-03-19,390.100006,392.489990,387.059998,389.019989,25138800,https://finance.yahoo.com/quote/MSFT/history
2026-03-20,386.790009,387.000000,380.119995,381.869995,50853200,https://finance.yahoo.com/quote/MSFT/history
2026-03-23,383.899994,387.209991,381.679993,383.000000,29680100,https://finance.yahoo.com/quote/MSFT/history
2026-03-24,382.359985,382.470001,371.850006,372.739990,42733600,https://finance.yahoo.com/quote/MSFT/history
2026-03-25,376.920013,377.059998,369.630005,371.040009,31181200,https://finance.yahoo.com/quote/MSFT/history
2026-03-26,370.820007,374.720001,365.190002,365.970001,36836600,https://finance.yahoo.com/quote/MSFT/history
2026-03-27,361.899994,362.450012,356.510010,356.769989,37883400,https://finance.yahoo.com/quote/MSFT/history
2026-03-30,361.899994,365.359985,356.279999,358.959991,44797000,https://finance.yahoo.com/quote/MSFT/history
2026-03-31,364.549988,372.899994,363.070007,370.170013,45244400,https://finance.yahoo.com/quote/MSFT/history
2026-04-01,373.489990,373.989990,368.200012,369.369995,29417200,https://finance.yahoo.com/quote/MSFT/history
2026-04-02,367.209991,373.640015,364.149994,373.459991,24099100,https://finance.yahoo.com/quote/MSFT/history
2026-04-06,373.489990,373.730011,369.500000,372.880005,16146600,https://finance.yahoo.com/quote/MSFT/history
2026-04-07,370.339996,372.450012,366.559998,372.290009,21443300,https://finance.yahoo.com/quote/MSFT/history
2026-04-08,384.980011,385.000000,371.410004,374.329987,33064800,https://finance.yahoo.com/quote/MSFT/history
2026-04-09,372.500000,373.500000,367.049988,373.070007,30435300,https://finance.yahoo.com/quote/MSFT/history
2026-04-10,372.980011,375.640015,370.029999,370.869995,28111100,https://finance.yahoo.com/quote/MSFT/history
2026-04-13,373.609985,384.540009,371.019989,384.369995,35745800,https://finance.yahoo.com/quote/MSFT/history
2026-04-14,387.920013,394.690002,386.519989,393.109985,37504500,https://finance.yahoo.com/quote/MSFT/history
2026-04-15,398.000000,414.369995,396.730011,411.220001,45063400,https://finance.yahoo.com/quote/MSFT/history
2026-04-16,419.859985,420.820007,412.140015,420.260010,41642400,https://finance.yahoo.com/quote/MSFT/history
2026-04-17,424.820007,431.579987,420.690002,422.790009,48568200,https://finance.yahoo.com/quote/MSFT/history
2026-04-20,421.149994,423.329987,416.299988,418.070007,27582200,https://finance.yahoo.com/quote/MSFT/history
2026-04-21,420.239990,427.179993,417.200012,424.160004,32048500,https://finance.yahoo.com/quote/MSFT/history
2026-04-22,426.190002,433.700012,423.670013,432.920013,29378200,https://finance.yahoo.com/quote/MSFT/history
2026-04-23,419.890015,423.660004,411.410004,415.750000,38308000,https://finance.yahoo.com/quote/MSFT/history
2026-04-24,416.970001,424.950012,415.799988,424.619995,27457400,https://finance.yahoo.com/quote/MSFT/history
2026-04-27,422.380005,427.109985,417.070007,424.820007,30867300,https://finance.yahoo.com/quote/MSFT/history
2026-04-28,424.570007,429.920013,421.899994,429.250000,30438100,https://finance.yahoo.com/quote/MSFT/history
2026-04-29,424.579987,426.820007,420.290009,424.459991,38288300,https://finance.yahoo.com/quote/MSFT/history
2026-04-30,410.809998,414.420013,398.010010,407.779999,70909400,https://finance.yahoo.com/quote/MSFT/history
2026-05-01,412.799988,417.109985,410.440002,414.440002,31372400,https://finance.yahoo.com/quote/MSFT/history
2026-05-04,411.540009,420.779999,410.799988,413.619995,28066500,https://finance.yahoo.com/quote/MSFT/history
2026-05-05,415.320007,416.779999,408.799988,411.380005,25700900,https://finance.yahoo.com/quote/MSFT/history
2026-05-06,408.000000,418.420013,405.109985,413.959991,30231400,https://finance.yahoo.com/quote/MSFT/history
