observation_date,open,high,low,close,volume,source
2016-05-02,0.896750,0.905500,0.892500,0.900000,256076000,https://finance.yahoo.com/quote/NVDA/history
2016-05-03,0.889750,0.893500,0.881500,0.889250,224024000,https://finance.yahoo.com/quote/NVDA/history
2016-05-04,0.878500,0.879250,0.860000,0.869000,525764000,https://finance.yahoo.com/quote/NVDA/history
2016-05-05,0.876250,0.884500,0.867750,0.874250,246884000,https://finance.yahoo.com/quote/NVDA/history
2016-05-06,0.872750,0.885500,0.871000,0.883250,183240000,https://finance.yahoo.com/quote/NVDA/history
2016-05-09,0.885500,0.889250,0.874750,0.882000,333336000,https://finance.yahoo.com/quote/NVDA/history
2016-05-10,0.887500,0.900500,0.879000,0.899000,269676000,https://finance.yahoo.com/quote/NVDA/history
2016-05-11,0.901750,0.911500,0.896750,0.901500,328176000,https://finance.yahoo.com/quote/NVDA/history
2016-05-12,0.908000,0.912000,0.873250,0.889250,670540000,https://finance.yahoo.com/quote/NVDA/history
2016-05-13,0.979750,1.025000,0.975000,1.024500,2110256000,https://finance.yahoo.com/quote/NVDA/history
2016-05-16,1.016750,1.070000,1.013500,1.054750,973032000,https://finance.yahoo.com/quote/NVDA/history
2016-05-17,1.050000,1.064500,1.036500,1.057000,628392000,https://finance.yahoo.com/quote/NVDA/history
2016-05-18,1.050000,1.096250,1.050000,1.084000,541072000,https://finance.yahoo.com/quote/NVDA/history
2016-05-19,1.079750,1.096500,1.078250,1.088750,398880000,https://finance.yahoo.com/quote/NVDA/history
2016-05-20,1.095500,1.112750,1.093750,1.108250,391084000,https://finance.yahoo.com/quote/NVDA/history
2016-05-23,1.113000,1.117250,1.103250,1.110000,413636000,https://finance.yahoo.com/quote/NVDA/history
2016-05-24,1.110500,1.137500,1.107500,1.134000,415788000,https://finance.yahoo.com/quote/NVDA/history
2016-05-25,1.137500,1.142250,1.120250,1.129250,458076000,https://finance.yahoo.com/quote/NVDA/history
2016-05-26,1.131250,1.149500,1.128000,1.141250,309964000,https://finance.yahoo.com/quote/NVDA/history
2016-05-27,1.142500,1.149250,1.138750,1.147500,277416000,https://finance.yahoo.com/quote/NVDA/history
2016-05-31,1.152500,1.170500,1.151750,1.168000,412524000,https://finance.yahoo.com/quote/NVDA/history
2016-06-01,1.162500,1.181500,1.159000,1.170250,387132000,https://finance.yahoo.com/quote/NVDA/history
2016-06-02,1.176500,1.188500,1.165000,1.178500,329208000,https://finance.yahoo.com/quote/NVDA/history
2016-06-03,1.167000,1.168500,1.141500,1.162000,461076000,https://finance.yahoo.com/quote/NVDA/history
2016-06-06,1.165000,1.174000,1.150000,1.156000,322512000,https://finance.yahoo.com/quote/NVDA/history
2016-06-07,1.163000,1.169500,1.157750,1.158250,193400000,https://finance.yahoo.com/quote/NVDA/history
2016-06-08,1.158500,1.162750,1.145000,1.154500,234616000,https://finance.yahoo.com/quote/NVDA/history
2016-06-09,1.150500,1.186250,1.148000,1.184500,472168000,https://finance.yahoo.com/quote/NVDA/history
2016-06-10,1.170500,1.181000,1.153500,1.155000,400024000,https://finance.yahoo.com/quote/NVDA/history
2016-06-13,1.156250,1.192500,1.156250,1.169750,475588000,https://finance.yahoo.com/quote/NVDA/history
2016-06-14,1.167000,1.177500,1.154000,1.172000,298344000,https://finance.yahoo.com/quote/NVDA/history
2016-06-15,1.181750,1.194250,1.168750,1.184000,301036000,https://finance.yahoo.com/quote/NVDA/history
2016-06-16,1.175250,1.190750,1.163750,1.188750,246456000,https://finance.yahoo.com/quote/NVDA/history
2016-06-17,1.190250,1.190500,1.163250,1.168000,471000000,https://finance.yahoo.com/quote/NVDA/history
2016-06-20,1.186750,1.204250,1.186000,1.189000,293768000,https://finance.yahoo.com/quote/NVDA/history
2016-06-21,1.194000,1.197250,1.180000,1.181750,212508000,https://finance.yahoo.com/quote/NVDA/history
2016-06-22,1.184250,1.192000,1.178750,1.180750,202620000,https://finance.yahoo.com/quote/NVDA/history
2016-06-23,1.192000,1.213500,1.191250,1.212250,297880000,https://finance.yahoo.com/quote/NVDA/history
2016-06-24,1.162500,1.184000,1.132500,1.143250,1017684000,https://finance.yahoo.com/quote/NVDA/history
2016-06-27,1.133750,1.142500,1.114250,1.131000,449088000,https://finance.yahoo.com/quote/NVDA/history
2016-06-28,1.152500,1.153750,1.131750,1.147500,381920000,https://finance.yahoo.com/quote/NVDA/history
2016-06-29,1.157500,1.175250,1.154500,1.166250,318932000,https://finance.yahoo.com/quote/NVDA/history
2016-06-30,1.168250,1.182500,1.158750,1.175250,430940000,https://finance.yahoo.com/quote/NVDA/history
2016-07-01,1.168750,1.184000,1.162500,1.166500,218488000,https://finance.yahoo.com/quote/NVDA/history
2016-07-05,1.160000,1.185750,1.150750,1.183750,371084000,https://finance.yahoo.com/quote/NVDA/history
2016-07-06,1.175500,1.198250,1.169500,1.191250,273104000,https://finance.yahoo.com/quote/NVDA/history
2016-07-07,1.199250,1.226500,1.193750,1.222250,395400000,https://finance.yahoo.com/quote/NVDA/history
2016-07-08,1.235250,1.277250,1.230500,1.271250,481932000,https://finance.yahoo.com/quote/NVDA/history
2016-07-11,1.289500,1.310000,1.288000,1.300500,448776000,https://finance.yahoo.com/quote/NVDA/history
2016-07-12,1.315000,1.332000,1.298500,1.320000,436760000,https://finance.yahoo.com/quote/NVDA/history
2016-07-13,1.322500,1.330000,1.317500,1.319500,324604000,https://finance.yahoo.com/quote/NVDA/history
2016-07-14,1.326500,1.345000,1.315500,1.333000,316892000,https://finance.yahoo.com/quote/NVDA/history
2016-07-15,1.316000,1.323500,1.296000,1.317500,428616000,https://finance.yahoo.com/quote/NVDA/history
2016-07-18,1.333750,1.335750,1.319250,1.324250,252992000,https://finance.yahoo.com/quote/NVDA/history
2016-07-19,1.323500,1.343250,1.321000,1.338000,382652000,https://finance.yahoo.com/quote/NVDA/history
2016-07-20,1.342500,1.362750,1.337000,1.355500,296460000,https://finance.yahoo.com/quote/NVDA/history
2016-07-21,1.352500,1.356750,1.326000,1.330500,361308000,https://finance.yahoo.com/quote/NVDA/history
2016-07-22,1.335250,1.366750,1.325500,1.366750,315768000,https://finance.yahoo.com/quote/NVDA/history
2016-07-25,1.375000,1.395250,1.369000,1.392000,312528000,https://finance.yahoo.com/quote/NVDA/history
2016-07-26,1.404250,1.423000,1.402250,1.415750,514508000,https://finance.yahoo.com/quote/NVDA/history
2016-07-27,1.428000,1.430500,1.393000,1.401500,446676000,https://finance.yahoo.com/quote/NVDA/history
2016-07-28,1.404750,1.415000,1.400250,1.404500,221916000,https://finance.yahoo.com/quote/NVDA/history
2016-07-29,1.409750,1.431250,1.384500,1.427500,409588000,https://finance.yahoo.com/quote/NVDA/history
2016-08-01,1.433500,1.438750,1.409000,1.418250,301120000,https://finance.yahoo.com/quote/NVDA/history
2016-08-02,1.425000,1.425750,1.387500,1.401000,282748000,https://finance.yahoo.com/quote/NVDA/history
2016-08-03,1.399250,1.407500,1.391500,1.404750,299828000,https://finance.yahoo.com/quote/NVDA/history
2016-08-04,1.411500,1.437250,1.408750,1.430750,272712000,https://finance.yahoo.com/quote/NVDA/history
2016-08-05,1.447250,1.455750,1.440250,1.455000,371588000,https://finance.yahoo.com/quote/NVDA/history
2016-08-08,1.475000,1.478500,1.453000,1.468500,305064000,https://finance.yahoo.com/quote/NVDA/history
2016-08-09,1.475750,1.486500,1.468500,1.472250,372344000,https://finance.yahoo.com/quote/NVDA/history
2016-08-10,1.485250,1.487500,1.458000,1.462750,375740000,https://finance.yahoo.com/quote/NVDA/history
2016-08-11,1.470500,1.498750,1.467500,1.492500,681064000,https://finance.yahoo.com/quote/NVDA/history
2016-08-12,1.547500,1.584500,1.515750,1.576000,1425744000,https://finance.yahoo.com/quote/NVDA/history
2016-08-15,1.577750,1.587500,1.553250,1.574500,573304000,https://finance.yahoo.com/quote/NVDA/history
2016-08-16,1.572250,1.574750,1.560250,1.565000,287652000,https://finance.yahoo.com/quote/NVDA/history
2016-08-17,1.565000,1.568500,1.516500,1.528750,595212000,https://finance.yahoo.com/quote/NVDA/history
2016-08-18,1.526500,1.555000,1.520500,1.552500,331684000,https://finance.yahoo.com/quote/NVDA/history
2016-08-19,1.551750,1.568250,1.545000,1.556500,291560000,https://finance.yahoo.com/quote/NVDA/history
2016-08-22,1.561250,1.565250,1.542750,1.563000,244748000,https://finance.yahoo.com/quote/NVDA/history
2016-08-23,1.576000,1.583000,1.568250,1.572750,339764000,https://finance.yahoo.com/quote/NVDA/history
2016-08-24,1.578250,1.579000,1.541250,1.548500,298448000,https://finance.yahoo.com/quote/NVDA/history
2016-08-25,1.549000,1.549750,1.519000,1.538250,406032000,https://finance.yahoo.com/quote/NVDA/history
2016-08-26,1.542250,1.559500,1.530000,1.550750,300024000,https://finance.yahoo.com/quote/NVDA/history
2016-08-29,1.557000,1.563250,1.547250,1.549750,274652000,https://finance.yahoo.com/quote/NVDA/history
2016-08-30,1.547750,1.556000,1.536500,1.540750,285544000,https://finance.yahoo.com/quote/NVDA/history
2016-08-31,1.543750,1.548000,1.529000,1.533500,388544000,https://finance.yahoo.com/quote/NVDA/history
2016-09-01,1.534750,1.584500,1.533500,1.578750,428492000,https://finance.yahoo.com/quote/NVDA/history
2016-09-02,1.582000,1.583750,1.545500,1.563250,323148000,https://finance.yahoo.com/quote/NVDA/history
2016-09-06,1.568750,1.578000,1.560750,1.578000,306812000,https://finance.yahoo.com/quote/NVDA/history
2016-09-07,1.573000,1.580750,1.545750,1.554750,397988000,https://finance.yahoo.com/quote/NVDA/history
2016-09-08,1.553250,1.568500,1.535500,1.566000,315808000,https://finance.yahoo.com/quote/NVDA/history
2016-09-09,1.548750,1.557500,1.475000,1.488000,697760000,https://finance.yahoo.com/quote/NVDA/history
2016-09-12,1.468250,1.521750,1.433000,1.518750,598260000,https://finance.yahoo.com/quote/NVDA/history
2016-09-13,1.515000,1.532500,1.488250,1.496750,471768000,https://finance.yahoo.com/quote/NVDA/history
2016-09-14,1.500250,1.515000,1.487750,1.510000,319048000,https://finance.yahoo.com/quote/NVDA/history
2016-09-15,1.512500,1.569000,1.509000,1.567250,515212000,https://finance.yahoo.com/quote/NVDA/history
2016-09-16,1.572750,1.581250,1.553000,1.571000,902444000,https://finance.yahoo.com/quote/NVDA/history
2016-09-19,1.587500,1.631500,1.580250,1.591750,417128000,https://finance.yahoo.com/quote/NVDA/history
2016-09-20,1.610000,1.610000,1.568500,1.577250,331112000,https://finance.yahoo.com/quote/NVDA/history
2016-09-21,1.582000,1.624500,1.581750,1.621500,336212000,https://finance.yahoo.com/quote/NVDA/history
2016-09-22,1.631000,1.636000,1.616250,1.625500,308732000,https://finance.yahoo.com/quote/NVDA/history
2016-09-23,1.627500,1.632250,1.616500,1.623750,276132000,https://finance.yahoo.com/quote/NVDA/history
2016-09-26,1.605250,1.615000,1.588250,1.608500,230040000,https://finance.yahoo.com/quote/NVDA/history
2016-09-27,1.602250,1.666000,1.601500,1.663500,402752000,https://finance.yahoo.com/quote/NVDA/history
2016-09-28,1.666000,1.670750,1.648250,1.669500,319788000,https://finance.yahoo.com/quote/NVDA/history
2016-09-29,1.666750,1.690250,1.651250,1.685000,336684000,https://finance.yahoo.com/quote/NVDA/history
2016-09-30,1.694250,1.729750,1.684250,1.713000,429932000,https://finance.yahoo.com/quote/NVDA/history
2016-10-03,1.713000,1.737750,1.708250,1.711250,242596000,https://finance.yahoo.com/quote/NVDA/history
2016-10-04,1.713750,1.742500,1.694750,1.707500,281624000,https://finance.yahoo.com/quote/NVDA/history
2016-10-05,1.722000,1.739500,1.700500,1.705750,305440000,https://finance.yahoo.com/quote/NVDA/history
2016-10-06,1.685250,1.695750,1.656500,1.683500,360212000,https://finance.yahoo.com/quote/NVDA/history
2016-10-07,1.694750,1.699250,1.666500,1.671250,286260000,https://finance.yahoo.com/quote/NVDA/history
2016-10-10,1.680000,1.689000,1.661750,1.677500,287876000,https://finance.yahoo.com/quote/NVDA/history
2016-10-11,1.672000,1.674500,1.640500,1.653250,388540000,https://finance.yahoo.com/quote/NVDA/history
2016-10-12,1.646500,1.669500,1.632750,1.660750,419920000,https://finance.yahoo.com/quote/NVDA/history
2016-10-13,1.641250,1.645000,1.592500,1.633750,390116000,https://finance.yahoo.com/quote/NVDA/history
2016-10-14,1.653750,1.665000,1.640000,1.649750,330636000,https://finance.yahoo.com/quote/NVDA/history
2016-10-17,1.649500,1.665000,1.638000,1.640250,195328000,https://finance.yahoo.com/quote/NVDA/history
2016-10-18,1.663000,1.674750,1.656250,1.665250,269372000,https://finance.yahoo.com/quote/NVDA/history
2016-10-19,1.654000,1.669500,1.645500,1.661750,199060000,https://finance.yahoo.com/quote/NVDA/history
2016-10-20,1.681250,1.698750,1.657500,1.693250,312084000,https://finance.yahoo.com/quote/NVDA/history
2016-10-21,1.687250,1.691500,1.672500,1.688500,279508000,https://finance.yahoo.com/quote/NVDA/history
2016-10-24,1.700000,1.769750,1.699750,1.767750,339836000,https://finance.yahoo.com/quote/NVDA/history
2016-10-25,1.764750,1.807500,1.756250,1.796750,397460000,https://finance.yahoo.com/quote/NVDA/history
2016-10-26,1.781750,1.823750,1.780000,1.804000,333792000,https://finance.yahoo.com/quote/NVDA/history
2016-10-27,1.817750,1.821250,1.759750,1.767000,388664000,https://finance.yahoo.com/quote/NVDA/history
2016-10-28,1.775500,1.802500,1.760750,1.764000,290856000,https://finance.yahoo.com/quote/NVDA/history
2016-10-31,1.769750,1.790750,1.768750,1.779000,252388000,https://finance.yahoo.com/quote/NVDA/history
2016-11-01,1.785500,1.795250,1.707250,1.726250,473224000,https://finance.yahoo.com/quote/NVDA/history
2016-11-02,1.739500,1.763000,1.716000,1.719000,295848000,https://finance.yahoo.com/quote/NVDA/history
2016-11-03,1.727000,1.728500,1.666000,1.699000,309664000,https://finance.yahoo.com/quote/NVDA/history
2016-11-04,1.687750,1.718250,1.664500,1.689250,328780000,https://finance.yahoo.com/quote/NVDA/history
2016-11-07,1.738750,1.793000,1.737500,1.781750,487580000,https://finance.yahoo.com/quote/NVDA/history
2016-11-08,1.788500,1.794250,1.762500,1.779000,429884000,https://finance.yahoo.com/quote/NVDA/history
2016-11-09,1.730750,1.772500,1.718000,1.749000,456532000,https://finance.yahoo.com/quote/NVDA/history
2016-11-10,1.787250,1.787500,1.669000,1.694250,869280000,https://finance.yahoo.com/quote/NVDA/history
2016-11-11,1.987750,2.219250,1.962500,2.199250,2175344000,https://finance.yahoo.com/quote/NVDA/history
2016-11-14,2.202250,2.204750,2.090500,2.091000,1348796000,https://finance.yahoo.com/quote/NVDA/history
2016-11-15,2.107250,2.186250,2.098250,2.154750,626092000,https://finance.yahoo.com/quote/NVDA/history
2016-11-16,2.183500,2.314000,2.158750,2.290750,987984000,https://finance.yahoo.com/quote/NVDA/history
2016-11-17,2.307750,2.369750,2.266250,2.309750,832988000,https://finance.yahoo.com/quote/NVDA/history
2016-11-18,2.309750,2.358250,2.295000,2.334000,576060000,https://finance.yahoo.com/quote/NVDA/history
2016-11-21,2.352250,2.358750,2.310000,2.324500,436436000,https://finance.yahoo.com/quote/NVDA/history
2016-11-22,2.332500,2.343500,2.309500,2.341250,330368000,https://finance.yahoo.com/quote/NVDA/history
2016-11-23,2.343000,2.381250,2.319250,2.349250,443236000,https://finance.yahoo.com/quote/NVDA/history
2016-11-25,2.360500,2.377500,2.335250,2.354000,195564000,https://finance.yahoo.com/quote/NVDA/history
2016-11-28,2.346750,2.368500,2.340000,2.352750,278736000,https://finance.yahoo.com/quote/NVDA/history
2016-11-29,2.350000,2.361000,2.313250,2.331250,444568000,https://finance.yahoo.com/quote/NVDA/history
2016-11-30,2.340000,2.354000,2.302500,2.305000,440500000,https://finance.yahoo.com/quote/NVDA/history
2016-12-01,2.302500,2.304250,2.119250,2.191000,1035524000,https://finance.yahoo.com/quote/NVDA/history
2016-12-02,2.156250,2.220000,2.128000,2.211250,478292000,https://finance.yahoo.com/quote/NVDA/history
2016-12-05,2.249750,2.315250,2.225000,2.297000,602284000,https://finance.yahoo.com/quote/NVDA/history
2016-12-06,2.305250,2.343250,2.289250,2.334750,498796000,https://finance.yahoo.com/quote/NVDA/history
2016-12-07,2.321000,2.382500,2.302500,2.376750,480804000,https://finance.yahoo.com/quote/NVDA/history
2016-12-08,2.379750,2.415500,2.326250,2.337000,381544000,https://finance.yahoo.com/quote/NVDA/history
2016-12-09,2.355000,2.356750,2.267750,2.295500,382312000,https://finance.yahoo.com/quote/NVDA/history
2016-12-12,2.246250,2.248750,2.188500,2.239750,601332000,https://finance.yahoo.com/quote/NVDA/history
2016-12-13,2.252250,2.307250,2.251250,2.279250,387796000,https://finance.yahoo.com/quote/NVDA/history
2016-12-14,2.313500,2.427750,2.289250,2.411250,983980000,https://finance.yahoo.com/quote/NVDA/history
2016-12-15,2.422500,2.498500,2.415000,2.467750,746548000,https://finance.yahoo.com/quote/NVDA/history
2016-12-16,2.495750,2.517500,2.443250,2.510250,1089528000,https://finance.yahoo.com/quote/NVDA/history
2016-12-19,2.492500,2.561250,2.475000,2.540750,744656000,https://finance.yahoo.com/quote/NVDA/history
2016-12-20,2.614500,2.653250,2.603000,2.629250,848056000,https://finance.yahoo.com/quote/NVDA/history
2016-12-21,2.641000,2.648750,2.592750,2.645750,576136000,https://finance.yahoo.com/quote/NVDA/history
2016-12-22,2.670500,2.721750,2.663250,2.677750,718612000,https://finance.yahoo.com/quote/NVDA/history
2016-12-23,2.659500,2.746000,2.656750,2.744500,647692000,https://finance.yahoo.com/quote/NVDA/history
2016-12-27,2.801500,2.934000,2.780500,2.933000,1194272000,https://finance.yahoo.com/quote/NVDA/history
2016-12-28,2.990000,2.998250,2.717250,2.731250,2295764000,https://finance.yahoo.com/quote/NVDA/history
2016-12-29,2.622500,2.787250,2.570000,2.785750,2175368000,https://finance.yahoo.com/quote/NVDA/history
2016-12-30,2.783750,2.798000,2.657500,2.668500,1212932000,https://finance.yahoo.com/quote/NVDA/history
2017-01-03,2.610000,2.659250,2.484500,2.550250,1501996000,https://finance.yahoo.com/quote/NVDA/history
2017-01-04,2.585000,2.637500,2.538250,2.609750,1199220000,https://finance.yahoo.com/quote/NVDA/history
2017-01-05,2.613250,2.645500,2.526250,2.543500,984296000,https://finance.yahoo.com/quote/NVDA/history
2017-01-06,2.571250,2.606250,2.530000,2.577500,822856000,https://finance.yahoo.com/quote/NVDA/history
2017-01-09,2.587500,2.700000,2.587500,2.682000,916248000,https://finance.yahoo.com/quote/NVDA/history
2017-01-10,2.695250,2.729750,2.640750,2.661750,880920000,https://finance.yahoo.com/quote/NVDA/history
2017-01-11,2.650000,2.655000,2.603750,2.629000,525664000,https://finance.yahoo.com/quote/NVDA/history
2017-01-12,2.605750,2.617500,2.540500,2.586000,625616000,https://finance.yahoo.com/quote/NVDA/history
2017-01-13,2.590000,2.625000,2.576500,2.585750,457820000,https://finance.yahoo.com/quote/NVDA/history
2017-01-17,2.575000,2.580000,2.514250,2.527750,580612000,https://finance.yahoo.com/quote/NVDA/history
2017-01-18,2.506000,2.580750,2.477750,2.573750,654424000,https://finance.yahoo.com/quote/NVDA/history
2017-01-19,2.576750,2.661500,2.574500,2.629000,644872000,https://finance.yahoo.com/quote/NVDA/history
2017-01-20,2.652000,2.670000,2.578000,2.600250,492024000,https://finance.yahoo.com/quote/NVDA/history
2017-01-23,2.595000,2.647500,2.592500,2.627250,369904000,https://finance.yahoo.com/quote/NVDA/history
2017-01-24,2.637500,2.689500,2.622500,2.683250,428052000,https://finance.yahoo.com/quote/NVDA/history
2017-01-25,2.726250,2.732500,2.658250,2.694750,522760000,https://finance.yahoo.com/quote/NVDA/history
2017-01-26,2.697500,2.748750,2.667500,2.741250,458800000,https://finance.yahoo.com/quote/NVDA/history
2017-01-27,2.748250,2.797250,2.721250,2.794250,471996000,https://finance.yahoo.com/quote/NVDA/history
2017-01-30,2.773000,2.775250,2.697750,2.750500,496004000,https://finance.yahoo.com/quote/NVDA/history
2017-01-31,2.723750,2.751250,2.705000,2.729500,362756000,https://finance.yahoo.com/quote/NVDA/history
2017-02-01,2.764500,2.853000,2.746500,2.848750,590004000,https://finance.yahoo.com/quote/NVDA/history
2017-02-02,2.832500,2.893500,2.801500,2.884750,483240000,https://finance.yahoo.com/quote/NVDA/history
2017-02-03,2.886250,2.897500,2.847500,2.859500,372744000,https://finance.yahoo.com/quote/NVDA/history
2017-02-06,2.850000,2.933250,2.850000,2.932750,506768000,https://finance.yahoo.com/quote/NVDA/history
2017-02-07,2.967500,3.023000,2.947500,2.978250,746224000,https://finance.yahoo.com/quote/NVDA/history
2017-02-08,2.960000,2.982750,2.909500,2.965250,449580000,https://finance.yahoo.com/quote/NVDA/history
2017-02-09,2.971500,2.976500,2.890000,2.909500,842568000,https://finance.yahoo.com/quote/NVDA/history
2017-02-10,2.998250,3.017500,2.815000,2.840500,1651092000,https://finance.yahoo.com/quote/NVDA/history
2017-02-13,2.834750,2.849500,2.705000,2.709500,1180724000,https://finance.yahoo.com/quote/NVDA/history
2017-02-14,2.699750,2.753750,2.657250,2.719500,850632000,https://finance.yahoo.com/quote/NVDA/history
2017-02-15,2.722500,2.745000,2.694000,2.725000,373020000,https://finance.yahoo.com/quote/NVDA/history
2017-02-16,2.734750,2.736000,2.641500,2.681250,647176000,https://finance.yahoo.com/quote/NVDA/history
2017-02-17,2.667500,2.685250,2.619750,2.680750,563740000,https://finance.yahoo.com/quote/NVDA/history
2017-02-21,2.705750,2.780750,2.705500,2.776750,551952000,https://finance.yahoo.com/quote/NVDA/history
2017-02-22,2.785500,2.795000,2.749750,2.769000,433772000,https://finance.yahoo.com/quote/NVDA/history
2017-02-23,2.637500,2.659750,2.492000,2.512250,1592888000,https://finance.yahoo.com/quote/NVDA/history
2017-02-24,2.426750,2.550000,2.392500,2.536500,1029904000,https://finance.yahoo.com/quote/NVDA/history
2017-02-27,2.555000,2.625500,2.539000,2.610250,715400000,https://finance.yahoo.com/quote/NVDA/history
2017-02-28,2.620000,2.630000,2.519500,2.537000,625360000,https://finance.yahoo.com/quote/NVDA/history
2017-03-01,2.594750,2.609250,2.527750,2.569750,504804000,https://finance.yahoo.com/quote/NVDA/history
2017-03-02,2.556750,2.571000,2.472250,2.475000,754332000,https://finance.yahoo.com/quote/NVDA/history
2017-03-03,2.464250,2.469250,2.405500,2.460750,864692000,https://finance.yahoo.com/quote/NVDA/history
2017-03-06,2.424000,2.452500,2.379250,2.441750,883568000,https://finance.yahoo.com/quote/NVDA/history
2017-03-07,2.441750,2.488250,2.428750,2.468500,603400000,https://finance.yahoo.com/quote/NVDA/history
2017-03-08,2.517500,2.532500,2.461750,2.464000,638712000,https://finance.yahoo.com/quote/NVDA/history
2017-03-09,2.447750,2.486250,2.435000,2.463500,478060000,https://finance.yahoo.com/quote/NVDA/history
2017-03-10,2.490250,2.502250,2.459500,2.478000,499740000,https://finance.yahoo.com/quote/NVDA/history
2017-03-13,2.488500,2.556250,2.487750,2.546250,774136000,https://finance.yahoo.com/quote/NVDA/history
2017-03-14,2.559250,2.568750,2.511750,2.544500,522016000,https://finance.yahoo.com/quote/NVDA/history
2017-03-15,2.556250,2.574750,2.508000,2.563750,615036000,https://finance.yahoo.com/quote/NVDA/history
2017-03-16,2.574500,2.595750,2.560250,2.595250,523100000,https://finance.yahoo.com/quote/NVDA/history
2017-03-17,2.613000,2.653000,2.595250,2.651750,1119688000,https://finance.yahoo.com/quote/NVDA/history
2017-03-20,2.669500,2.740250,2.653250,2.736250,748568000,https://finance.yahoo.com/quote/NVDA/history
2017-03-21,2.718750,2.749000,2.639750,2.647750,913484000,https://finance.yahoo.com/quote/NVDA/history
2017-03-22,2.636500,2.706500,2.632500,2.701750,616764000,https://finance.yahoo.com/quote/NVDA/history
2017-03-23,2.693750,2.714000,2.667500,2.677250,533940000,https://finance.yahoo.com/quote/NVDA/history
2017-03-24,2.724250,2.732250,2.660500,2.686750,439500000,https://finance.yahoo.com/quote/NVDA/history
2017-03-27,2.639500,2.710250,2.589500,2.706250,506644000,https://finance.yahoo.com/quote/NVDA/history
2017-03-28,2.707500,2.722250,2.681750,2.692250,432444000,https://finance.yahoo.com/quote/NVDA/history
2017-03-29,2.699750,2.712250,2.681250,2.683500,349992000,https://finance.yahoo.com/quote/NVDA/history
2017-03-30,2.690750,2.750000,2.685000,2.735000,525532000,https://finance.yahoo.com/quote/NVDA/history
2017-03-31,2.725250,2.747250,2.710000,2.723250,440808000,https://finance.yahoo.com/quote/NVDA/history
2017-04-03,2.723750,2.741250,2.685500,2.709500,445232000,https://finance.yahoo.com/quote/NVDA/history
2017-04-04,2.585000,2.610500,2.508500,2.519500,1271280000,https://finance.yahoo.com/quote/NVDA/history
2017-04-05,2.500500,2.559250,2.487500,2.500750,747048000,https://finance.yahoo.com/quote/NVDA/history
2017-04-06,2.506000,2.531250,2.460250,2.519000,635120000,https://finance.yahoo.com/quote/NVDA/history
2017-04-07,2.525500,2.543250,2.493000,2.508250,429068000,https://finance.yahoo.com/quote/NVDA/history
2017-04-10,2.509000,2.515750,2.440000,2.444250,756332000,https://finance.yahoo.com/quote/NVDA/history
2017-04-11,2.413750,2.472500,2.408750,2.453000,618148000,https://finance.yahoo.com/quote/NVDA/history
2017-04-12,2.453000,2.467500,2.427500,2.432750,414092000,https://finance.yahoo.com/quote/NVDA/history
2017-04-13,2.408250,2.430250,2.387250,2.387250,506892000,https://finance.yahoo.com/quote/NVDA/history
2017-04-17,2.400250,2.481000,2.395000,2.480750,497292000,https://finance.yahoo.com/quote/NVDA/history
2017-04-18,2.466250,2.488500,2.440000,2.482250,370116000,https://finance.yahoo.com/quote/NVDA/history
2017-04-19,2.500000,2.524500,2.485250,2.492000,380828000,https://finance.yahoo.com/quote/NVDA/history
2017-04-20,2.506750,2.536250,2.485250,2.531500,404016000,https://finance.yahoo.com/quote/NVDA/history
2017-04-21,2.521000,2.544750,2.509000,2.542000,341896000,https://finance.yahoo.com/quote/NVDA/history
2017-04-24,2.574000,2.587000,2.552750,2.573750,371820000,https://finance.yahoo.com/quote/NVDA/history
2017-04-25,2.588500,2.633250,2.566750,2.618500,388440000,https://finance.yahoo.com/quote/NVDA/history
2017-04-26,2.632250,2.634750,2.598500,2.600500,327004000,https://finance.yahoo.com/quote/NVDA/history
2017-04-27,2.608000,2.649500,2.589750,2.641000,319700000,https://finance.yahoo.com/quote/NVDA/history
2017-04-28,2.634000,2.641000,2.601750,2.607500,348248000,https://finance.yahoo.com/quote/NVDA/history
2017-05-01,2.618500,2.671250,2.611250,2.666000,307732000,https://finance.yahoo.com/quote/NVDA/history
2017-05-02,2.638750,2.640000,2.564000,2.587000,629972000,https://finance.yahoo.com/quote/NVDA/history
2017-05-03,2.580000,2.616000,2.565000,2.606250,336904000,https://finance.yahoo.com/quote/NVDA/history
2017-05-04,2.612500,2.623750,2.588250,2.596250,209788000,https://finance.yahoo.com/quote/NVDA/history
2017-05-05,2.584500,2.603750,2.568750,2.596500,228428000,https://finance.yahoo.com/quote/NVDA/history
2017-05-08,2.608500,2.610000,2.557750,2.569250,365240000,https://finance.yahoo.com/quote/NVDA/history
2017-05-09,2.575000,2.623250,2.566500,2.573500,847672000,https://finance.yahoo.com/quote/NVDA/history
2017-05-10,2.857250,3.045500,2.850500,3.032250,2129096000,https://finance.yahoo.com/quote/NVDA/history
2017-05-11,3.001250,3.260750,2.997750,3.162500,1939792000,https://finance.yahoo.com/quote/NVDA/history
2017-05-12,3.165750,3.240000,3.144500,3.197250,962620000,https://finance.yahoo.com/quote/NVDA/history
2017-05-15,3.239000,3.360250,3.234500,3.357750,1087540000,https://finance.yahoo.com/quote/NVDA/history
2017-05-16,3.409500,3.436000,3.334000,3.420250,1120700000,https://finance.yahoo.com/quote/NVDA/history
2017-05-17,3.352500,3.371500,3.188750,3.193000,1271368000,https://finance.yahoo.com/quote/NVDA/history
2017-05-18,3.237500,3.335750,3.176250,3.326750,1156032000,https://finance.yahoo.com/quote/NVDA/history
2017-05-19,3.425750,3.455500,3.380500,3.400000,1018372000,https://finance.yahoo.com/quote/NVDA/history
2017-05-22,3.444250,3.487000,3.433250,3.472500,836608000,https://finance.yahoo.com/quote/NVDA/history
2017-05-23,3.492500,3.494750,3.392750,3.425750,681248000,https://finance.yahoo.com/quote/NVDA/history
2017-05-24,3.524000,3.526750,3.452000,3.464250,815996000,https://finance.yahoo.com/quote/NVDA/history
2017-05-25,3.500000,3.500750,3.411000,3.456500,608228000,https://finance.yahoo.com/quote/NVDA/history
2017-05-26,3.448250,3.632000,3.427750,3.546000,779140000,https://finance.yahoo.com/quote/NVDA/history
2017-05-30,3.592500,3.657250,3.576250,3.621750,989652000,https://finance.yahoo.com/quote/NVDA/history
2017-05-31,3.667250,3.675000,3.551250,3.608750,887316000,https://finance.yahoo.com/quote/NVDA/history
2017-06-01,3.624750,3.625750,3.563000,3.609000,503340000,https://finance.yahoo.com/quote/NVDA/history
2017-06-02,3.606000,3.632500,3.585000,3.591000,487456000,https://finance.yahoo.com/quote/NVDA/history
2017-06-05,3.574500,3.713250,3.562750,3.700250,817376000,https://finance.yahoo.com/quote/NVDA/history
2017-06-06,3.695500,3.742250,3.670000,3.683500,758728000,https://finance.yahoo.com/quote/NVDA/history
2017-06-07,3.708250,3.747000,3.692500,3.728000,612612000,https://finance.yahoo.com/quote/NVDA/history
2017-06-08,3.836500,4.000000,3.794750,3.998500,1161744000,https://finance.yahoo.com/quote/NVDA/history
2017-06-09,4.118500,4.212500,3.568750,3.740000,3692928000,https://finance.yahoo.com/quote/NVDA/history
2017-06-12,3.647000,3.792500,3.552750,3.749250,1697532000,https://finance.yahoo.com/quote/NVDA/history
2017-06-13,3.860000,3.869250,3.641250,3.785000,1672504000,https://finance.yahoo.com/quote/NVDA/history
2017-06-14,3.788000,3.851500,3.712500,3.793000,1184640000,https://finance.yahoo.com/quote/NVDA/history
2017-06-15,3.674000,3.840000,3.662500,3.809250,963824000,https://finance.yahoo.com/quote/NVDA/history
2017-06-16,3.819000,3.867500,3.756000,3.790500,924960000,https://finance.yahoo.com/quote/NVDA/history
2017-06-19,3.835250,3.938250,3.831500,3.933000,778176000,https://finance.yahoo.com/quote/NVDA/history
2017-06-20,3.975750,4.043500,3.923000,3.927250,1095444000,https://finance.yahoo.com/quote/NVDA/history
2017-06-21,3.955250,3.990500,3.892500,3.986750,682652000,https://finance.yahoo.com/quote/NVDA/history
2017-06-22,3.995000,4.008500,3.935000,3.959250,469132000,https://finance.yahoo.com/quote/NVDA/history
2017-06-23,3.967000,3.983000,3.830500,3.845750,1088588000,https://finance.yahoo.com/quote/NVDA/history
2017-06-26,3.879000,3.915000,3.708250,3.803750,1063960000,https://finance.yahoo.com/quote/NVDA/history
2017-06-27,3.786000,3.794750,3.658750,3.664500,999492000,https://finance.yahoo.com/quote/NVDA/history
2017-06-28,3.733000,3.798500,3.643750,3.793750,994948000,https://finance.yahoo.com/quote/NVDA/history
2017-06-29,3.765000,3.768000,3.602000,3.667000,1064424000,https://finance.yahoo.com/quote/NVDA/history
2017-06-30,3.684500,3.698250,3.587500,3.614000,731060000,https://finance.yahoo.com/quote/NVDA/history
2017-07-03,3.626250,3.641250,3.464500,3.483250,709072000,https://finance.yahoo.com/quote/NVDA/history
2017-07-05,3.547500,3.605500,3.528250,3.576250,820188000,https://finance.yahoo.com/quote/NVDA/history
2017-07-06,3.546750,3.634500,3.494000,3.587000,746284000,https://finance.yahoo.com/quote/NVDA/history
2017-07-07,3.644500,3.687500,3.621250,3.669000,654972000,https://finance.yahoo.com/quote/NVDA/history
2017-07-10,3.743500,3.850000,3.717000,3.842500,958492000,https://finance.yahoo.com/quote/NVDA/history
2017-07-11,3.846250,3.904750,3.803750,3.897000,757956000,https://finance.yahoo.com/quote/NVDA/history
2017-07-12,3.957500,4.075000,3.914000,4.062750,1145208000,https://finance.yahoo.com/quote/NVDA/history
2017-07-13,4.075000,4.157500,3.968750,4.015750,1369132000,https://finance.yahoo.com/quote/NVDA/history
2017-07-14,4.032250,4.125250,4.025250,4.123750,941948000,https://finance.yahoo.com/quote/NVDA/history
2017-07-17,4.158250,4.187500,4.043750,4.106250,930792000,https://finance.yahoo.com/quote/NVDA/history
2017-07-18,4.044500,4.163750,4.032500,4.149000,776640000,https://finance.yahoo.com/quote/NVDA/history
2017-07-19,4.158250,4.185000,4.115250,4.127500,687044000,https://finance.yahoo.com/quote/NVDA/history
2017-07-20,4.148250,4.187750,4.097750,4.187500,699596000,https://finance.yahoo.com/quote/NVDA/history
2017-07-21,4.166750,4.232500,4.152250,4.202500,648332000,https://finance.yahoo.com/quote/NVDA/history
2017-07-24,4.209750,4.219500,4.143000,4.153750,652524000,https://finance.yahoo.com/quote/NVDA/history
2017-07-25,4.130500,4.148250,4.089500,4.133750,496556000,https://finance.yahoo.com/quote/NVDA/history
2017-07-26,4.192000,4.248250,4.146250,4.181500,640404000,https://finance.yahoo.com/quote/NVDA/history
2017-07-27,4.206750,4.218500,3.939000,4.043500,782856000,https://finance.yahoo.com/quote/NVDA/history
2017-07-28,4.007250,4.134500,3.982000,4.109750,513348000,https://finance.yahoo.com/quote/NVDA/history
2017-07-31,4.123500,4.160000,4.015500,4.062750,559672000,https://finance.yahoo.com/quote/NVDA/history
2017-08-01,4.053250,4.114000,4.025000,4.112250,431384000,https://finance.yahoo.com/quote/NVDA/history
2017-08-02,4.143750,4.147750,4.031750,4.109750,478444000,https://finance.yahoo.com/quote/NVDA/history
2017-08-03,4.109250,4.165750,4.092000,4.162000,442420000,https://finance.yahoo.com/quote/NVDA/history
2017-08-04,4.185000,4.251750,4.162000,4.180250,589096000,https://finance.yahoo.com/quote/NVDA/history
2017-08-07,4.209750,4.309250,4.200000,4.308750,717412000,https://finance.yahoo.com/quote/NVDA/history
2017-08-08,4.347250,4.364000,4.217750,4.257500,755336000,https://finance.yahoo.com/quote/NVDA/history
2017-08-09,4.210750,4.305250,4.191750,4.302750,530784000,https://finance.yahoo.com/quote/NVDA/history
2017-08-10,4.304000,4.316500,4.108250,4.118500,1328088000,https://finance.yahoo.com/quote/NVDA/history
2017-08-11,3.928500,3.975000,3.822750,3.899000,1497196000,https://finance.yahoo.com/quote/NVDA/history
2017-08-14,3.991750,4.213750,3.980000,4.210000,1279020000,https://finance.yahoo.com/quote/NVDA/history
2017-08-15,4.215250,4.241750,4.139750,4.174500,764532000,https://finance.yahoo.com/quote/NVDA/history
2017-08-16,4.189750,4.213500,4.096000,4.128750,596632000,https://finance.yahoo.com/quote/NVDA/history
2017-08-17,4.120250,4.137500,4.034500,4.036750,525444000,https://finance.yahoo.com/quote/NVDA/history
2017-08-18,4.091750,4.109000,3.991000,4.037500,601204000,https://finance.yahoo.com/quote/NVDA/history
2017-08-21,4.062250,4.073750,3.934250,3.978750,623672000,https://finance.yahoo.com/quote/NVDA/history
2017-08-22,4.012250,4.069750,3.992750,4.063750,450456000,https://finance.yahoo.com/quote/NVDA/history
2017-08-23,4.030000,4.156250,4.021250,4.145000,579520000,https://finance.yahoo.com/quote/NVDA/history
2017-08-24,4.177500,4.182000,4.103000,4.129750,469700000,https://finance.yahoo.com/quote/NVDA/history
2017-08-25,4.154250,4.164500,4.088750,4.095250,357200000,https://finance.yahoo.com/quote/NVDA/history
2017-08-28,4.114500,4.127500,4.058250,4.124250,389496000,https://finance.yahoo.com/quote/NVDA/history
2017-08-29,4.064750,4.139500,4.056500,4.117500,324096000,https://finance.yahoo.com/quote/NVDA/history
2017-08-30,4.137500,4.153250,4.106750,4.142000,384400000,https://finance.yahoo.com/quote/NVDA/history
2017-08-31,4.162500,4.240000,4.155000,4.236000,612684000,https://finance.yahoo.com/quote/NVDA/history
2017-09-01,4.248750,4.297500,4.240000,4.261500,445432000,https://finance.yahoo.com/quote/NVDA/history
2017-09-05,4.209500,4.214500,4.089000,4.147750,695364000,https://finance.yahoo.com/quote/NVDA/history
2017-09-06,4.181000,4.195000,4.110000,4.145250,397672000,https://finance.yahoo.com/quote/NVDA/history
2017-09-07,4.162250,4.197250,4.123750,4.164500,352868000,https://finance.yahoo.com/quote/NVDA/history
2017-09-08,4.152750,4.167750,4.067750,4.092250,498856000,https://finance.yahoo.com/quote/NVDA/history
2017-09-11,4.138500,4.235750,4.133000,4.225000,567444000,https://finance.yahoo.com/quote/NVDA/history
2017-09-12,4.250000,4.250000,4.174250,4.240250,411488000,https://finance.yahoo.com/quote/NVDA/history
2017-09-13,4.214750,4.288500,4.182000,4.259250,580960000,https://finance.yahoo.com/quote/NVDA/history
2017-09-14,4.219750,4.314000,4.195000,4.235000,513712000,https://finance.yahoo.com/quote/NVDA/history
2017-09-15,4.321500,4.502750,4.316250,4.502750,1364792000,https://finance.yahoo.com/quote/NVDA/history
2017-09-18,4.628500,4.780000,4.621500,4.688750,1684460000,https://finance.yahoo.com/quote/NVDA/history
2017-09-19,4.637750,4.746250,4.615500,4.683750,874280000,https://finance.yahoo.com/quote/NVDA/history
2017-09-20,4.687500,4.735500,4.605250,4.646000,724920000,https://finance.yahoo.com/quote/NVDA/history
2017-09-21,4.541000,4.567500,4.440250,4.519000,1075600000,https://finance.yahoo.com/quote/NVDA/history
2017-09-22,4.507500,4.557750,4.465000,4.475000,491232000,https://finance.yahoo.com/quote/NVDA/history
2017-09-25,4.443750,4.445000,4.254000,4.275000,874580000,https://finance.yahoo.com/quote/NVDA/history
2017-09-26,4.411250,4.467000,4.258750,4.299000,1125620000,https://finance.yahoo.com/quote/NVDA/history
2017-09-27,4.390500,4.406750,4.318750,4.393250,713720000,https://finance.yahoo.com/quote/NVDA/history
2017-09-28,4.400500,4.404500,4.344000,4.392000,435244000,https://finance.yahoo.com/quote/NVDA/history
2017-09-29,4.477000,4.493250,4.431250,4.469250,619092000,https://finance.yahoo.com/quote/NVDA/history
2017-10-02,4.520000,4.549500,4.425000,4.475000,503480000,https://finance.yahoo.com/quote/NVDA/history
2017-10-03,4.481250,4.514500,4.439500,4.484250,390332000,https://finance.yahoo.com/quote/NVDA/history
2017-10-04,4.490500,4.544250,4.453500,4.521750,427848000,https://finance.yahoo.com/quote/NVDA/history
2017-10-05,4.546500,4.550000,4.489000,4.519250,437364000,https://finance.yahoo.com/quote/NVDA/history
2017-10-06,4.491250,4.546000,4.475000,4.532500,318800000,https://finance.yahoo.com/quote/NVDA/history
2017-10-09,4.569750,4.668250,4.550750,4.634750,563492000,https://finance.yahoo.com/quote/NVDA/history
2017-10-10,4.785750,4.823750,4.681500,4.723250,974876000,https://finance.yahoo.com/quote/NVDA/history
2017-10-11,4.740000,4.775000,4.693500,4.773500,529508000,https://finance.yahoo.com/quote/NVDA/history
2017-10-12,4.777000,4.827250,4.748250,4.775750,528292000,https://finance.yahoo.com/quote/NVDA/history
2017-10-13,4.838750,4.875000,4.791250,4.864750,628728000,https://finance.yahoo.com/quote/NVDA/history
2017-10-16,4.895000,4.951250,4.831000,4.948250,576640000,https://finance.yahoo.com/quote/NVDA/history
2017-10-17,4.927250,4.972500,4.908750,4.943750,478596000,https://finance.yahoo.com/quote/NVDA/history
2017-10-18,4.952750,4.953500,4.833000,4.939500,567316000,https://finance.yahoo.com/quote/NVDA/history
2017-10-19,4.861000,4.950000,4.811250,4.945000,570772000,https://finance.yahoo.com/quote/NVDA/history
2017-10-20,4.962250,4.989750,4.913500,4.922500,451620000,https://finance.yahoo.com/quote/NVDA/history
2017-10-23,4.944500,4.971250,4.895000,4.915500,428696000,https://finance.yahoo.com/quote/NVDA/history
2017-10-24,4.924750,4.968750,4.898500,4.967000,407244000,https://finance.yahoo.com/quote/NVDA/history
2017-10-25,4.927000,4.980500,4.779250,4.841500,828160000,https://finance.yahoo.com/quote/NVDA/history
2017-10-26,4.869500,4.904000,4.845250,4.892250,322744000,https://finance.yahoo.com/quote/NVDA/history
2017-10-27,4.945000,5.046750,4.918750,5.046500,572192000,https://finance.yahoo.com/quote/NVDA/history
2017-10-30,5.046500,5.152250,5.030500,5.096000,504056000,https://finance.yahoo.com/quote/NVDA/history
2017-10-31,5.128250,5.197250,5.122500,5.170250,411908000,https://finance.yahoo.com/quote/NVDA/history
2017-11-01,5.233750,5.249250,5.115000,5.180000,502576000,https://finance.yahoo.com/quote/NVDA/history
2017-11-02,5.150000,5.195250,5.091250,5.148500,342308000,https://finance.yahoo.com/quote/NVDA/history
2017-11-03,5.180000,5.217250,5.133500,5.217250,353640000,https://finance.yahoo.com/quote/NVDA/history
2017-11-06,5.180000,5.249500,5.167500,5.240750,389944000,https://finance.yahoo.com/quote/NVDA/history
2017-11-07,5.263750,5.322500,5.251500,5.300750,427700000,https://finance.yahoo.com/quote/NVDA/history
2017-11-08,5.296250,5.300000,5.181000,5.229000,522988000,https://finance.yahoo.com/quote/NVDA/history
2017-11-09,5.131750,5.158250,5.009250,5.133000,978564000,https://finance.yahoo.com/quote/NVDA/history
2017-11-10,5.327000,5.466750,5.290750,5.403500,1253256000,https://finance.yahoo.com/quote/NVDA/history
2017-11-13,5.403500,5.429250,5.300250,5.315750,582376000,https://finance.yahoo.com/quote/NVDA/history
2017-11-14,5.325000,5.370000,5.280750,5.354500,529292000,https://finance.yahoo.com/quote/NVDA/history
2017-11-15,5.298750,5.300000,5.195000,5.249500,501948000,https://finance.yahoo.com/quote/NVDA/history
2017-11-16,5.324500,5.355000,5.281250,5.290250,441768000,https://finance.yahoo.com/quote/NVDA/history
2017-11-17,5.348000,5.383750,5.268750,5.284000,515664000,https://finance.yahoo.com/quote/NVDA/history
2017-11-20,5.299750,5.364250,5.262500,5.352000,396100000,https://finance.yahoo.com/quote/NVDA/history
2017-11-21,5.392250,5.413000,5.360000,5.401250,399176000,https://finance.yahoo.com/quote/NVDA/history
2017-11-22,5.425000,5.425000,5.340250,5.373250,356640000,https://finance.yahoo.com/quote/NVDA/history
2017-11-24,5.389750,5.425000,5.365000,5.424000,180752000,https://finance.yahoo.com/quote/NVDA/history
2017-11-27,5.432750,5.434000,5.350250,5.353500,422896000,https://finance.yahoo.com/quote/NVDA/history
2017-11-28,5.358750,5.368250,5.206000,5.267750,512752000,https://finance.yahoo.com/quote/NVDA/history
2017-11-29,5.250250,5.253000,4.780750,4.910500,1396788000,https://finance.yahoo.com/quote/NVDA/history
2017-11-30,4.980000,5.067000,4.916250,5.017750,823768000,https://finance.yahoo.com/quote/NVDA/history
2017-12-01,4.982750,5.003250,4.811750,4.942000,811548000,https://finance.yahoo.com/quote/NVDA/history
2017-12-04,5.001250,5.007500,4.612500,4.666500,1240844000,https://finance.yahoo.com/quote/NVDA/history
2017-12-05,4.560000,4.817500,4.514500,4.693500,981488000,https://finance.yahoo.com/quote/NVDA/history
2017-12-06,4.642500,4.753500,4.621000,4.731500,467032000,https://finance.yahoo.com/quote/NVDA/history
2017-12-07,4.799000,4.840000,4.753000,4.799750,542600000,https://finance.yahoo.com/quote/NVDA/history
2017-12-08,4.850250,4.869500,4.778750,4.787250,466876000,https://finance.yahoo.com/quote/NVDA/history
2017-12-11,4.801500,4.869500,4.785500,4.866500,372748000,https://finance.yahoo.com/quote/NVDA/history
2017-12-12,4.822500,4.846000,4.747250,4.771000,455016000,https://finance.yahoo.com/quote/NVDA/history
2017-12-13,4.812500,4.813750,4.647000,4.654500,554280000,https://finance.yahoo.com/quote/NVDA/history
2017-12-14,4.648000,4.733500,4.615000,4.661750,438164000,https://finance.yahoo.com/quote/NVDA/history
2017-12-15,4.706250,4.809500,4.640500,4.789000,670036000,https://finance.yahoo.com/quote/NVDA/history
2017-12-18,4.830000,4.950500,4.800000,4.947500,477704000,https://finance.yahoo.com/quote/NVDA/history
2017-12-19,4.938000,4.943250,4.874000,4.902750,373100000,https://finance.yahoo.com/quote/NVDA/history
2017-12-20,4.942500,4.951750,4.863750,4.920000,288820000,https://finance.yahoo.com/quote/NVDA/history
2017-12-21,4.923500,4.948750,4.888750,4.897250,300904000,https://finance.yahoo.com/quote/NVDA/history
2017-12-22,4.860000,4.891250,4.781250,4.881750,466276000,https://finance.yahoo.com/quote/NVDA/history
2017-12-26,4.825750,4.943750,4.795500,4.936000,355080000,https://finance.yahoo.com/quote/NVDA/history
2017-12-27,4.922500,4.999250,4.907750,4.929250,329488000,https://finance.yahoo.com/quote/NVDA/history
2017-12-28,4.953250,4.984500,4.928750,4.935000,240248000,https://finance.yahoo.com/quote/NVDA/history
2017-12-29,4.961500,4.961500,4.837500,4.837500,279964000,https://finance.yahoo.com/quote/NVDA/history
2018-01-02,4.894500,4.987500,4.862500,4.983750,355616000,https://finance.yahoo.com/quote/NVDA/history
2018-01-03,5.102500,5.342500,5.093750,5.311750,914704000,https://finance.yahoo.com/quote/NVDA/history
2018-01-04,5.394000,5.451250,5.317250,5.339750,583268000,https://finance.yahoo.com/quote/NVDA/history
2018-01-05,5.354750,5.422750,5.277000,5.385000,580124000,https://finance.yahoo.com/quote/NVDA/history
2018-01-08,5.510000,5.625000,5.464500,5.550000,881216000,https://finance.yahoo.com/quote/NVDA/history
2018-01-09,5.555500,5.595500,5.466000,5.548500,497000000,https://finance.yahoo.com/quote/NVDA/history
2018-01-10,5.455000,5.595500,5.400000,5.592000,582664000,https://finance.yahoo.com/quote/NVDA/history
2018-01-11,5.625000,5.656750,5.580250,5.602000,406032000,https://finance.yahoo.com/quote/NVDA/history
2018-01-12,5.590000,5.624750,5.533500,5.574500,359916000,https://finance.yahoo.com/quote/NVDA/history
2018-01-16,5.601250,5.687750,5.417250,5.502750,702348000,https://finance.yahoo.com/quote/NVDA/history
2018-01-17,5.517500,5.628000,5.422500,5.618000,538408000,https://finance.yahoo.com/quote/NVDA/history
2018-01-18,5.598500,5.666000,5.567000,5.611000,408632000,https://finance.yahoo.com/quote/NVDA/history
2018-01-19,5.702250,5.777250,5.675000,5.752750,609380000,https://finance.yahoo.com/quote/NVDA/history
2018-01-22,5.760750,5.844000,5.702500,5.842250,550944000,https://finance.yahoo.com/quote/NVDA/history
2018-01-23,5.896250,5.995750,5.877500,5.972750,475228000,https://finance.yahoo.com/quote/NVDA/history
2018-01-24,5.976000,6.012250,5.838750,5.895000,579972000,https://finance.yahoo.com/quote/NVDA/history
2018-01-25,5.950000,5.993750,5.893750,5.908750,409884000,https://finance.yahoo.com/quote/NVDA/history
2018-01-26,5.953000,6.083500,5.940000,6.083250,516356000,https://finance.yahoo.com/quote/NVDA/history
2018-01-29,6.068500,6.202750,6.015250,6.171250,455116000,https://finance.yahoo.com/quote/NVDA/history
2018-01-30,6.027750,6.160500,5.960250,6.068000,570832000,https://finance.yahoo.com/quote/NVDA/history
2018-01-31,6.144250,6.231750,6.111250,6.145000,478576000,https://finance.yahoo.com/quote/NVDA/history
2018-02-01,5.963000,6.172500,5.951500,6.012500,519224000,https://finance.yahoo.com/quote/NVDA/history
2018-02-02,5.925000,5.949250,5.779250,5.838000,718464000,https://finance.yahoo.com/quote/NVDA/history
2018-02-05,5.675000,5.830750,5.125000,5.342500,1165204000,https://finance.yahoo.com/quote/NVDA/history
2018-02-06,5.110000,5.642500,5.100000,5.639500,1114800000,https://finance.yahoo.com/quote/NVDA/history
2018-02-07,5.739500,5.874250,5.667500,5.720000,802932000,https://finance.yahoo.com/quote/NVDA/history
2018-02-08,5.847000,5.880500,5.437750,5.438000,1144000000,https://finance.yahoo.com/quote/NVDA/history
2018-02-09,5.956250,5.972250,5.438000,5.802000,1674604000,https://finance.yahoo.com/quote/NVDA/history
2018-02-12,5.884000,5.887000,5.625750,5.700750,1093172000,https://finance.yahoo.com/quote/NVDA/history
2018-02-13,5.664000,5.862500,5.631250,5.815750,625524000,https://finance.yahoo.com/quote/NVDA/history
2018-02-14,5.775000,6.064750,5.763750,6.035500,744988000,https://finance.yahoo.com/quote/NVDA/history
2018-02-15,6.119750,6.209250,6.038000,6.162500,698900000,https://finance.yahoo.com/quote/NVDA/history
2018-02-16,6.135000,6.250000,6.086750,6.096000,637656000,https://finance.yahoo.com/quote/NVDA/history
2018-02-20,6.118750,6.296750,6.115000,6.227000,686240000,https://finance.yahoo.com/quote/NVDA/history
2018-02-21,6.292250,6.299250,6.034000,6.037750,892292000,https://finance.yahoo.com/quote/NVDA/history
2018-02-22,6.068250,6.140750,5.987500,6.053750,534364000,https://finance.yahoo.com/quote/NVDA/history
2018-02-23,6.114250,6.148250,6.063000,6.148250,415300000,https://finance.yahoo.com/quote/NVDA/history
2018-02-26,6.195000,6.199500,6.101500,6.164500,469312000,https://finance.yahoo.com/quote/NVDA/history
2018-02-27,6.137500,6.222750,6.128250,6.151500,455436000,https://finance.yahoo.com/quote/NVDA/history
2018-02-28,6.162500,6.202500,6.038250,6.050000,523116000,https://finance.yahoo.com/quote/NVDA/history
2018-03-01,6.047750,6.102250,5.703000,5.805250,1040120000,https://finance.yahoo.com/quote/NVDA/history
2018-03-02,5.696500,5.920000,5.546250,5.913500,913428000,https://finance.yahoo.com/quote/NVDA/history
2018-03-05,5.862750,5.931250,5.738000,5.891250,620776000,https://finance.yahoo.com/quote/NVDA/history
2018-03-06,5.977500,6.073500,5.934000,6.054000,636808000,https://finance.yahoo.com/quote/NVDA/history
2018-03-07,5.950000,6.098750,5.948750,6.046000,581208000,https://finance.yahoo.com/quote/NVDA/history
2018-03-08,6.073750,6.073750,5.984750,6.029500,411912000,https://finance.yahoo.com/quote/NVDA/history
2018-03-09,6.077500,6.146250,6.061250,6.133250,505524000,https://finance.yahoo.com/quote/NVDA/history
2018-03-12,6.175000,6.325000,6.166750,6.244000,605060000,https://finance.yahoo.com/quote/NVDA/history
2018-03-13,6.287250,6.362500,6.151000,6.192750,619772000,https://finance.yahoo.com/quote/NVDA/history
2018-03-14,6.236250,6.263750,6.155500,6.218500,505496000,https://finance.yahoo.com/quote/NVDA/history
2018-03-15,6.232250,6.315500,6.191000,6.233500,401952000,https://finance.yahoo.com/quote/NVDA/history
2018-03-16,6.250000,6.281250,6.212000,6.262000,399456000,https://finance.yahoo.com/quote/NVDA/history
2018-03-19,6.204500,6.233750,5.925000,6.025000,713772000,https://finance.yahoo.com/quote/NVDA/history
2018-03-20,6.028000,6.278750,6.028000,6.239500,554696000,https://finance.yahoo.com/quote/NVDA/history
2018-03-21,6.233000,6.300000,6.183250,6.214000,438688000,https://finance.yahoo.com/quote/NVDA/history
2018-03-22,6.150000,6.197000,6.008500,6.046250,551196000,https://finance.yahoo.com/quote/NVDA/history
2018-03-23,6.060000,6.062500,5.813000,5.824250,735620000,https://finance.yahoo.com/quote/NVDA/history
2018-03-26,5.950000,6.113250,5.897500,6.112000,611424000,https://finance.yahoo.com/quote/NVDA/history
2018-03-27,6.193750,6.250000,5.496250,5.638000,1409000000,https://finance.yahoo.com/quote/NVDA/history
2018-03-28,5.603250,5.734750,5.425000,5.533750,945904000,https://finance.yahoo.com/quote/NVDA/history
2018-03-29,5.602750,5.887500,5.517500,5.789750,916628000,https://finance.yahoo.com/quote/NVDA/history
2018-04-02,5.718500,5.866250,5.437500,5.526250,922092000,https://finance.yahoo.com/quote/NVDA/history
2018-04-03,5.695000,5.758750,5.533750,5.633750,667432000,https://finance.yahoo.com/quote/NVDA/history
2018-04-04,5.375250,5.666500,5.350000,5.656000,789168000,https://finance.yahoo.com/quote/NVDA/history
2018-04-05,5.715000,5.728250,5.462250,5.534500,701240000,https://finance.yahoo.com/quote/NVDA/history
2018-04-06,5.430750,5.540000,5.326750,5.356250,662988000,https://finance.yahoo.com/quote/NVDA/history
2018-04-09,5.420000,5.549250,5.365000,5.385250,499524000,https://finance.yahoo.com/quote/NVDA/history
2018-04-10,5.618000,5.725000,5.560250,5.697750,761676000,https://finance.yahoo.com/quote/NVDA/history
2018-04-11,5.682750,5.724500,5.623000,5.656000,460244000,https://finance.yahoo.com/quote/NVDA/history
2018-04-12,5.750000,5.883000,5.705250,5.865000,593920000,https://finance.yahoo.com/quote/NVDA/history
2018-04-13,5.929250,5.937750,5.738750,5.787500,503036000,https://finance.yahoo.com/quote/NVDA/history
2018-04-16,5.794250,5.821000,5.692000,5.787250,350792000,https://finance.yahoo.com/quote/NVDA/history
2018-04-17,5.840000,5.960000,5.783750,5.938500,447224000,https://finance.yahoo.com/quote/NVDA/history
2018-04-18,5.887500,5.981250,5.819250,5.909250,391364000,https://finance.yahoo.com/quote/NVDA/history
2018-04-19,5.793750,5.827500,5.670000,5.726000,471996000,https://finance.yahoo.com/quote/NVDA/history
2018-04-20,5.717250,5.802500,5.686250,5.717750,386200000,https://finance.yahoo.com/quote/NVDA/history
2018-04-23,5.735750,5.787500,5.570750,5.597000,427508000,https://finance.yahoo.com/quote/NVDA/history
2018-04-24,5.623000,5.720000,5.464000,5.530000,414596000,https://finance.yahoo.com/quote/NVDA/history
2018-04-25,5.500000,5.539500,5.257500,5.416500,588492000,https://finance.yahoo.com/quote/NVDA/history
2018-04-26,5.580000,5.638750,5.513250,5.630500,375824000,https://finance.yahoo.com/quote/NVDA/history
2018-04-27,5.737500,5.757500,5.615500,5.658250,400848000,https://finance.yahoo.com/quote/NVDA/history
2018-04-30,5.674750,5.725000,5.603000,5.622500,327844000,https://finance.yahoo.com/quote/NVDA/history
2018-05-01,5.614250,5.681250,5.555000,5.678500,253788000,https://finance.yahoo.com/quote/NVDA/history
2018-05-02,5.675000,5.720000,5.631250,5.657750,268248000,https://finance.yahoo.com/quote/NVDA/history
2018-05-03,5.690000,5.851250,5.644250,5.824750,443144000,https://finance.yahoo.com/quote/NVDA/history
2018-05-04,5.795750,5.979750,5.778250,5.976500,400660000,https://finance.yahoo.com/quote/NVDA/history
2018-05-07,6.082250,6.274750,6.072250,6.217000,687616000,https://finance.yahoo.com/quote/NVDA/history
2018-05-08,6.217250,6.262750,6.167750,6.260000,506616000,https://finance.yahoo.com/quote/NVDA/history
2018-05-09,6.280250,6.396750,6.252750,6.394500,596760000,https://finance.yahoo.com/quote/NVDA/history
2018-05-10,6.448000,6.512500,6.430000,6.503250,994080000,https://finance.yahoo.com/quote/NVDA/history
2018-05-11,6.319500,6.494750,6.263500,6.363250,1214456000,https://finance.yahoo.com/quote/NVDA/history
2018-05-14,6.401750,6.462250,6.360000,6.384000,523140000,https://finance.yahoo.com/quote/NVDA/history
2018-05-15,6.319750,6.322500,6.037500,6.139000,963528000,https://finance.yahoo.com/quote/NVDA/history
2018-05-16,6.100000,6.213000,6.062750,6.150250,553828000,https://finance.yahoo.com/quote/NVDA/history
2018-05-17,6.152000,6.287500,6.135750,6.192750,519784000,https://finance.yahoo.com/quote/NVDA/history
2018-05-18,6.245250,6.309250,6.143500,6.148500,483716000,https://finance.yahoo.com/quote/NVDA/history
2018-05-21,6.247000,6.250750,6.012250,6.106000,640624000,https://finance.yahoo.com/quote/NVDA/history
2018-05-22,6.119500,6.145000,6.006250,6.067500,518264000,https://finance.yahoo.com/quote/NVDA/history
2018-05-23,6.007000,6.189750,6.006250,6.188500,442956000,https://finance.yahoo.com/quote/NVDA/history
2018-05-24,6.184750,6.235000,6.131000,6.192250,437372000,https://finance.yahoo.com/quote/NVDA/history
2018-05-25,6.205000,6.248500,6.169000,6.232000,292112000,https://finance.yahoo.com/quote/NVDA/history
2018-05-29,6.213750,6.283500,6.167500,6.214750,352684000,https://finance.yahoo.com/quote/NVDA/history
2018-05-30,6.248750,6.333500,6.223750,6.324750,390996000,https://finance.yahoo.com/quote/NVDA/history
2018-05-31,6.292500,6.380000,6.281750,6.304750,493868000,https://finance.yahoo.com/quote/NVDA/history
2018-06-01,6.350000,6.446750,6.341250,6.440500,421968000,https://finance.yahoo.com/quote/NVDA/history
2018-06-04,6.475000,6.643500,6.442500,6.621250,642024000,https://finance.yahoo.com/quote/NVDA/history
2018-06-05,6.624500,6.664750,6.579250,6.626750,391712000,https://finance.yahoo.com/quote/NVDA/history
2018-06-06,6.535750,6.632000,6.519250,6.628750,371356000,https://finance.yahoo.com/quote/NVDA/history
2018-06-07,6.625000,6.637000,6.481250,6.572500,369448000,https://finance.yahoo.com/quote/NVDA/history
2018-06-08,6.499000,6.600000,6.480000,6.557000,360456000,https://finance.yahoo.com/quote/NVDA/history
2018-06-11,6.544250,6.586250,6.502500,6.515500,265372000,https://finance.yahoo.com/quote/NVDA/history
2018-06-12,6.542250,6.576750,6.491500,6.564500,319160000,https://finance.yahoo.com/quote/NVDA/history
2018-06-13,6.566000,6.641750,6.550750,6.560000,338208000,https://finance.yahoo.com/quote/NVDA/history
2018-06-14,6.605500,6.730000,6.590500,6.672750,430016000,https://finance.yahoo.com/quote/NVDA/history
2018-06-15,6.615000,6.687000,6.583750,6.631500,432260000,https://finance.yahoo.com/quote/NVDA/history
2018-06-18,6.587000,6.645000,6.559500,6.627250,356268000,https://finance.yahoo.com/quote/NVDA/history
2018-06-19,6.523000,6.591000,6.375500,6.504250,594932000,https://finance.yahoo.com/quote/NVDA/history
2018-06-20,6.545750,6.611250,6.507000,6.557750,369780000,https://finance.yahoo.com/quote/NVDA/history
2018-06-21,6.590000,6.608500,6.420000,6.427750,359516000,https://finance.yahoo.com/quote/NVDA/history
2018-06-22,6.448750,6.462250,6.258250,6.273750,434160000,https://finance.yahoo.com/quote/NVDA/history
2018-06-25,6.166250,6.170000,5.888500,5.978000,665816000,https://finance.yahoo.com/quote/NVDA/history
2018-06-26,6.092500,6.141250,5.997750,6.049750,478884000,https://finance.yahoo.com/quote/NVDA/history
2018-06-27,6.093750,6.160750,5.887500,5.893000,453892000,https://finance.yahoo.com/quote/NVDA/history
2018-06-28,5.883000,6.033500,5.875250,6.021500,338012000,https://finance.yahoo.com/quote/NVDA/history
2018-06-29,6.087250,6.100000,5.921250,5.922500,392300000,https://finance.yahoo.com/quote/NVDA/history
2018-07-02,5.852250,6.059750,5.831500,6.056000,357572000,https://finance.yahoo.com/quote/NVDA/history
2018-07-03,6.091000,6.097000,5.912500,5.921000,222732000,https://finance.yahoo.com/quote/NVDA/history
2018-07-05,5.976750,6.073250,5.937500,6.068250,306216000,https://finance.yahoo.com/quote/NVDA/history
2018-07-06,6.043500,6.191750,6.022000,6.183250,296352000,https://finance.yahoo.com/quote/NVDA/history
2018-07-09,6.258250,6.268000,6.151750,6.231250,303880000,https://finance.yahoo.com/quote/NVDA/history
2018-07-10,6.243750,6.353500,6.203000,6.331250,360016000,https://finance.yahoo.com/quote/NVDA/history
2018-07-11,6.237500,6.272500,6.177500,6.188250,367508000,https://finance.yahoo.com/quote/NVDA/history
2018-07-12,6.234000,6.329250,6.224000,6.280750,345508000,https://finance.yahoo.com/quote/NVDA/history
2018-07-13,6.299500,6.299500,6.190500,6.233000,246988000,https://finance.yahoo.com/quote/NVDA/history
2018-07-16,6.205000,6.258500,6.192500,6.205000,197036000,https://finance.yahoo.com/quote/NVDA/history
2018-07-17,6.155250,6.357500,6.129500,6.342250,362136000,https://finance.yahoo.com/quote/NVDA/history
2018-07-18,6.334750,6.348750,6.241000,6.292500,277640000,https://finance.yahoo.com/quote/NVDA/history
2018-07-19,6.273500,6.334750,6.258250,6.300750,235752000,https://finance.yahoo.com/quote/NVDA/history
2018-07-20,6.298250,6.337500,6.261250,6.272250,222352000,https://finance.yahoo.com/quote/NVDA/history
2018-07-23,6.245500,6.247250,6.082000,6.235250,301584000,https://finance.yahoo.com/quote/NVDA/history
2018-07-24,6.283750,6.371250,6.200000,6.217750,354620000,https://finance.yahoo.com/quote/NVDA/history
2018-07-25,6.227250,6.309500,6.168750,6.296750,319112000,https://finance.yahoo.com/quote/NVDA/history
2018-07-26,6.276500,6.408250,6.259500,6.371000,325124000,https://finance.yahoo.com/quote/NVDA/history
2018-07-27,6.408000,6.415000,6.246000,6.300500,295420000,https://finance.yahoo.com/quote/NVDA/history
2018-07-30,6.314750,6.320750,6.068000,6.103250,340340000,https://finance.yahoo.com/quote/NVDA/history
2018-07-31,6.092750,6.197000,6.053500,6.121500,283988000,https://finance.yahoo.com/quote/NVDA/history
2018-08-01,6.153250,6.209000,6.097250,6.161750,283556000,https://finance.yahoo.com/quote/NVDA/history
2018-08-02,6.089750,6.269500,6.030250,6.265500,269668000,https://finance.yahoo.com/quote/NVDA/history
2018-08-03,6.290250,6.326500,6.273250,6.302500,214288000,https://finance.yahoo.com/quote/NVDA/history
2018-08-06,6.289750,6.354250,6.242750,6.350750,207508000,https://finance.yahoo.com/quote/NVDA/history
2018-08-07,6.400000,6.442500,6.373000,6.423750,258132000,https://finance.yahoo.com/quote/NVDA/history
2018-08-08,6.425000,6.506000,6.389750,6.460500,262100000,https://finance.yahoo.com/quote/NVDA/history
2018-08-09,6.478500,6.481250,6.403750,6.411500,204280000,https://finance.yahoo.com/quote/NVDA/history
2018-08-10,6.328750,6.402500,6.317500,6.369750,256396000,https://finance.yahoo.com/quote/NVDA/history
2018-08-13,6.378500,6.525000,6.376750,6.403000,375208000,https://finance.yahoo.com/quote/NVDA/history
2018-08-14,6.509500,6.550000,6.425500,6.535750,466220000,https://finance.yahoo.com/quote/NVDA/history
2018-08-15,6.556750,6.591000,6.397500,6.477000,591136000,https://finance.yahoo.com/quote/NVDA/history
2018-08-16,6.547500,6.550000,6.375250,6.436000,801260000,https://finance.yahoo.com/quote/NVDA/history
2018-08-17,6.323500,6.324250,6.093250,6.120500,1143188000,https://finance.yahoo.com/quote/NVDA/history
2018-08-20,6.079500,6.330000,5.968000,6.196000,854388000,https://finance.yahoo.com/quote/NVDA/history
2018-08-21,6.212500,6.337500,6.192500,6.333000,673988000,https://finance.yahoo.com/quote/NVDA/history
2018-08-22,6.300000,6.575500,6.296500,6.570500,749856000,https://finance.yahoo.com/quote/NVDA/history
2018-08-23,6.531500,6.737000,6.517500,6.671000,720684000,https://finance.yahoo.com/quote/NVDA/history
2018-08-24,6.679500,6.820250,6.675000,6.805500,531512000,https://finance.yahoo.com/quote/NVDA/history
2018-08-27,6.835500,6.972500,6.803750,6.897500,505776000,https://finance.yahoo.com/quote/NVDA/history
2018-08-28,6.891500,6.914500,6.738250,6.859500,475384000,https://finance.yahoo.com/quote/NVDA/history
2018-08-29,6.848000,6.987500,6.827000,6.962250,420108000,https://finance.yahoo.com/quote/NVDA/history
2018-08-30,6.930750,7.043000,6.908000,6.945250,346608000,https://finance.yahoo.com/quote/NVDA/history
2018-08-31,6.925000,7.030000,6.915000,7.017000,306592000,https://finance.yahoo.com/quote/NVDA/history
2018-09-04,7.003750,7.130500,6.975000,7.092500,391720000,https://finance.yahoo.com/quote/NVDA/history
2018-09-05,7.074750,7.110500,6.878750,6.960500,393156000,https://finance.yahoo.com/quote/NVDA/history
2018-09-06,6.944000,6.946500,6.784750,6.818000,322796000,https://finance.yahoo.com/quote/NVDA/history
2018-09-07,6.725000,6.923250,6.679750,6.796500,295420000,https://finance.yahoo.com/quote/NVDA/history
2018-09-10,6.819250,6.898250,6.775000,6.868250,220140000,https://finance.yahoo.com/quote/NVDA/history
2018-09-11,6.821500,6.910000,6.800500,6.820000,243112000,https://finance.yahoo.com/quote/NVDA/history
2018-09-12,6.779750,6.799500,6.548000,6.705000,419092000,https://finance.yahoo.com/quote/NVDA/history
2018-09-13,6.771500,6.875000,6.754000,6.783500,305536000,https://finance.yahoo.com/quote/NVDA/history
2018-09-14,6.874750,6.977500,6.837500,6.910750,386936000,https://finance.yahoo.com/quote/NVDA/history
2018-09-17,6.885000,6.934500,6.828750,6.848250,205528000,https://finance.yahoo.com/quote/NVDA/history
2018-09-18,6.852250,6.956000,6.768750,6.775500,299520000,https://finance.yahoo.com/quote/NVDA/history
2018-09-19,6.756750,6.817500,6.706250,6.799500,224860000,https://finance.yahoo.com/quote/NVDA/history
2018-09-20,6.676250,6.719000,6.602500,6.657000,430584000,https://finance.yahoo.com/quote/NVDA/history
2018-09-21,6.669000,6.715000,6.552750,6.586250,435128000,https://finance.yahoo.com/quote/NVDA/history
2018-09-24,6.555000,6.646000,6.467000,6.642500,293912000,https://finance.yahoo.com/quote/NVDA/history
2018-09-25,6.709250,6.735500,6.622750,6.710250,280388000,https://finance.yahoo.com/quote/NVDA/history
2018-09-26,6.715250,6.756000,6.657000,6.673000,268548000,https://finance.yahoo.com/quote/NVDA/history
2018-09-27,6.708500,6.730000,6.653250,6.685000,214428000,https://finance.yahoo.com/quote/NVDA/history
2018-09-28,6.818250,7.048000,6.790000,7.025500,709396000,https://finance.yahoo.com/quote/NVDA/history
2018-10-01,7.104000,7.301500,7.065000,7.234000,622060000,https://finance.yahoo.com/quote/NVDA/history
2018-10-02,7.206250,7.319000,7.139500,7.162000,383964000,https://finance.yahoo.com/quote/NVDA/history
2018-10-03,7.233000,7.240500,7.063250,7.168250,320552000,https://finance.yahoo.com/quote/NVDA/history
2018-10-04,7.131750,7.156250,6.904500,6.982250,391220000,https://finance.yahoo.com/quote/NVDA/history
2018-10-05,6.957250,7.020000,6.688500,6.746500,426636000,https://finance.yahoo.com/quote/NVDA/history
2018-10-08,6.662500,6.779000,6.502000,6.644250,408612000,https://finance.yahoo.com/quote/NVDA/history
2018-10-09,6.623500,6.719000,6.570000,6.638500,273500000,https://finance.yahoo.com/quote/NVDA/history
2018-10-10,6.531500,6.577750,6.140000,6.142250,684940000,https://finance.yahoo.com/quote/NVDA/history
2018-10-11,6.054250,6.189000,5.856500,5.878250,725436000,https://finance.yahoo.com/quote/NVDA/history
2018-10-12,6.137750,6.238500,5.991250,6.163500,608236000,https://finance.yahoo.com/quote/NVDA/history
2018-10-15,6.150000,6.150000,5.883500,5.884500,449760000,https://finance.yahoo.com/quote/NVDA/history
2018-10-16,5.998250,6.157000,5.948500,6.145750,408712000,https://finance.yahoo.com/quote/NVDA/history
2018-10-17,6.208500,6.247000,6.027000,6.076500,329668000,https://finance.yahoo.com/quote/NVDA/history
2018-10-18,6.146500,6.185250,5.927250,5.988250,524020000,https://finance.yahoo.com/quote/NVDA/history
2018-10-19,6.044000,6.063750,5.692500,5.729250,613608000,https://finance.yahoo.com/quote/NVDA/history
2018-10-22,5.782000,5.883000,5.676750,5.780500,368844000,https://finance.yahoo.com/quote/NVDA/history
2018-10-23,5.510750,5.604750,5.417750,5.526500,626436000,https://finance.yahoo.com/quote/NVDA/history
2018-10-24,5.487750,5.534750,4.971250,4.985250,884288000,https://finance.yahoo.com/quote/NVDA/history
2018-10-25,4.886750,5.243750,4.842000,5.196000,951720000,https://finance.yahoo.com/quote/NVDA/history
2018-10-26,4.957750,5.121000,4.828000,4.957250,664784000,https://finance.yahoo.com/quote/NVDA/history
2018-10-29,5.099750,5.103250,4.400250,4.640500,758016000,https://finance.yahoo.com/quote/NVDA/history
2018-10-30,4.663750,5.085000,4.640500,5.075000,807192000,https://finance.yahoo.com/quote/NVDA/history
2018-10-31,5.241250,5.314750,5.100250,5.270750,745772000,https://finance.yahoo.com/quote/NVDA/history
2018-11-01,5.307500,5.462250,5.179750,5.452750,566528000,https://finance.yahoo.com/quote/NVDA/history
2018-11-02,5.443250,5.550000,5.255250,5.373000,452960000,https://finance.yahoo.com/quote/NVDA/history
2018-11-05,5.359750,5.383250,5.132000,5.294250,379332000,https://finance.yahoo.com/quote/NVDA/history
2018-11-06,5.286250,5.371250,5.239000,5.276500,299012000,https://finance.yahoo.com/quote/NVDA/history
2018-11-07,5.343750,5.435250,5.279500,5.344750,483812000,https://finance.yahoo.com/quote/NVDA/history
2018-11-08,5.285000,5.285750,5.095750,5.149750,511352000,https://finance.yahoo.com/quote/NVDA/history
2018-11-09,5.060000,5.233000,5.026000,5.141750,413240000,https://finance.yahoo.com/quote/NVDA/history
2018-11-12,5.049500,5.071750,4.716500,4.738500,617116000,https://finance.yahoo.com/quote/NVDA/history
2018-11-13,4.837250,5.105250,4.831000,4.982750,644712000,https://finance.yahoo.com/quote/NVDA/history
2018-11-14,5.157500,5.172000,4.820750,4.929750,526580000,https://finance.yahoo.com/quote/NVDA/history
2018-11-15,4.923750,5.132500,4.887500,5.059750,840708000,https://finance.yahoo.com/quote/NVDA/history
2018-11-16,4.083000,4.266500,4.040250,4.110750,1963520000,https://finance.yahoo.com/quote/NVDA/history
2018-11-19,4.044750,4.045500,3.615750,3.617500,1697820000,https://finance.yahoo.com/quote/NVDA/history
2018-11-20,3.351500,3.856500,3.332750,3.727000,1692032000,https://finance.yahoo.com/quote/NVDA/history
2018-11-21,3.865500,3.882500,3.590250,3.617750,1025496000,https://finance.yahoo.com/quote/NVDA/history
2018-11-23,3.582750,3.739750,3.569750,3.625000,411968000,https://finance.yahoo.com/quote/NVDA/history
2018-11-26,3.747250,3.836750,3.664000,3.826250,814832000,https://finance.yahoo.com/quote/NVDA/history
2018-11-27,3.800000,3.925250,3.763750,3.843250,738060000,https://finance.yahoo.com/quote/NVDA/history
2018-11-28,3.962000,4.007000,3.828250,4.001750,804524000,https://finance.yahoo.com/quote/NVDA/history
2018-11-29,4.000000,4.037500,3.903500,3.934000,549172000,https://finance.yahoo.com/quote/NVDA/history
2018-11-30,3.943750,4.096500,3.893000,4.085750,729564000,https://finance.yahoo.com/quote/NVDA/history
2018-12-03,4.315000,4.367000,4.183500,4.251000,890804000,https://finance.yahoo.com/quote/NVDA/history
2018-12-04,4.206000,4.211000,3.912500,3.927750,812112000,https://finance.yahoo.com/quote/NVDA/history
2018-12-06,3.786000,3.962250,3.770250,3.957250,692308000,https://finance.yahoo.com/quote/NVDA/history
2018-12-07,3.961500,3.971750,3.640500,3.690250,681676000,https://finance.yahoo.com/quote/NVDA/history
2018-12-10,3.645000,3.821500,3.641250,3.796500,629472000,https://finance.yahoo.com/quote/NVDA/history
2018-12-11,3.889000,3.897250,3.625000,3.704750,671912000,https://finance.yahoo.com/quote/NVDA/history
2018-12-12,3.710500,3.819500,3.620500,3.722500,654136000,https://finance.yahoo.com/quote/NVDA/history
2018-12-13,3.769750,3.834500,3.686000,3.722250,471384000,https://finance.yahoo.com/quote/NVDA/history
2018-12-14,3.680250,3.764750,3.637500,3.661250,471820000,https://finance.yahoo.com/quote/NVDA/history
2018-12-17,3.631000,3.703750,3.531000,3.589500,662868000,https://finance.yahoo.com/quote/NVDA/history
2018-12-18,3.633750,3.758250,3.606250,3.673500,564372000,https://finance.yahoo.com/quote/NVDA/history
2018-12-19,3.639500,3.693500,3.410750,3.462750,745364000,https://finance.yahoo.com/quote/NVDA/history
2018-12-20,3.454250,3.545000,3.317250,3.377500,749588000,https://finance.yahoo.com/quote/NVDA/history
2018-12-21,3.404250,3.437500,3.211500,3.239250,863740000,https://finance.yahoo.com/quote/NVDA/history
2018-12-24,3.162250,3.249500,3.112500,3.177000,463840000,https://finance.yahoo.com/quote/NVDA/history
2018-12-26,3.223500,3.328500,3.111500,3.327500,695100000,https://finance.yahoo.com/quote/NVDA/history
2018-12-27,3.274750,3.309500,3.129500,3.279250,637044000,https://finance.yahoo.com/quote/NVDA/history
2018-12-28,3.300000,3.434750,3.257750,3.341250,628728000,https://finance.yahoo.com/quote/NVDA/history
2018-12-31,3.385000,3.417750,3.306500,3.337500,465140000,https://finance.yahoo.com/quote/NVDA/history
2019-01-02,3.266000,3.462000,3.251250,3.405500,508752000,https://finance.yahoo.com/quote/NVDA/history
2019-01-03,3.344750,3.379000,3.192250,3.199750,705552000,https://finance.yahoo.com/quote/NVDA/history
2019-01-04,3.273500,3.443250,3.242500,3.404750,585620000,https://finance.yahoo.com/quote/NVDA/history
2019-01-07,3.462500,3.622250,3.410750,3.585000,709160000,https://finance.yahoo.com/quote/NVDA/history
2019-01-08,3.667250,3.669500,3.422500,3.495750,786016000,https://finance.yahoo.com/quote/NVDA/history
2019-01-09,3.547500,3.612250,3.496500,3.564500,617260000,https://finance.yahoo.com/quote/NVDA/history
2019-01-10,3.545000,3.639500,3.484000,3.630750,523156000,https://finance.yahoo.com/quote/NVDA/history
2019-01-11,3.608250,3.743750,3.580250,3.720750,874764000,https://finance.yahoo.com/quote/NVDA/history
2019-01-14,3.668000,3.786500,3.644250,3.761000,730168000,https://finance.yahoo.com/quote/NVDA/history
2019-01-15,3.794000,3.833750,3.728250,3.746750,617012000,https://finance.yahoo.com/quote/NVDA/history
2019-01-16,3.774250,3.807500,3.715500,3.721000,470104000,https://finance.yahoo.com/quote/NVDA/history
2019-01-17,3.687750,3.833250,3.660250,3.793000,493436000,https://finance.yahoo.com/quote/NVDA/history
2019-01-18,3.843250,3.949500,3.791250,3.923250,651336000,https://finance.yahoo.com/quote/NVDA/history
2019-01-22,3.892750,3.904500,3.688750,3.719250,661552000,https://finance.yahoo.com/quote/NVDA/history
2019-01-23,3.775000,3.864500,3.700750,3.732250,591020000,https://finance.yahoo.com/quote/NVDA/history
2019-01-24,3.817500,3.963750,3.812750,3.946000,708972000,https://finance.yahoo.com/quote/NVDA/history
2019-01-25,3.886000,4.022000,3.782500,4.003750,1154572000,https://finance.yahoo.com/quote/NVDA/history
2019-01-28,3.413750,3.541000,3.275000,3.450250,2511528000,https://finance.yahoo.com/quote/NVDA/history
2019-01-29,3.403750,3.452500,3.275250,3.290000,1153932000,https://finance.yahoo.com/quote/NVDA/history
2019-01-30,3.366750,3.449250,3.286500,3.434750,974228000,https://finance.yahoo.com/quote/NVDA/history
2019-01-31,3.431500,3.629750,3.409500,3.593750,842852000,https://finance.yahoo.com/quote/NVDA/history
2019-02-01,3.612500,3.669750,3.564500,3.618250,625048000,https://finance.yahoo.com/quote/NVDA/history
2019-02-04,3.634250,3.767000,3.612000,3.729500,528592000,https://finance.yahoo.com/quote/NVDA/history
2019-02-05,3.741500,3.785750,3.707500,3.748750,542424000,https://finance.yahoo.com/quote/NVDA/history
2019-02-06,3.782250,3.890000,3.776750,3.825000,702464000,https://finance.yahoo.com/quote/NVDA/history
2019-02-07,3.778250,3.780500,3.642250,3.685500,637120000,https://finance.yahoo.com/quote/NVDA/history
2019-02-08,3.617750,3.715000,3.603250,3.704250,461604000,https://finance.yahoo.com/quote/NVDA/history
2019-02-11,3.659750,3.714500,3.612500,3.661250,495180000,https://finance.yahoo.com/quote/NVDA/history
2019-02-12,3.700000,3.795000,3.685500,3.779250,591060000,https://finance.yahoo.com/quote/NVDA/history
2019-02-13,3.809000,3.895750,3.795250,3.822000,605372000,https://finance.yahoo.com/quote/NVDA/history
2019-02-14,3.821000,3.891750,3.777500,3.863250,827264000,https://finance.yahoo.com/quote/NVDA/history
2019-02-15,4.073750,4.096750,3.910500,3.933500,1516748000,https://finance.yahoo.com/quote/NVDA/history
2019-02-19,3.922750,3.997250,3.903500,3.916000,551892000,https://finance.yahoo.com/quote/NVDA/history
2019-02-20,3.945500,4.031500,3.934250,3.963750,540988000,https://finance.yahoo.com/quote/NVDA/history
2019-02-21,3.976500,4.001250,3.879500,3.894250,448548000,https://finance.yahoo.com/quote/NVDA/history
2019-02-22,3.946500,3.998750,3.932750,3.979750,401740000,https://finance.yahoo.com/quote/NVDA/history
2019-02-25,4.064000,4.132000,3.958500,3.967250,656020000,https://finance.yahoo.com/quote/NVDA/history
2019-02-26,3.962500,4.019000,3.893750,3.927500,488464000,https://finance.yahoo.com/quote/NVDA/history
2019-02-27,3.913000,3.939750,3.827750,3.885250,500256000,https://finance.yahoo.com/quote/NVDA/history
2019-02-28,3.875000,3.897500,3.834000,3.856500,324944000,https://finance.yahoo.com/quote/NVDA/history
2019-03-01,3.906750,3.953750,3.848000,3.911250,357188000,https://finance.yahoo.com/quote/NVDA/history
2019-03-04,3.950000,3.973000,3.862500,3.919500,409992000,https://finance.yahoo.com/quote/NVDA/history
2019-03-05,3.903750,3.951500,3.849000,3.913000,362924000,https://finance.yahoo.com/quote/NVDA/history
2019-03-06,3.904000,3.912500,3.798500,3.801250,403524000,https://finance.yahoo.com/quote/NVDA/history
2019-03-07,3.777500,3.787250,3.685000,3.731500,450104000,https://finance.yahoo.com/quote/NVDA/history
2019-03-08,3.641500,3.776750,3.620000,3.766000,422416000,https://finance.yahoo.com/quote/NVDA/history
2019-03-11,3.789750,4.051500,3.742250,4.028500,859728000,https://finance.yahoo.com/quote/NVDA/history
2019-03-12,4.056500,4.109750,3.979750,4.063000,579576000,https://finance.yahoo.com/quote/NVDA/history
2019-03-13,4.100750,4.245000,4.093250,4.215500,768900000,https://finance.yahoo.com/quote/NVDA/history
2019-03-14,4.224750,4.236750,4.131250,4.139000,519384000,https://finance.yahoo.com/quote/NVDA/history
2019-03-15,4.182500,4.288250,4.179000,4.245250,661484000,https://finance.yahoo.com/quote/NVDA/history
2019-03-18,4.277000,4.331250,4.196500,4.223750,486992000,https://finance.yahoo.com/quote/NVDA/history
2019-03-19,4.319000,4.437500,4.302000,4.392750,854972000,https://finance.yahoo.com/quote/NVDA/history
2019-03-20,4.422000,4.475750,4.325000,4.360000,719148000,https://finance.yahoo.com/quote/NVDA/history
2019-03-21,4.383250,4.625000,4.378250,4.598500,824312000,https://finance.yahoo.com/quote/NVDA/history
2019-03-22,4.571000,4.620000,4.423500,4.437500,747644000,https://finance.yahoo.com/quote/NVDA/history
2019-03-25,4.396500,4.461250,4.277750,4.344500,525212000,https://finance.yahoo.com/quote/NVDA/history
2019-03-26,4.487250,4.543750,4.365000,4.421750,703508000,https://finance.yahoo.com/quote/NVDA/history
2019-03-27,4.447500,4.494250,4.342500,4.412500,474372000,https://finance.yahoo.com/quote/NVDA/history
2019-03-28,4.438750,4.497500,4.377750,4.431250,480264000,https://finance.yahoo.com/quote/NVDA/history
2019-03-29,4.498500,4.513500,4.447750,4.489000,456896000,https://finance.yahoo.com/quote/NVDA/history
2019-04-01,4.581500,4.587500,4.509250,4.557000,483824000,https://finance.yahoo.com/quote/NVDA/history
2019-04-02,4.581250,4.619750,4.538000,4.575000,440920000,https://finance.yahoo.com/quote/NVDA/history
2019-04-03,4.625000,4.775000,4.620000,4.715500,783504000,https://finance.yahoo.com/quote/NVDA/history
2019-04-04,4.700000,4.749250,4.643250,4.706500,457376000,https://finance.yahoo.com/quote/NVDA/history
2019-04-05,4.750000,4.791250,4.713250,4.773750,481744000,https://finance.yahoo.com/quote/NVDA/history
2019-04-08,4.743000,4.820000,4.718750,4.794750,424192000,https://finance.yahoo.com/quote/NVDA/history
2019-04-09,4.761000,4.772250,4.689000,4.731500,439972000,https://finance.yahoo.com/quote/NVDA/history
2019-04-10,4.730750,4.828500,4.726250,4.802500,444772000,https://finance.yahoo.com/quote/NVDA/history
2019-04-11,4.805000,4.836750,4.738750,4.788500,374600000,https://finance.yahoo.com/quote/NVDA/history
2019-04-12,4.827500,4.831500,4.741500,4.750250,471708000,https://finance.yahoo.com/quote/NVDA/history
2019-04-15,4.742500,4.747500,4.577500,4.617500,440092000,https://finance.yahoo.com/quote/NVDA/history
2019-04-16,4.657000,4.724250,4.624000,4.705250,394964000,https://finance.yahoo.com/quote/NVDA/history
2019-04-17,4.740500,4.761500,4.659750,4.682250,351004000,https://finance.yahoo.com/quote/NVDA/history
2019-04-18,4.689000,4.723250,4.629500,4.657500,380988000,https://finance.yahoo.com/quote/NVDA/history
2019-04-22,4.633750,4.727500,4.602000,4.711750,279936000,https://finance.yahoo.com/quote/NVDA/history
2019-04-23,4.725000,4.798250,4.715250,4.766750,346856000,https://finance.yahoo.com/quote/NVDA/history
2019-04-24,4.777250,4.820250,4.716000,4.779250,318204000,https://finance.yahoo.com/quote/NVDA/history
2019-04-25,4.738750,4.761250,4.592500,4.672750,499296000,https://finance.yahoo.com/quote/NVDA/history
2019-04-26,4.517750,4.522250,4.332500,4.452250,868988000,https://finance.yahoo.com/quote/NVDA/history
2019-04-29,4.460250,4.511250,4.387500,4.483250,391920000,https://finance.yahoo.com/quote/NVDA/history
2019-04-30,4.450750,4.550750,4.431500,4.525000,362920000,https://finance.yahoo.com/quote/NVDA/history
2019-05-01,4.577750,4.620250,4.511500,4.511750,354280000,https://finance.yahoo.com/quote/NVDA/history
2019-05-02,4.521500,4.621750,4.478000,4.579750,394684000,https://finance.yahoo.com/quote/NVDA/history
2019-05-03,4.588250,4.598250,4.513250,4.575250,336824000,https://finance.yahoo.com/quote/NVDA/history
2019-05-06,4.387500,4.508500,4.350000,4.496250,422176000,https://finance.yahoo.com/quote/NVDA/history
2019-05-07,4.447500,4.447500,4.279250,4.327750,555220000,https://finance.yahoo.com/quote/NVDA/history
2019-05-08,4.300000,4.428750,4.288000,4.348000,419168000,https://finance.yahoo.com/quote/NVDA/history
2019-05-09,4.278500,4.288250,4.135000,4.254750,660248000,https://finance.yahoo.com/quote/NVDA/history
2019-05-10,4.223750,4.289750,4.100000,4.220500,569500000,https://finance.yahoo.com/quote/NVDA/history
2019-05-13,4.087500,4.110750,3.945250,3.961250,656912000,https://finance.yahoo.com/quote/NVDA/history
2019-05-14,4.001250,4.086500,3.962250,4.051000,524880000,https://finance.yahoo.com/quote/NVDA/history
2019-05-15,3.995000,4.026250,3.935250,3.989500,502320000,https://finance.yahoo.com/quote/NVDA/history
2019-05-16,3.984000,4.047750,3.941250,4.004750,781088000,https://finance.yahoo.com/quote/NVDA/history
2019-05-17,3.962500,4.092750,3.873500,3.913250,1022068000,https://finance.yahoo.com/quote/NVDA/history
2019-05-20,3.813750,3.869250,3.768750,3.793750,572064000,https://finance.yahoo.com/quote/NVDA/history
2019-05-21,3.855000,3.892500,3.816000,3.876500,361848000,https://finance.yahoo.com/quote/NVDA/history
2019-05-22,3.837500,3.863750,3.794000,3.805000,325868000,https://finance.yahoo.com/quote/NVDA/history
2019-05-23,3.742250,3.742250,3.622750,3.683000,591844000,https://finance.yahoo.com/quote/NVDA/history
2019-05-24,3.702000,3.737500,3.622000,3.628750,357584000,https://finance.yahoo.com/quote/NVDA/history
2019-05-28,3.646500,3.679500,3.581250,3.583250,428356000,https://finance.yahoo.com/quote/NVDA/history
2019-05-29,3.535250,3.570500,3.473500,3.508500,559800000,https://finance.yahoo.com/quote/NVDA/history
2019-05-30,3.507750,3.543750,3.439250,3.477750,394300000,https://finance.yahoo.com/quote/NVDA/history
2019-05-31,3.428500,3.496250,3.384750,3.386500,389720000,https://finance.yahoo.com/quote/NVDA/history
2019-06-03,3.397750,3.436750,3.315000,3.344500,478644000,https://finance.yahoo.com/quote/NVDA/history
2019-06-04,3.409000,3.580250,3.386750,3.575000,641836000,https://finance.yahoo.com/quote/NVDA/history
2019-06-05,3.649250,3.654750,3.495500,3.532000,511616000,https://finance.yahoo.com/quote/NVDA/history
2019-06-06,3.536250,3.619250,3.533750,3.594500,408140000,https://finance.yahoo.com/quote/NVDA/history
2019-06-07,3.600500,3.672000,3.581250,3.637500,348856000,https://finance.yahoo.com/quote/NVDA/history
2019-06-10,3.694000,3.779750,3.694000,3.710750,402780000,https://finance.yahoo.com/quote/NVDA/history
2019-06-11,3.771000,3.809000,3.729000,3.768750,383872000,https://finance.yahoo.com/quote/NVDA/history
2019-06-12,3.725000,3.731250,3.639750,3.655000,358892000,https://finance.yahoo.com/quote/NVDA/history
2019-06-13,3.677250,3.725000,3.659500,3.706500,308080000,https://finance.yahoo.com/quote/NVDA/history
2019-06-14,3.612750,3.637250,3.571000,3.616000,394428000,https://finance.yahoo.com/quote/NVDA/history
2019-06-17,3.614250,3.663000,3.591250,3.625750,276040000,https://finance.yahoo.com/quote/NVDA/history
2019-06-18,3.687500,3.877750,3.676500,3.822000,581920000,https://finance.yahoo.com/quote/NVDA/history
2019-06-19,3.857500,3.869000,3.801750,3.828000,331644000,https://finance.yahoo.com/quote/NVDA/history
2019-06-20,3.919250,3.933250,3.838000,3.852500,350168000,https://finance.yahoo.com/quote/NVDA/history
2019-06-21,3.837500,3.887000,3.787500,3.794000,434428000,https://finance.yahoo.com/quote/NVDA/history
2019-06-24,3.815500,3.846250,3.768000,3.816500,282948000,https://finance.yahoo.com/quote/NVDA/history
2019-06-25,3.821500,3.897000,3.784250,3.787000,311868000,https://finance.yahoo.com/quote/NVDA/history
2019-06-26,3.915250,4.043000,3.902250,3.981500,584072000,https://finance.yahoo.com/quote/NVDA/history
2019-06-27,4.067750,4.100000,4.031500,4.080750,445440000,https://finance.yahoo.com/quote/NVDA/history
2019-06-28,4.125000,4.134250,4.058750,4.105750,397668000,https://finance.yahoo.com/quote/NVDA/history
2019-07-01,4.314250,4.348750,4.116500,4.154250,709756000,https://finance.yahoo.com/quote/NVDA/history
2019-07-02,4.137500,4.158750,4.042500,4.055750,400228000,https://finance.yahoo.com/quote/NVDA/history
2019-07-03,4.079250,4.085000,4.008500,4.068750,246636000,https://finance.yahoo.com/quote/NVDA/history
2019-07-05,4.010000,4.014500,3.942000,4.005750,396552000,https://finance.yahoo.com/quote/NVDA/history
2019-07-08,3.945750,3.964750,3.900000,3.930250,329788000,https://finance.yahoo.com/quote/NVDA/history
2019-07-09,3.887750,3.961000,3.875000,3.932750,342860000,https://finance.yahoo.com/quote/NVDA/history
2019-07-10,3.976500,4.059250,3.962500,4.001500,452076000,https://finance.yahoo.com/quote/NVDA/history
2019-07-11,4.075000,4.198000,4.037500,4.157000,682560000,https://finance.yahoo.com/quote/NVDA/history
2019-07-12,4.185000,4.261750,4.185000,4.190250,506392000,https://finance.yahoo.com/quote/NVDA/history
2019-07-15,4.211500,4.227750,4.153250,4.181750,289840000,https://finance.yahoo.com/quote/NVDA/history
2019-07-16,4.166750,4.204250,4.121000,4.177000,341444000,https://finance.yahoo.com/quote/NVDA/history
2019-07-17,4.178750,4.249750,4.149250,4.242750,348204000,https://finance.yahoo.com/quote/NVDA/history
2019-07-18,4.253250,4.317750,4.196250,4.254500,442192000,https://finance.yahoo.com/quote/NVDA/history
2019-07-19,4.293000,4.299500,4.205000,4.211000,344896000,https://finance.yahoo.com/quote/NVDA/history
2019-07-22,4.232500,4.296000,4.225000,4.283000,315940000,https://finance.yahoo.com/quote/NVDA/history
2019-07-23,4.322500,4.393500,4.306750,4.391500,428176000,https://finance.yahoo.com/quote/NVDA/history
2019-07-24,4.435000,4.472250,4.358500,4.466500,366236000,https://finance.yahoo.com/quote/NVDA/history
2019-07-25,4.424750,4.437500,4.311000,4.334500,392700000,https://finance.yahoo.com/quote/NVDA/history
2019-07-26,4.361750,4.423750,4.361750,4.376750,274160000,https://finance.yahoo.com/quote/NVDA/history
2019-07-29,4.369500,4.386750,4.281750,4.370500,248160000,https://finance.yahoo.com/quote/NVDA/history
2019-07-30,4.323750,4.398500,4.309250,4.386250,197772000,https://finance.yahoo.com/quote/NVDA/history
2019-07-31,4.354500,4.355500,4.175500,4.218000,359416000,https://finance.yahoo.com/quote/NVDA/history
2019-08-01,4.228500,4.319500,4.070500,4.123000,421212000,https://finance.yahoo.com/quote/NVDA/history
2019-08-02,4.029750,4.099500,3.982000,4.029750,428348000,https://finance.yahoo.com/quote/NVDA/history
2019-08-05,3.845000,3.846250,3.722500,3.769750,589156000,https://finance.yahoo.com/quote/NVDA/history
2019-08-06,3.845000,3.890750,3.760750,3.808750,361272000,https://finance.yahoo.com/quote/NVDA/history
2019-08-07,3.747500,3.859250,3.730000,3.847250,372560000,https://finance.yahoo.com/quote/NVDA/history
2019-08-08,3.905250,3.957750,3.847500,3.956500,309300000,https://finance.yahoo.com/quote/NVDA/history
2019-08-09,3.915250,3.918750,3.803750,3.854500,341816000,https://finance.yahoo.com/quote/NVDA/history
2019-08-12,3.802000,3.854500,3.764250,3.786250,279200000,https://finance.yahoo.com/quote/NVDA/history
2019-08-13,3.784750,3.947500,3.745500,3.901250,351956000,https://finance.yahoo.com/quote/NVDA/history
2019-08-14,3.812500,3.823750,3.707750,3.751750,419880000,https://finance.yahoo.com/quote/NVDA/history
2019-08-15,3.770750,3.790750,3.684750,3.719250,477200000,https://finance.yahoo.com/quote/NVDA/history
2019-08-16,3.983750,4.038500,3.922000,3.989000,1007960000,https://finance.yahoo.com/quote/NVDA/history
2019-08-19,4.103000,4.285500,4.086750,4.269500,815112000,https://finance.yahoo.com/quote/NVDA/history
2019-08-20,4.264000,4.264500,4.175500,4.196750,463188000,https://finance.yahoo.com/quote/NVDA/history
2019-08-21,4.263250,4.336250,4.241500,4.280750,427244000,https://finance.yahoo.com/quote/NVDA/history
2019-08-22,4.290500,4.333250,4.247500,4.287000,303488000,https://finance.yahoo.com/quote/NVDA/history
2019-08-23,4.210000,4.264750,4.041000,4.061000,568056000,https://finance.yahoo.com/quote/NVDA/history
2019-08-26,4.140250,4.164500,4.097750,4.136250,318208000,https://finance.yahoo.com/quote/NVDA/history
2019-08-27,4.174750,4.177500,4.015500,4.045000,290968000,https://finance.yahoo.com/quote/NVDA/history
2019-08-28,4.014500,4.083500,3.975000,4.030500,255612000,https://finance.yahoo.com/quote/NVDA/history
2019-08-29,4.122500,4.207500,4.119000,4.175000,357976000,https://finance.yahoo.com/quote/NVDA/history
2019-08-30,4.221500,4.271500,4.169500,4.187750,290616000,https://finance.yahoo.com/quote/NVDA/history
2019-09-03,4.114500,4.147750,4.081250,4.104250,296140000,https://finance.yahoo.com/quote/NVDA/history
2019-09-04,4.165250,4.226500,4.165250,4.219000,227728000,https://finance.yahoo.com/quote/NVDA/history
2019-09-05,4.321750,4.499750,4.320000,4.493500,695676000,https://finance.yahoo.com/quote/NVDA/history
2019-09-06,4.470000,4.527250,4.428000,4.466250,376976000,https://finance.yahoo.com/quote/NVDA/history
2019-09-09,4.497500,4.599500,4.496000,4.512500,417524000,https://finance.yahoo.com/quote/NVDA/history
2019-09-10,4.479500,4.606250,4.469750,4.579500,352812000,https://finance.yahoo.com/quote/NVDA/history
2019-09-11,4.594250,4.656750,4.565000,4.608250,361512000,https://finance.yahoo.com/quote/NVDA/history
2019-09-12,4.655000,4.710000,4.598750,4.606750,327840000,https://finance.yahoo.com/quote/NVDA/history
2019-09-13,4.539750,4.577000,4.504500,4.548500,324592000,https://finance.yahoo.com/quote/NVDA/history
2019-09-16,4.473000,4.540000,4.462500,4.505250,231832000,https://finance.yahoo.com/quote/NVDA/history
2019-09-17,4.512000,4.531000,4.465250,4.526750,223048000,https://finance.yahoo.com/quote/NVDA/history
2019-09-18,4.519750,4.535500,4.412500,4.499500,258152000,https://finance.yahoo.com/quote/NVDA/history
2019-09-19,4.505500,4.524000,4.412750,4.423500,245476000,https://finance.yahoo.com/quote/NVDA/history
2019-09-20,4.422500,4.446250,4.307000,4.317250,350244000,https://finance.yahoo.com/quote/NVDA/history
2019-09-23,4.317500,4.416750,4.313750,4.371000,249712000,https://finance.yahoo.com/quote/NVDA/history
2019-09-24,4.402500,4.432250,4.277500,4.313250,317268000,https://finance.yahoo.com/quote/NVDA/history
2019-09-25,4.312750,4.475500,4.267750,4.455750,308432000,https://finance.yahoo.com/quote/NVDA/history
2019-09-26,4.446000,4.454750,4.382250,4.433500,234564000,https://finance.yahoo.com/quote/NVDA/history
2019-09-27,4.391500,4.442500,4.233000,4.294000,362056000,https://finance.yahoo.com/quote/NVDA/history
2019-09-30,4.320000,4.362000,4.288500,4.351750,186184000,https://finance.yahoo.com/quote/NVDA/history
2019-10-01,4.375000,4.525000,4.345250,4.350000,366008000,https://finance.yahoo.com/quote/NVDA/history
2019-10-02,4.328000,4.340000,4.253250,4.326000,293372000,https://finance.yahoo.com/quote/NVDA/history
2019-10-03,4.330500,4.539000,4.300000,4.532750,450588000,https://finance.yahoo.com/quote/NVDA/history
2019-10-04,4.535000,4.578750,4.469500,4.549250,265524000,https://finance.yahoo.com/quote/NVDA/history
2019-10-07,4.614500,4.708500,4.605750,4.608250,480984000,https://finance.yahoo.com/quote/NVDA/history
2019-10-08,4.516000,4.516000,4.412500,4.430750,444436000,https://finance.yahoo.com/quote/NVDA/history
2019-10-09,4.508000,4.567500,4.479000,4.517750,292412000,https://finance.yahoo.com/quote/NVDA/history
2019-10-10,4.515500,4.627000,4.510250,4.575750,309124000,https://finance.yahoo.com/quote/NVDA/history
2019-10-11,4.660250,4.733500,4.641250,4.649750,446404000,https://finance.yahoo.com/quote/NVDA/history
2019-10-14,4.641000,4.684250,4.609750,4.663250,200040000,https://finance.yahoo.com/quote/NVDA/history
2019-10-15,4.754000,4.982250,4.740000,4.909250,664124000,https://finance.yahoo.com/quote/NVDA/history
2019-10-16,4.875000,4.980500,4.843750,4.855250,428944000,https://finance.yahoo.com/quote/NVDA/history
2019-10-17,4.900000,4.945250,4.802500,4.857250,263436000,https://finance.yahoo.com/quote/NVDA/history
2019-10-18,4.857750,4.890500,4.687500,4.762250,307440000,https://finance.yahoo.com/quote/NVDA/history
2019-10-21,4.824000,4.913750,4.805000,4.900250,261868000,https://finance.yahoo.com/quote/NVDA/history
2019-10-22,4.957500,5.063250,4.882500,4.890250,328720000,https://finance.yahoo.com/quote/NVDA/history
2019-10-23,4.807750,4.891500,4.775750,4.877250,279916000,https://finance.yahoo.com/quote/NVDA/history
2019-10-24,4.918750,4.955250,4.884500,4.921500,232020000,https://finance.yahoo.com/quote/NVDA/history
2019-10-25,5.002500,5.134500,4.994750,5.113500,423092000,https://finance.yahoo.com/quote/NVDA/history
2019-10-28,5.157500,5.222500,5.128000,5.169750,330792000,https://finance.yahoo.com/quote/NVDA/history
2019-10-29,5.155750,5.162250,5.053500,5.073000,211236000,https://finance.yahoo.com/quote/NVDA/history
2019-10-30,5.100000,5.105750,5.006500,5.075000,205960000,https://finance.yahoo.com/quote/NVDA/history
2019-10-31,5.054000,5.075000,4.945250,5.025500,209732000,https://finance.yahoo.com/quote/NVDA/history
2019-11-01,4.990000,5.097250,4.964750,5.064750,283640000,https://finance.yahoo.com/quote/NVDA/history
2019-11-04,5.146250,5.275000,5.123000,5.262500,376716000,https://finance.yahoo.com/quote/NVDA/history
2019-11-05,5.262250,5.288500,5.192000,5.240250,300868000,https://finance.yahoo.com/quote/NVDA/history
2019-11-06,5.216000,5.241750,5.102750,5.190750,269012000,https://finance.yahoo.com/quote/NVDA/history
2019-11-07,5.277750,5.292500,5.163500,5.208500,280340000,https://finance.yahoo.com/quote/NVDA/history
2019-11-08,5.191500,5.226250,5.153750,5.194500,189100000,https://finance.yahoo.com/quote/NVDA/history
2019-11-11,5.193750,5.227750,5.107000,5.204500,243436000,https://finance.yahoo.com/quote/NVDA/history
2019-11-12,5.243000,5.296500,5.207750,5.240250,283504000,https://finance.yahoo.com/quote/NVDA/history
2019-11-13,5.208750,5.236500,5.147500,5.214250,300188000,https://finance.yahoo.com/quote/NVDA/history
2019-11-14,5.223250,5.247000,5.163000,5.244750,518080000,https://finance.yahoo.com/quote/NVDA/history
2019-11-15,5.242500,5.294500,5.016000,5.104750,1053628000,https://finance.yahoo.com/quote/NVDA/history
2019-11-18,5.097250,5.333750,5.094250,5.307000,574588000,https://finance.yahoo.com/quote/NVDA/history
2019-11-19,5.275750,5.299500,5.141250,5.199750,414564000,https://finance.yahoo.com/quote/NVDA/history
2019-11-20,5.176750,5.363750,5.164000,5.279500,472588000,https://finance.yahoo.com/quote/NVDA/history
2019-11-21,5.275000,5.331000,5.232750,5.254500,288388000,https://finance.yahoo.com/quote/NVDA/history
2019-11-22,5.277250,5.324000,5.248500,5.272250,224100000,https://finance.yahoo.com/quote/NVDA/history
2019-11-25,5.401000,5.535250,5.388000,5.530250,506476000,https://finance.yahoo.com/quote/NVDA/history
2019-11-26,5.512500,5.517250,5.418500,5.425000,385244000,https://finance.yahoo.com/quote/NVDA/history
2019-11-27,5.466750,5.501250,5.429500,5.456000,215784000,https://finance.yahoo.com/quote/NVDA/history
2019-11-29,5.425000,5.453500,5.394500,5.418500,141556000,https://finance.yahoo.com/quote/NVDA/history
2019-12-02,5.411500,5.425000,5.216000,5.231250,372036000,https://finance.yahoo.com/quote/NVDA/history
2019-12-03,5.046750,5.195500,5.009250,5.191500,465232000,https://finance.yahoo.com/quote/NVDA/history
2019-12-04,5.275500,5.298000,5.206750,5.235500,273424000,https://finance.yahoo.com/quote/NVDA/history
2019-12-05,5.257500,5.273250,5.187750,5.218500,184884000,https://finance.yahoo.com/quote/NVDA/history
2019-12-06,5.288000,5.337250,5.278000,5.304250,232236000,https://finance.yahoo.com/quote/NVDA/history
2019-12-09,5.281250,5.359250,5.272500,5.304250,211880000,https://finance.yahoo.com/quote/NVDA/history
2019-12-10,5.334500,5.401500,5.281500,5.349500,256388000,https://finance.yahoo.com/quote/NVDA/history
2019-12-11,5.360000,5.439000,5.357500,5.433500,233796000,https://finance.yahoo.com/quote/NVDA/history
2019-12-12,5.404500,5.620000,5.395500,5.601750,404348000,https://finance.yahoo.com/quote/NVDA/history
2019-12-13,5.604750,5.724500,5.545500,5.599750,454704000,https://finance.yahoo.com/quote/NVDA/history
2019-12-16,5.647500,5.701500,5.619250,5.628750,320976000,https://finance.yahoo.com/quote/NVDA/history
2019-12-17,5.647500,5.730000,5.638000,5.707250,321196000,https://finance.yahoo.com/quote/NVDA/history
2019-12-18,5.742250,5.798500,5.733750,5.737750,343548000,https://finance.yahoo.com/quote/NVDA/history
2019-12-19,5.772500,5.900000,5.767500,5.886500,445360000,https://finance.yahoo.com/quote/NVDA/history
2019-12-20,5.953250,6.009750,5.934000,5.984250,603044000,https://finance.yahoo.com/quote/NVDA/history
2019-12-23,6.013000,6.045250,5.959750,5.970500,355060000,https://finance.yahoo.com/quote/NVDA/history
2019-12-24,5.955000,5.982750,5.920500,5.965500,138864000,https://finance.yahoo.com/quote/NVDA/history
2019-12-26,5.969000,6.008000,5.950000,5.979750,182852000,https://finance.yahoo.com/quote/NVDA/history
2019-12-27,5.995000,6.008500,5.895250,5.921750,254644000,https://finance.yahoo.com/quote/NVDA/history
2019-12-30,5.899750,5.905000,5.776500,5.808000,258056000,https://finance.yahoo.com/quote/NVDA/history
2019-12-31,5.772500,5.892000,5.753250,5.882500,231004000,https://finance.yahoo.com/quote/NVDA/history
2020-01-02,5.968750,5.997750,5.918000,5.997750,237536000,https://finance.yahoo.com/quote/NVDA/history
2020-01-03,5.877500,5.945750,5.852500,5.901750,205384000,https://finance.yahoo.com/quote/NVDA/history
2020-01-06,5.808000,5.931750,5.781750,5.926500,262636000,https://finance.yahoo.com/quote/NVDA/history
2020-01-07,5.955000,6.044250,5.909750,5.998250,314856000,https://finance.yahoo.com/quote/NVDA/history
2020-01-08,5.994000,6.051000,5.953750,6.009500,277108000,https://finance.yahoo.com/quote/NVDA/history
2020-01-09,6.096250,6.148250,6.021500,6.075500,255112000,https://finance.yahoo.com/quote/NVDA/history
2020-01-10,6.183250,6.213750,6.093750,6.108000,316296000,https://finance.yahoo.com/quote/NVDA/history
2020-01-13,6.191500,6.324750,6.168750,6.299500,319840000,https://finance.yahoo.com/quote/NVDA/history
2020-01-14,6.256500,6.282000,6.168750,6.182000,359088000,https://finance.yahoo.com/quote/NVDA/history
2020-01-15,6.194750,6.217250,6.113250,6.139250,263104000,https://finance.yahoo.com/quote/NVDA/history
2020-01-16,6.193000,6.229250,6.169500,6.223250,284192000,https://finance.yahoo.com/quote/NVDA/history
2020-01-17,6.242500,6.250000,6.184250,6.232000,253792000,https://finance.yahoo.com/quote/NVDA/history
2020-01-21,6.195250,6.232250,6.164250,6.198500,217916000,https://finance.yahoo.com/quote/NVDA/history
2020-01-22,6.244000,6.339750,6.225000,6.252750,239240000,https://finance.yahoo.com/quote/NVDA/history
2020-01-23,6.293000,6.330000,6.203750,6.321500,244516000,https://finance.yahoo.com/quote/NVDA/history
2020-01-24,6.437500,6.487500,6.207500,6.262000,373512000,https://finance.yahoo.com/quote/NVDA/history
2020-01-27,5.956000,6.056250,5.805750,6.005000,470536000,https://finance.yahoo.com/quote/NVDA/history
2020-01-28,6.071250,6.231750,6.017750,6.199250,310976000,https://finance.yahoo.com/quote/NVDA/history
2020-01-29,6.184750,6.221000,6.098500,6.138500,258848000,https://finance.yahoo.com/quote/NVDA/history
2020-01-30,6.040250,6.158750,5.985000,6.145250,290504000,https://finance.yahoo.com/quote/NVDA/history
2020-01-31,6.099250,6.111250,5.868750,5.910750,370420000,https://finance.yahoo.com/quote/NVDA/history
2020-02-03,5.892500,6.027750,5.886250,6.008250,255564000,https://finance.yahoo.com/quote/NVDA/history
2020-02-04,6.150750,6.197500,6.100500,6.178250,271544000,https://finance.yahoo.com/quote/NVDA/history
2020-02-05,6.299750,6.310000,6.185250,6.269000,208220000,https://finance.yahoo.com/quote/NVDA/history
2020-02-06,6.303500,6.356250,6.222000,6.356250,218284000,https://finance.yahoo.com/quote/NVDA/history
2020-02-07,6.316000,6.338250,6.264250,6.289750,189752000,https://finance.yahoo.com/quote/NVDA/history
2020-02-10,6.312500,6.575000,6.307500,6.574250,529608000,https://finance.yahoo.com/quote/NVDA/history
2020-02-11,6.683000,6.812500,6.620750,6.697250,638556000,https://finance.yahoo.com/quote/NVDA/history
2020-02-12,6.750250,6.820000,6.711250,6.813500,374644000,https://finance.yahoo.com/quote/NVDA/history
2020-02-13,6.755250,6.837000,6.727750,6.769500,528016000,https://finance.yahoo.com/quote/NVDA/history
2020-02-14,7.181500,7.374250,7.150000,7.244750,1041924000,https://finance.yahoo.com/quote/NVDA/history
2020-02-18,7.141000,7.432750,7.121500,7.414250,620164000,https://finance.yahoo.com/quote/NVDA/history
2020-02-19,7.537250,7.885250,7.537250,7.867500,694332000,https://finance.yahoo.com/quote/NVDA/history
2020-02-20,7.819250,7.908000,7.408750,7.717500,810052000,https://finance.yahoo.com/quote/NVDA/history
2020-02-21,7.604750,7.630000,7.266500,7.351750,768180000,https://finance.yahoo.com/quote/NVDA/history
2020-02-24,6.754750,7.046750,6.700000,6.832000,856916000,https://finance.yahoo.com/quote/NVDA/history
2020-02-25,6.907500,6.969750,6.449000,6.551250,1055496000,https://finance.yahoo.com/quote/NVDA/history
2020-02-26,6.551500,6.886250,6.550000,6.691250,747732000,https://finance.yahoo.com/quote/NVDA/history
2020-02-27,6.372500,6.675000,6.222250,6.315000,906416000,https://finance.yahoo.com/quote/NVDA/history
2020-02-28,6.061500,6.811500,6.044750,6.751750,1133252000,https://finance.yahoo.com/quote/NVDA/history
2020-03-02,6.922500,6.939750,6.525000,6.910750,890744000,https://finance.yahoo.com/quote/NVDA/history
2020-03-03,6.966750,7.026750,6.561500,6.647250,652792000,https://finance.yahoo.com/quote/NVDA/history
2020-03-04,6.755000,7.122250,6.680000,7.112750,597408000,https://finance.yahoo.com/quote/NVDA/history
2020-03-05,6.912500,7.080000,6.787500,6.832250,540328000,https://finance.yahoo.com/quote/NVDA/history
2020-03-06,6.652000,6.709750,6.450000,6.651000,515412000,https://finance.yahoo.com/quote/NVDA/history
2020-03-09,5.997500,6.485000,5.954500,6.136000,614160000,https://finance.yahoo.com/quote/NVDA/history
2020-03-10,6.413500,6.527000,6.149750,6.527000,580648000,https://finance.yahoo.com/quote/NVDA/history
2020-03-11,6.386500,6.415000,6.064250,6.161750,499964000,https://finance.yahoo.com/quote/NVDA/history
2020-03-12,5.636500,5.903000,5.395000,5.407750,816540000,https://finance.yahoo.com/quote/NVDA/history
2020-03-13,5.762500,6.025500,5.490250,6.021000,634836000,https://finance.yahoo.com/quote/NVDA/history
2020-03-16,5.310250,5.652500,4.850000,4.910000,726972000,https://finance.yahoo.com/quote/NVDA/history
2020-03-17,5.022750,5.521500,4.775000,5.431750,833632000,https://finance.yahoo.com/quote/NVDA/history
2020-03-18,5.002500,5.248500,4.517000,5.070500,874268000,https://finance.yahoo.com/quote/NVDA/history
2020-03-19,5.049000,5.418250,4.834750,5.324250,765512000,https://finance.yahoo.com/quote/NVDA/history
2020-03-20,5.475000,5.758000,5.128250,5.143750,804636000,https://finance.yahoo.com/quote/NVDA/history
2020-03-23,5.142750,5.412000,4.963000,5.317250,643876000,https://finance.yahoo.com/quote/NVDA/history
2020-03-24,5.725000,6.316500,5.701250,6.229500,1101644000,https://finance.yahoo.com/quote/NVDA/history
2020-03-25,6.345000,6.545500,6.091500,6.140500,793432000,https://finance.yahoo.com/quote/NVDA/history
2020-03-26,6.348500,6.555500,6.250000,6.431000,696108000,https://finance.yahoo.com/quote/NVDA/history
2020-03-27,6.250000,6.578000,6.217000,6.318250,638828000,https://finance.yahoo.com/quote/NVDA/history
2020-03-30,6.384000,6.649000,6.339750,6.639750,602252000,https://finance.yahoo.com/quote/NVDA/history
2020-03-31,6.680000,6.885000,6.443750,6.590000,949960000,https://finance.yahoo.com/quote/NVDA/history
2020-04-01,6.391250,6.538250,6.032000,6.076750,656912000,https://finance.yahoo.com/quote/NVDA/history
2020-04-02,6.106000,6.400000,6.057750,6.386750,675764000,https://finance.yahoo.com/quote/NVDA/history
2020-04-03,6.349000,6.390750,5.959750,6.097750,663212000,https://finance.yahoo.com/quote/NVDA/history
2020-04-06,6.381000,6.747000,6.323250,6.710000,727884000,https://finance.yahoo.com/quote/NVDA/history
2020-04-07,6.932500,6.956250,6.432500,6.475750,784520000,https://finance.yahoo.com/quote/NVDA/history
2020-04-08,6.585250,6.698750,6.515000,6.673750,542444000,https://finance.yahoo.com/quote/NVDA/history
2020-04-09,6.800000,6.823000,6.510500,6.573750,525564000,https://finance.yahoo.com/quote/NVDA/history
2020-04-13,6.513750,6.755000,6.425000,6.746250,398408000,https://finance.yahoo.com/quote/NVDA/history
2020-04-14,6.875000,7.133000,6.847250,7.098750,530948000,https://finance.yahoo.com/quote/NVDA/history
2020-04-15,6.930000,7.104250,6.884500,7.021000,366148000,https://finance.yahoo.com/quote/NVDA/history
2020-04-16,7.177000,7.475000,7.163750,7.367500,745620000,https://finance.yahoo.com/quote/NVDA/history
2020-04-17,7.450000,7.471500,7.173500,7.308000,539120000,https://finance.yahoo.com/quote/NVDA/history
2020-04-20,7.181000,7.337500,7.131750,7.176250,449388000,https://finance.yahoo.com/quote/NVDA/history
2020-04-21,7.057750,7.119250,6.677750,6.737750,735160000,https://finance.yahoo.com/quote/NVDA/history
2020-04-22,6.930750,7.196750,6.885000,7.153750,483356000,https://finance.yahoo.com/quote/NVDA/history
2020-04-23,7.196000,7.328500,7.075000,7.100250,424160000,https://finance.yahoo.com/quote/NVDA/history
2020-04-24,7.090000,7.241750,7.015000,7.239750,352328000,https://finance.yahoo.com/quote/NVDA/history
2020-04-27,7.374750,7.587500,7.350000,7.427000,479388000,https://finance.yahoo.com/quote/NVDA/history
2020-04-28,7.575000,7.605000,7.278500,7.284000,442904000,https://finance.yahoo.com/quote/NVDA/history
2020-04-29,7.419250,7.514500,7.343750,7.461500,379160000,https://finance.yahoo.com/quote/NVDA/history
2020-04-30,7.407250,7.461500,7.293000,7.307000,375916000,https://finance.yahoo.com/quote/NVDA/history
2020-05-01,7.108750,7.222500,7.021000,7.069500,342096000,https://finance.yahoo.com/quote/NVDA/history
2020-05-04,7.022000,7.296000,7.022000,7.282250,317556000,https://finance.yahoo.com/quote/NVDA/history
2020-05-05,7.386750,7.506750,7.282250,7.343500,368896000,https://finance.yahoo.com/quote/NVDA/history
2020-05-06,7.423250,7.550000,7.385250,7.444750,323464000,https://finance.yahoo.com/quote/NVDA/history
2020-05-07,7.584500,7.685250,7.533000,7.621750,373732000,https://finance.yahoo.com/quote/NVDA/history
2020-05-08,7.693750,7.818750,7.659750,7.812500,339216000,https://finance.yahoo.com/quote/NVDA/history
2020-05-11,7.807500,8.112500,7.778750,8.065500,469060000,https://finance.yahoo.com/quote/NVDA/history
2020-05-12,8.123500,8.172500,7.792750,7.802500,493060000,https://finance.yahoo.com/quote/NVDA/history
2020-05-13,7.917500,8.078500,7.594750,7.780000,625852000,https://finance.yahoo.com/quote/NVDA/history
2020-05-14,7.841750,8.036000,7.687500,8.030500,602312000,https://finance.yahoo.com/quote/NVDA/history
2020-05-15,7.889750,8.500500,7.874000,8.490750,987660000,https://finance.yahoo.com/quote/NVDA/history
2020-05-18,8.760500,8.916500,8.680500,8.750250,774460000,https://finance.yahoo.com/quote/NVDA/history
2020-05-19,8.790250,9.087500,8.762750,8.805500,717320000,https://finance.yahoo.com/quote/NVDA/history
2020-05-20,8.991000,9.043000,8.888750,8.970000,587536000,https://finance.yahoo.com/quote/NVDA/history
2020-05-21,9.051500,9.052500,8.737500,8.775250,761068000,https://finance.yahoo.com/quote/NVDA/history
2020-05-22,8.825250,9.093000,8.713250,9.026250,1038764000,https://finance.yahoo.com/quote/NVDA/history
2020-05-26,9.156750,9.181750,8.672000,8.717750,770780000,https://finance.yahoo.com/quote/NVDA/history
2020-05-27,8.625000,8.632750,7.996750,8.525250,1175892000,https://finance.yahoo.com/quote/NVDA/history
2020-05-28,8.412250,8.760500,8.379250,8.487000,734896000,https://finance.yahoo.com/quote/NVDA/history
2020-05-29,8.554500,8.875500,8.485000,8.875500,745256000,https://finance.yahoo.com/quote/NVDA/history
2020-06-01,8.833250,8.840750,8.689500,8.806250,389876000,https://finance.yahoo.com/quote/NVDA/history
2020-06-02,8.796250,8.837250,8.658000,8.825250,391320000,https://finance.yahoo.com/quote/NVDA/history
2020-06-03,8.822250,8.866250,8.700000,8.769500,365440000,https://finance.yahoo.com/quote/NVDA/history
2020-06-04,8.728000,8.943250,8.677500,8.766500,424280000,https://finance.yahoo.com/quote/NVDA/history
2020-06-05,8.794500,8.997000,8.708000,8.920000,481748000,https://finance.yahoo.com/quote/NVDA/history
2020-06-08,8.877250,8.889750,8.685750,8.805000,387736000,https://finance.yahoo.com/quote/NVDA/history
2020-06-09,8.800000,9.109750,8.751250,9.046000,468488000,https://finance.yahoo.com/quote/NVDA/history
2020-06-10,9.167750,9.500000,9.153500,9.366750,632180000,https://finance.yahoo.com/quote/NVDA/history
2020-06-11,9.150000,9.261250,8.786000,8.796250,583652000,https://finance.yahoo.com/quote/NVDA/history
2020-06-12,9.162500,9.187250,8.703250,8.932500,570908000,https://finance.yahoo.com/quote/NVDA/history
2020-06-15,8.815250,9.182250,8.743750,9.173750,400004000,https://finance.yahoo.com/quote/NVDA/history
2020-06-16,9.225000,9.266750,8.838750,9.068500,535716000,https://finance.yahoo.com/quote/NVDA/history
2020-06-17,9.113750,9.299000,9.070250,9.236000,408304000,https://finance.yahoo.com/quote/NVDA/history
2020-06-18,9.227000,9.282500,9.114500,9.218000,254408000,https://finance.yahoo.com/quote/NVDA/history
2020-06-19,9.242500,9.445000,9.227250,9.261250,524160000,https://finance.yahoo.com/quote/NVDA/history
2020-06-22,9.300000,9.531250,9.273250,9.526750,398468000,https://finance.yahoo.com/quote/NVDA/history
2020-06-23,9.551000,9.642500,9.407500,9.450000,375108000,https://finance.yahoo.com/quote/NVDA/history
2020-06-24,9.476250,9.556500,9.144500,9.235500,449372000,https://finance.yahoo.com/quote/NVDA/history
2020-06-25,9.355750,9.505000,9.182250,9.490000,376072000,https://finance.yahoo.com/quote/NVDA/history
2020-06-26,9.500000,9.500000,9.125000,9.155000,592084000,https://finance.yahoo.com/quote/NVDA/history
2020-06-29,9.169750,9.204500,8.900000,9.200000,342248000,https://finance.yahoo.com/quote/NVDA/history
2020-06-30,9.314000,9.526250,9.266500,9.497750,367892000,https://finance.yahoo.com/quote/NVDA/history
2020-07-01,9.520750,9.575750,9.413000,9.530000,326648000,https://finance.yahoo.com/quote/NVDA/history
2020-07-02,9.639000,9.737500,9.578250,9.612250,364056000,https://finance.yahoo.com/quote/NVDA/history
2020-07-06,9.741750,9.908750,9.712500,9.839250,315892000,https://finance.yahoo.com/quote/NVDA/history
2020-07-07,9.946250,10.070000,9.850750,9.871750,357800000,https://finance.yahoo.com/quote/NVDA/history
2020-07-08,9.993750,10.225000,9.965500,10.216000,365480000,https://finance.yahoo.com/quote/NVDA/history
2020-07-09,10.380250,10.570000,10.233500,10.509000,494548000,https://finance.yahoo.com/quote/NVDA/history
2020-07-10,10.588750,10.655250,10.378750,10.479250,497676000,https://finance.yahoo.com/quote/NVDA/history
2020-07-13,10.595000,10.792250,10.025000,10.052250,457076000,https://finance.yahoo.com/quote/NVDA/history
2020-07-14,10.075000,10.402750,9.785500,10.377000,542676000,https://finance.yahoo.com/quote/NVDA/history
2020-07-15,10.414250,10.433000,10.055750,10.227250,403984000,https://finance.yahoo.com/quote/NVDA/history
2020-07-16,10.015000,10.206750,9.895500,10.134750,344964000,https://finance.yahoo.com/quote/NVDA/history
2020-07-17,10.225500,10.248500,10.087750,10.201500,266284000,https://finance.yahoo.com/quote/NVDA/history
2020-07-20,10.274250,10.531250,10.156750,10.510750,284852000,https://finance.yahoo.com/quote/NVDA/history
2020-07-21,10.513000,10.560000,10.286750,10.328500,277036000,https://finance.yahoo.com/quote/NVDA/history
2020-07-22,10.367500,10.602500,10.291500,10.438750,367292000,https://finance.yahoo.com/quote/NVDA/history
2020-07-23,10.450000,10.547000,10.031250,10.129750,411660000,https://finance.yahoo.com/quote/NVDA/history
2020-07-24,9.875000,10.364750,9.777000,10.194500,473292000,https://finance.yahoo.com/quote/NVDA/history
2020-07-27,10.232250,10.441750,10.217750,10.421500,292132000,https://finance.yahoo.com/quote/NVDA/history
2020-07-28,10.374250,10.382000,10.209250,10.215500,271636000,https://finance.yahoo.com/quote/NVDA/history
2020-07-29,10.390750,10.516250,10.347000,10.465500,284508000,https://finance.yahoo.com/quote/NVDA/history
2020-07-30,10.375000,10.623000,10.295250,10.614000,308880000,https://finance.yahoo.com/quote/NVDA/history
2020-07-31,10.563250,10.766500,10.433000,10.614750,386080000,https://finance.yahoo.com/quote/NVDA/history
2020-08-03,10.732500,11.098750,10.715250,11.010250,412720000,https://finance.yahoo.com/quote/NVDA/history
2020-08-04,11.050000,11.227750,10.906000,11.227750,310336000,https://finance.yahoo.com/quote/NVDA/history
2020-08-05,11.244000,11.371750,11.166250,11.286750,249924000,https://finance.yahoo.com/quote/NVDA/history
2020-08-06,11.349750,11.358000,11.178750,11.335500,244316000,https://finance.yahoo.com/quote/NVDA/history
2020-08-07,11.312500,11.504750,11.037500,11.199500,342516000,https://finance.yahoo.com/quote/NVDA/history
2020-08-10,11.334250,11.408250,10.856500,11.165000,427796000,https://finance.yahoo.com/quote/NVDA/history
2020-08-11,11.073750,11.136750,10.795750,10.850000,354512000,https://finance.yahoo.com/quote/NVDA/history
2020-08-12,10.990750,11.467000,10.958250,11.440250,464412000,https://finance.yahoo.com/quote/NVDA/history
2020-08-13,11.546000,11.721750,11.355750,11.443000,374460000,https://finance.yahoo.com/quote/NVDA/history
2020-08-14,11.530000,11.704750,11.440500,11.564000,366436000,https://finance.yahoo.com/quote/NVDA/history
2020-08-17,11.851250,12.409750,11.817250,12.337000,621300000,https://finance.yahoo.com/quote/NVDA/history
2020-08-18,12.450000,12.496000,12.086250,12.260750,503448000,https://finance.yahoo.com/quote/NVDA/history
2020-08-19,12.296500,12.315000,12.098000,12.138500,622624000,https://finance.yahoo.com/quote/NVDA/history
2020-08-20,11.975000,12.375000,11.878750,12.141000,921388000,https://finance.yahoo.com/quote/NVDA/history
2020-08-21,12.201750,12.808750,12.195250,12.683500,999868000,https://finance.yahoo.com/quote/NVDA/history
2020-08-24,12.883750,12.912500,12.507500,12.720250,490564000,https://finance.yahoo.com/quote/NVDA/history
2020-08-25,12.630750,12.761250,12.573750,12.750000,289076000,https://finance.yahoo.com/quote/NVDA/history
2020-08-26,12.799250,12.868500,12.677750,12.773000,321244000,https://finance.yahoo.com/quote/NVDA/history
2020-08-27,12.781500,12.850000,12.566500,12.628250,317604000,https://finance.yahoo.com/quote/NVDA/history
2020-08-28,12.675000,13.148000,12.642500,13.147750,537160000,https://finance.yahoo.com/quote/NVDA/history
2020-08-31,13.182750,13.575000,13.037750,13.374500,500840000,https://finance.yahoo.com/quote/NVDA/history
2020-09-01,13.480000,13.993750,13.436500,13.821000,511316000,https://finance.yahoo.com/quote/NVDA/history
2020-09-02,14.703750,14.726750,13.900000,14.346500,874012000,https://finance.yahoo.com/quote/NVDA/history
2020-09-03,13.828750,13.884500,12.878750,13.015500,945128000,https://finance.yahoo.com/quote/NVDA/history
2020-09-04,12.783750,13.175000,11.704750,12.622500,1463684000,https://finance.yahoo.com/quote/NVDA/history
2020-09-08,11.734500,12.550000,11.704250,11.913000,795728000,https://finance.yahoo.com/quote/NVDA/history
2020-09-09,12.400000,12.809250,12.231750,12.715000,736200000,https://finance.yahoo.com/quote/NVDA/history
2020-09-10,12.989250,13.065250,12.167000,12.311750,698684000,https://finance.yahoo.com/quote/NVDA/history
2020-09-11,12.485500,12.652500,11.895750,12.164500,636928000,https://finance.yahoo.com/quote/NVDA/history
2020-09-14,13.081000,13.315000,12.631250,12.872250,1201744000,https://finance.yahoo.com/quote/NVDA/history
2020-09-15,13.280000,13.298750,12.827750,12.991000,727556000,https://finance.yahoo.com/quote/NVDA/history
2020-09-16,12.957250,13.092750,12.513750,12.514500,556384000,https://finance.yahoo.com/quote/NVDA/history
2020-09-17,12.132250,12.589750,12.034750,12.463500,792512000,https://finance.yahoo.com/quote/NVDA/history
2020-09-18,12.593750,12.632500,11.988750,12.189250,698460000,https://finance.yahoo.com/quote/NVDA/history
2020-09-21,11.925000,12.522500,11.904500,12.517250,721044000,https://finance.yahoo.com/quote/NVDA/history
2020-09-22,12.575000,12.648000,12.155500,12.637750,646452000,https://finance.yahoo.com/quote/NVDA/history
2020-09-23,12.575500,12.727000,12.079250,12.123750,647012000,https://finance.yahoo.com/quote/NVDA/history
2020-09-24,12.072250,12.569500,12.014000,12.348000,731240000,https://finance.yahoo.com/quote/NVDA/history
2020-09-25,12.447500,12.883500,12.245750,12.873750,588016000,https://finance.yahoo.com/quote/NVDA/history
2020-09-28,13.040250,13.051750,12.750000,13.035000,573808000,https://finance.yahoo.com/quote/NVDA/history
2020-09-29,12.937500,13.442750,12.933250,13.225750,621460000,https://finance.yahoo.com/quote/NVDA/history
2020-09-30,13.157500,13.622500,13.150250,13.530500,689184000,https://finance.yahoo.com/quote/NVDA/history
2020-10-01,13.758000,13.762750,13.460750,13.614500,525004000,https://finance.yahoo.com/quote/NVDA/history
2020-10-02,13.225000,13.519500,13.051000,13.062250,552496000,https://finance.yahoo.com/quote/NVDA/history
2020-10-05,13.236000,13.644250,13.222750,13.642500,479820000,https://finance.yahoo.com/quote/NVDA/history
2020-10-06,13.830000,14.142000,13.665000,13.736500,784420000,https://finance.yahoo.com/quote/NVDA/history
2020-10-07,13.999750,14.119250,13.863500,13.964000,418084000,https://finance.yahoo.com/quote/NVDA/history
2020-10-08,14.075000,14.084500,13.758000,13.838750,378900000,https://finance.yahoo.com/quote/NVDA/history
2020-10-09,13.767000,13.824250,13.660750,13.762750,346892000,https://finance.yahoo.com/quote/NVDA/history
2020-10-12,13.989500,14.347000,13.912500,14.226000,434744000,https://finance.yahoo.com/quote/NVDA/history
2020-10-13,14.296500,14.348500,14.018750,14.248250,344604000,https://finance.yahoo.com/quote/NVDA/history
2020-10-14,14.290500,14.342750,13.960000,14.095250,276100000,https://finance.yahoo.com/quote/NVDA/history
2020-10-15,13.810750,14.005750,13.767750,13.970000,267224000,https://finance.yahoo.com/quote/NVDA/history
2020-10-16,14.036750,14.121500,13.792500,13.811500,242392000,https://finance.yahoo.com/quote/NVDA/history
2020-10-19,13.903000,13.983500,13.406750,13.497750,298068000,https://finance.yahoo.com/quote/NVDA/history
2020-10-20,13.583500,13.799750,13.507000,13.645500,229212000,https://finance.yahoo.com/quote/NVDA/history
2020-10-21,13.625000,13.791500,13.477500,13.524750,219596000,https://finance.yahoo.com/quote/NVDA/history
2020-10-22,13.522500,13.611750,13.231750,13.361000,290480000,https://finance.yahoo.com/quote/NVDA/history
2020-10-23,13.450000,13.593250,13.291250,13.590250,233484000,https://finance.yahoo.com/quote/NVDA/history
2020-10-26,13.427000,13.692750,13.038500,13.141250,336896000,https://finance.yahoo.com/quote/NVDA/history
2020-10-27,13.306000,13.442000,13.191500,13.396750,250520000,https://finance.yahoo.com/quote/NVDA/history
2020-10-28,13.198000,13.260000,12.609000,12.627000,376520000,https://finance.yahoo.com/quote/NVDA/history
2020-10-29,12.838500,13.192750,12.750000,13.024000,320080000,https://finance.yahoo.com/quote/NVDA/history
2020-10-30,12.850000,12.936500,12.300000,12.534000,416820000,https://finance.yahoo.com/quote/NVDA/history
2020-11-02,12.657750,12.836750,12.395000,12.580750,299652000,https://finance.yahoo.com/quote/NVDA/history
2020-11-03,12.708500,13.105000,12.602750,13.019500,272900000,https://finance.yahoo.com/quote/NVDA/history
2020-11-04,13.389250,13.827500,13.337000,13.794250,410228000,https://finance.yahoo.com/quote/NVDA/history
2020-11-05,14.162500,14.339000,13.991000,14.160000,319028000,https://finance.yahoo.com/quote/NVDA/history
2020-11-06,14.109750,14.588750,13.895000,14.562000,383348000,https://finance.yahoo.com/quote/NVDA/history
2020-11-09,14.552500,14.691500,13.610750,13.630750,582976000,https://finance.yahoo.com/quote/NVDA/history
2020-11-10,13.606500,13.606500,12.628250,12.770000,644068000,https://finance.yahoo.com/quote/NVDA/history
2020-11-11,13.053750,13.435000,12.948250,13.418000,404744000,https://finance.yahoo.com/quote/NVDA/history
2020-11-12,13.479000,13.766000,13.316000,13.456750,365812000,https://finance.yahoo.com/quote/NVDA/history
2020-11-13,13.627250,13.668750,13.059250,13.297000,346312000,https://finance.yahoo.com/quote/NVDA/history
2020-11-16,13.172500,13.649500,13.156000,13.515250,413776000,https://finance.yahoo.com/quote/NVDA/history
2020-11-17,13.552500,13.596250,13.303750,13.422250,312028000,https://finance.yahoo.com/quote/NVDA/history
2020-11-18,13.465250,13.605750,13.185000,13.428750,510924000,https://finance.yahoo.com/quote/NVDA/history
2020-11-19,13.212750,13.487500,13.100000,13.440250,565936000,https://finance.yahoo.com/quote/NVDA/history
2020-11-20,13.454000,13.494500,13.065000,13.087750,341088000,https://finance.yahoo.com/quote/NVDA/history
2020-11-23,13.171250,13.382500,13.015500,13.140000,361356000,https://finance.yahoo.com/quote/NVDA/history
2020-11-24,13.142500,13.162000,12.885000,12.957750,346500000,https://finance.yahoo.com/quote/NVDA/history
2020-11-25,13.032500,13.269500,13.020000,13.234750,259916000,https://finance.yahoo.com/quote/NVDA/history
2020-11-27,13.375000,13.407500,13.170500,13.261250,167276000,https://finance.yahoo.com/quote/NVDA/history
2020-11-30,13.265000,13.412500,12.972250,13.401500,286952000,https://finance.yahoo.com/quote/NVDA/history
2020-12-01,13.492250,13.528750,13.228250,13.390000,296948000,https://finance.yahoo.com/quote/NVDA/history
2020-12-02,13.350500,13.673500,13.234250,13.544500,283360000,https://finance.yahoo.com/quote/NVDA/history
2020-12-03,13.587500,13.660000,13.329000,13.396000,199520000,https://finance.yahoo.com/quote/NVDA/history
2020-12-04,13.448500,13.560000,13.388750,13.558250,202244000,https://finance.yahoo.com/quote/NVDA/history
2020-12-07,13.601250,13.731250,13.500000,13.606750,223244000,https://finance.yahoo.com/quote/NVDA/history
2020-12-08,13.585000,13.598750,13.281500,13.350000,271920000,https://finance.yahoo.com/quote/NVDA/history
2020-12-09,13.300500,13.414000,12.868250,12.930750,401300000,https://finance.yahoo.com/quote/NVDA/history
2020-12-10,12.869000,13.068750,12.849500,12.972250,207764000,https://finance.yahoo.com/quote/NVDA/history
2020-12-11,12.967250,13.020000,12.823000,13.013250,209264000,https://finance.yahoo.com/quote/NVDA/history
2020-12-14,13.088000,13.388750,13.077500,13.308750,270156000,https://finance.yahoo.com/quote/NVDA/history
2020-12-15,13.439750,13.464000,13.186750,13.360500,193016000,https://finance.yahoo.com/quote/NVDA/history
2020-12-16,13.422500,13.437250,13.212500,13.242500,223116000,https://finance.yahoo.com/quote/NVDA/history
2020-12-17,13.366750,13.379500,13.178500,13.341250,231384000,https://finance.yahoo.com/quote/NVDA/history
2020-12-18,13.379000,13.405000,13.070500,13.272000,342064000,https://finance.yahoo.com/quote/NVDA/history
2020-12-21,13.074750,13.370000,12.967500,13.332250,302332000,https://finance.yahoo.com/quote/NVDA/history
2020-12-22,13.319250,13.337250,13.054000,13.278250,185580000,https://finance.yahoo.com/quote/NVDA/history
2020-12-23,13.256000,13.275000,13.005000,13.009250,179144000,https://finance.yahoo.com/quote/NVDA/history
2020-12-24,13.037250,13.132500,12.938750,12.993750,97884000,https://finance.yahoo.com/quote/NVDA/history
2020-12-28,13.062500,13.062500,12.763250,12.900000,212564000,https://finance.yahoo.com/quote/NVDA/history
2020-12-29,12.925000,13.072500,12.842250,12.943250,170372000,https://finance.yahoo.com/quote/NVDA/history
2020-12-30,12.990250,13.213750,12.896750,13.145750,225396000,https://finance.yahoo.com/quote/NVDA/history
2020-12-31,13.136500,13.151000,12.915000,13.055000,192424000,https://finance.yahoo.com/quote/NVDA/history
2021-01-04,13.104250,13.652500,12.962500,13.113500,560640000,https://finance.yahoo.com/quote/NVDA/history
2021-01-05,13.099750,13.443500,13.087000,13.404750,322760000,https://finance.yahoo.com/quote/NVDA/history
2021-01-06,13.222500,13.245000,12.586000,12.614500,580424000,https://finance.yahoo.com/quote/NVDA/history
2021-01-07,12.967500,13.377750,12.886500,13.344000,461480000,https://finance.yahoo.com/quote/NVDA/history
2021-01-08,13.362500,13.421000,13.042000,13.276750,292528000,https://finance.yahoo.com/quote/NVDA/history
2021-01-11,13.418750,13.961000,13.362500,13.621500,518344000,https://finance.yahoo.com/quote/NVDA/history
2021-01-12,13.752500,13.754500,13.345000,13.484750,291476000,https://finance.yahoo.com/quote/NVDA/history
2021-01-13,13.490000,13.625000,13.385000,13.531750,210028000,https://finance.yahoo.com/quote/NVDA/history
2021-01-14,13.575000,13.599750,13.180500,13.200250,283120000,https://finance.yahoo.com/quote/NVDA/history
2021-01-15,13.228000,13.325250,12.848500,12.859500,277780000,https://finance.yahoo.com/quote/NVDA/history
2021-01-19,13.016250,13.094000,12.844000,13.025250,226188000,https://finance.yahoo.com/quote/NVDA/history
2021-01-20,13.111750,13.430500,13.056750,13.365750,258572000,https://finance.yahoo.com/quote/NVDA/history
2021-01-21,13.418500,13.999250,13.253000,13.867500,337780000,https://finance.yahoo.com/quote/NVDA/history
2021-01-22,13.740000,13.841750,13.627250,13.712500,246820000,https://finance.yahoo.com/quote/NVDA/history
2021-01-25,13.781750,13.828500,13.236500,13.653250,251112000,https://finance.yahoo.com/quote/NVDA/history
2021-01-26,13.580500,13.644750,13.387500,13.435250,163980000,https://finance.yahoo.com/quote/NVDA/history
2021-01-27,13.230000,13.232750,12.793750,12.917750,371272000,https://finance.yahoo.com/quote/NVDA/history
2021-01-28,12.996250,13.339750,12.960500,13.051000,228316000,https://finance.yahoo.com/quote/NVDA/history
2021-01-29,13.075000,13.334750,12.911500,12.989750,271552000,https://finance.yahoo.com/quote/NVDA/history
2021-02-01,13.053250,13.270750,12.902750,13.237000,217204000,https://finance.yahoo.com/quote/NVDA/history
2021-02-02,13.398750,13.572000,13.285500,13.556750,220440000,https://finance.yahoo.com/quote/NVDA/history
2021-02-03,13.636000,13.931750,13.516500,13.530500,245408000,https://finance.yahoo.com/quote/NVDA/history
2021-02-04,13.531000,13.673500,13.337750,13.664250,201340000,https://finance.yahoo.com/quote/NVDA/history
2021-02-05,13.725000,13.737250,13.545750,13.591000,169152000,https://finance.yahoo.com/quote/NVDA/history
2021-02-08,13.727250,14.473750,13.727250,14.438750,434624000,https://finance.yahoo.com/quote/NVDA/history
2021-02-09,14.340750,14.583250,14.222500,14.263250,287560000,https://finance.yahoo.com/quote/NVDA/history
2021-02-10,14.463250,14.905000,14.341500,14.764250,485352000,https://finance.yahoo.com/quote/NVDA/history
2021-02-11,14.980250,15.272250,14.925000,15.250750,450828000,https://finance.yahoo.com/quote/NVDA/history
2021-02-12,15.050000,15.291250,14.775000,14.961250,374756000,https://finance.yahoo.com/quote/NVDA/history
2021-02-16,15.064250,15.372500,14.950000,15.330250,321960000,https://finance.yahoo.com/quote/NVDA/history
2021-02-17,15.171000,15.223500,14.780000,14.906000,274756000,https://finance.yahoo.com/quote/NVDA/history
2021-02-18,14.729000,14.873250,14.575000,14.829000,233868000,https://finance.yahoo.com/quote/NVDA/history
2021-02-19,15.024500,15.177000,14.846750,14.926500,271724000,https://finance.yahoo.com/quote/NVDA/history
2021-02-22,14.774750,15.133250,14.325000,14.355750,325884000,https://finance.yahoo.com/quote/NVDA/history
2021-02-23,14.075250,14.238750,13.389500,14.142000,391780000,https://finance.yahoo.com/quote/NVDA/history
2021-02-24,14.122750,14.506750,13.756000,14.499000,448320000,https://finance.yahoo.com/quote/NVDA/history
2021-02-25,14.045500,14.374750,13.216250,13.307500,824436000,https://finance.yahoo.com/quote/NVDA/history
2021-02-26,13.752500,13.854500,13.361000,13.714500,500932000,https://finance.yahoo.com/quote/NVDA/history
2021-03-01,13.875000,13.925000,13.553250,13.841750,353184000,https://finance.yahoo.com/quote/NVDA/history
2021-03-02,13.900000,13.920500,13.396000,13.406250,264116000,https://finance.yahoo.com/quote/NVDA/history
2021-03-03,13.426250,13.451500,12.798750,12.804750,377592000,https://finance.yahoo.com/quote/NVDA/history
2021-03-04,12.800750,12.975000,12.083750,12.370250,573344000,https://finance.yahoo.com/quote/NVDA/history
2021-03-05,12.550000,12.550000,11.679250,12.461500,542840000,https://finance.yahoo.com/quote/NVDA/history
2021-03-08,12.450000,12.471250,11.566500,11.593250,543112000,https://finance.yahoo.com/quote/NVDA/history
2021-03-09,12.130250,12.616750,12.059250,12.520250,521824000,https://finance.yahoo.com/quote/NVDA/history
2021-03-10,12.840500,12.980000,12.457500,12.468250,384376000,https://finance.yahoo.com/quote/NVDA/history
2021-03-11,12.950000,13.046250,12.734500,12.993500,299916000,https://finance.yahoo.com/quote/NVDA/history
2021-03-12,12.648250,12.888750,12.590000,12.856000,243964000,https://finance.yahoo.com/quote/NVDA/history
2021-03-15,12.864750,13.206750,12.767250,13.191250,221988000,https://finance.yahoo.com/quote/NVDA/history
2021-03-16,13.356500,13.512500,13.116750,13.291250,272128000,https://finance.yahoo.com/quote/NVDA/history
2021-03-17,13.039750,13.453250,12.989500,13.341250,243864000,https://finance.yahoo.com/quote/NVDA/history
2021-03-18,13.136500,13.184000,12.717000,12.722500,293896000,https://finance.yahoo.com/quote/NVDA/history
2021-03-19,12.750000,12.921500,12.612500,12.845750,299208000,https://finance.yahoo.com/quote/NVDA/history
2021-03-22,12.912750,13.394500,12.906750,13.186250,297804000,https://finance.yahoo.com/quote/NVDA/history
2021-03-23,13.254250,13.344500,13.021250,13.070750,222048000,https://finance.yahoo.com/quote/NVDA/history
2021-03-24,13.151250,13.159250,12.636750,12.643000,245840000,https://finance.yahoo.com/quote/NVDA/history
2021-03-25,12.499500,12.714750,12.272000,12.535250,295144000,https://finance.yahoo.com/quote/NVDA/history
2021-03-26,12.554500,12.856250,12.373500,12.839250,363968000,https://finance.yahoo.com/quote/NVDA/history
2021-03-29,12.820250,13.062500,12.700000,12.948250,273520000,https://finance.yahoo.com/quote/NVDA/history
2021-03-30,12.842000,12.975250,12.705000,12.871750,200204000,https://finance.yahoo.com/quote/NVDA/history
2021-03-31,13.015500,13.470500,12.982500,13.348250,314776000,https://finance.yahoo.com/quote/NVDA/history
2021-04-01,13.572250,13.870000,13.511250,13.811750,308276000,https://finance.yahoo.com/quote/NVDA/history
2021-04-05,13.867500,14.014000,13.733000,13.987500,255672000,https://finance.yahoo.com/quote/NVDA/history
2021-04-06,13.999750,14.054250,13.773500,13.861500,191744000,https://finance.yahoo.com/quote/NVDA/history
2021-04-07,13.880750,14.243500,13.711500,14.143500,251284000,https://finance.yahoo.com/quote/NVDA/history
2021-04-08,14.252750,14.471500,14.249000,14.317000,244416000,https://finance.yahoo.com/quote/NVDA/history
2021-04-09,14.214000,14.408000,14.175000,14.400000,195172000,https://finance.yahoo.com/quote/NVDA/history
2021-04-12,14.289750,15.352500,14.139250,15.209000,869324000,https://finance.yahoo.com/quote/NVDA/history
2021-04-13,15.231500,15.700000,15.125750,15.679500,676212000,https://finance.yahoo.com/quote/NVDA/history
2021-04-14,15.625000,15.720500,15.227500,15.277000,385500000,https://finance.yahoo.com/quote/NVDA/history
2021-04-15,15.662500,16.214251,15.631500,16.137251,598480000,https://finance.yahoo.com/quote/NVDA/history
2021-04-16,16.052999,16.165751,15.865250,15.912500,335208000,https://finance.yahoo.com/quote/NVDA/history
2021-04-19,15.536500,15.807500,15.233000,15.361750,404420000,https://finance.yahoo.com/quote/NVDA/history
2021-04-20,15.323250,15.497000,14.963000,15.171250,334132000,https://finance.yahoo.com/quote/NVDA/history
2021-04-21,15.118750,15.362500,15.102250,15.360500,216776000,https://finance.yahoo.com/quote/NVDA/history
2021-04-22,15.375000,15.438500,14.783500,14.850250,277788000,https://finance.yahoo.com/quote/NVDA/history
2021-04-23,14.934250,15.335000,14.900250,15.265250,227500000,https://finance.yahoo.com/quote/NVDA/history
2021-04-26,15.185000,15.479000,15.125000,15.478000,197796000,https://finance.yahoo.com/quote/NVDA/history
2021-04-27,15.578500,15.670500,15.354500,15.381750,164572000,https://finance.yahoo.com/quote/NVDA/history
2021-04-28,15.364500,15.532250,15.215500,15.276750,209416000,https://finance.yahoo.com/quote/NVDA/history
2021-04-29,15.400000,15.436500,15.071500,15.324750,173196000,https://finance.yahoo.com/quote/NVDA/history
2021-04-30,15.174500,15.365000,14.997000,15.009500,201912000,https://finance.yahoo.com/quote/NVDA/history
2021-05-03,15.125000,15.246750,14.787500,14.836750,203912000,https://finance.yahoo.com/quote/NVDA/history
2021-05-04,14.637250,14.637500,14.010250,14.351250,405324000,https://finance.yahoo.com/quote/NVDA/history
2021-05-05,14.709000,14.813500,14.387500,14.458500,292024000,https://finance.yahoo.com/quote/NVDA/history
2021-05-06,14.495250,14.571250,14.218000,14.523000,193380000,https://finance.yahoo.com/quote/NVDA/history
2021-05-07,14.808250,14.970750,14.671750,14.812250,229328000,https://finance.yahoo.com/quote/NVDA/history
2021-05-10,14.787250,14.806000,14.250000,14.265750,268904000,https://finance.yahoo.com/quote/NVDA/history
2021-05-11,13.825000,14.354750,13.750000,14.306250,285584000,https://finance.yahoo.com/quote/NVDA/history
2021-05-12,14.009500,14.260250,13.709250,13.758500,303408000,https://finance.yahoo.com/quote/NVDA/history
2021-05-13,14.033750,14.080750,13.459000,13.665250,285404000,https://finance.yahoo.com/quote/NVDA/history
2021-05-14,13.890000,14.328000,13.748500,14.243000,258616000,https://finance.yahoo.com/quote/NVDA/history
2021-05-17,14.157000,14.169250,13.853500,14.165500,216980000,https://finance.yahoo.com/quote/NVDA/history
2021-05-18,14.267000,14.404250,14.004000,14.015750,186256000,https://finance.yahoo.com/quote/NVDA/history
2021-05-19,13.566500,14.079500,13.543250,14.065750,344000000,https://finance.yahoo.com/quote/NVDA/history
2021-05-20,14.302500,14.683750,14.270500,14.612500,321592000,https://finance.yahoo.com/quote/NVDA/history
2021-05-21,15.163750,15.222000,14.869500,14.991750,672992000,https://finance.yahoo.com/quote/NVDA/history
2021-05-24,15.212500,15.745000,15.176000,15.612000,554816000,https://finance.yahoo.com/quote/NVDA/history
2021-05-25,15.766000,15.818500,15.482500,15.647750,435408000,https://finance.yahoo.com/quote/NVDA/history
2021-05-26,15.734250,15.793750,15.586250,15.700000,370440000,https://finance.yahoo.com/quote/NVDA/history
2021-05-27,15.699750,15.750000,15.460000,15.488000,581476000,https://finance.yahoo.com/quote/NVDA/history
2021-05-28,15.501000,16.277500,15.501000,16.244499,644536000,https://finance.yahoo.com/quote/NVDA/history
2021-06-01,16.270000,16.388250,15.903250,16.264500,472804000,https://finance.yahoo.com/quote/NVDA/history
2021-06-02,16.252251,16.918751,16.235500,16.778250,594168000,https://finance.yahoo.com/quote/NVDA/history
2021-06-03,16.700750,17.259001,16.583000,16.969749,580008000,https://finance.yahoo.com/quote/NVDA/history
2021-06-04,17.112499,17.660999,17.095501,17.578251,617120000,https://finance.yahoo.com/quote/NVDA/history
2021-06-07,17.571251,17.812500,17.192751,17.618999,575756000,https://finance.yahoo.com/quote/NVDA/history
2021-06-08,17.527250,17.621500,17.250999,17.457001,323848000,https://finance.yahoo.com/quote/NVDA/history
2021-06-09,17.515751,17.575001,17.255751,17.358250,381656000,https://finance.yahoo.com/quote/NVDA/history
2021-06-10,17.350000,17.492001,17.176001,17.424999,287772000,https://finance.yahoo.com/quote/NVDA/history
2021-06-11,17.479500,17.939251,17.443750,17.825251,416308000,https://finance.yahoo.com/quote/NVDA/history
2021-06-14,17.906000,18.039499,17.662750,18.018749,321376000,https://finance.yahoo.com/quote/NVDA/history
2021-06-15,17.915001,18.016251,17.728001,17.788500,243032000,https://finance.yahoo.com/quote/NVDA/history
2021-06-16,17.790751,17.954750,17.584499,17.810249,307124000,https://finance.yahoo.com/quote/NVDA/history
2021-06-17,17.774500,18.834999,17.756250,18.657249,809656000,https://finance.yahoo.com/quote/NVDA/history
2021-06-18,18.784000,19.375000,18.584000,18.638750,968856000,https://finance.yahoo.com/quote/NVDA/history
2021-06-21,18.435249,18.536501,17.822750,18.427250,672384000,https://finance.yahoo.com/quote/NVDA/history
2021-06-22,18.471500,18.963751,18.386000,18.886749,580144000,https://finance.yahoo.com/quote/NVDA/history
2021-06-23,19.007750,19.152750,18.907749,19.057249,332356000,https://finance.yahoo.com/quote/NVDA/history
2021-06-24,19.227751,19.420000,19.088249,19.205500,320924000,https://finance.yahoo.com/quote/NVDA/history
2021-06-25,19.280500,19.345501,18.894501,19.031000,278364000,https://finance.yahoo.com/quote/NVDA/history
2021-06-28,19.361250,20.078751,19.319000,19.985001,495436000,https://finance.yahoo.com/quote/NVDA/history
2021-06-29,19.882500,20.098749,19.657000,20.026751,367632000,https://finance.yahoo.com/quote/NVDA/history
2021-06-30,19.999250,20.162500,19.863750,20.002501,326568000,https://finance.yahoo.com/quote/NVDA/history
2021-07-01,20.125000,20.455999,20.018999,20.212000,480136000,https://finance.yahoo.com/quote/NVDA/history
2021-07-02,20.440250,20.505251,20.287750,20.487000,342764000,https://finance.yahoo.com/quote/NVDA/history
2021-07-06,20.737499,20.841999,20.350250,20.698500,446708000,https://finance.yahoo.com/quote/NVDA/history
2021-07-07,20.853500,20.875000,20.332001,20.371750,418428000,https://finance.yahoo.com/quote/NVDA/history
2021-07-08,19.856501,20.132999,19.700750,19.902750,503300000,https://finance.yahoo.com/quote/NVDA/history
2021-07-09,19.962500,20.080250,19.754250,20.050249,296624000,https://finance.yahoo.com/quote/NVDA/history
2021-07-12,20.240000,20.532749,20.187750,20.512501,321984000,https://finance.yahoo.com/quote/NVDA/history
2021-07-13,20.400499,20.461250,20.114000,20.250000,290708000,https://finance.yahoo.com/quote/NVDA/history
2021-07-14,20.357750,20.417749,19.752750,19.841499,380100000,https://finance.yahoo.com/quote/NVDA/history
2021-07-15,19.811750,19.847000,18.858500,18.966249,550564000,https://finance.yahoo.com/quote/NVDA/history
2021-07-16,19.030500,19.157000,18.073000,18.160999,688224000,https://finance.yahoo.com/quote/NVDA/history
2021-07-19,17.915251,19.042000,17.865499,18.779751,749060000,https://finance.yahoo.com/quote/NVDA/history
2021-07-20,18.730000,18.837999,18.164000,18.612000,434687000,https://finance.yahoo.com/quote/NVDA/history
2021-07-21,18.882000,19.527000,18.742001,19.410000,371017000,https://finance.yahoo.com/quote/NVDA/history
2021-07-22,19.642000,19.886999,19.275999,19.594000,323826000,https://finance.yahoo.com/quote/NVDA/history
2021-07-23,19.656000,19.700001,19.250000,19.558001,195672000,https://finance.yahoo.com/quote/NVDA/history
2021-07-26,19.311001,19.441999,18.914000,19.294001,203943000,https://finance.yahoo.com/quote/NVDA/history
2021-07-27,19.264999,19.622000,18.740999,19.208000,248863000,https://finance.yahoo.com/quote/NVDA/history
2021-07-28,19.319000,19.646000,18.995001,19.503000,202191000,https://finance.yahoo.com/quote/NVDA/history
2021-07-29,19.518999,19.853001,19.327999,19.662001,190781000,https://finance.yahoo.com/quote/NVDA/history
2021-07-30,19.417999,19.629999,19.263000,19.499001,183497000,https://finance.yahoo.com/quote/NVDA/history
2021-08-02,19.700001,19.961000,19.361000,19.750000,217444000,https://finance.yahoo.com/quote/NVDA/history
2021-08-03,19.740000,20.222000,19.219999,19.815001,301811000,https://finance.yahoo.com/quote/NVDA/history
2021-08-04,19.990000,20.318001,19.827999,20.274000,231309000,https://finance.yahoo.com/quote/NVDA/history
2021-08-05,20.500000,20.733000,20.341999,20.636999,211435000,https://finance.yahoo.com/quote/NVDA/history
2021-08-06,20.524000,20.570000,20.209999,20.365999,178497000,https://finance.yahoo.com/quote/NVDA/history
2021-08-09,20.445999,20.507999,20.143000,20.295000,146443000,https://finance.yahoo.com/quote/NVDA/history
2021-08-10,20.322001,20.430000,19.834999,19.936001,179238000,https://finance.yahoo.com/quote/NVDA/history
2021-08-11,20.042999,20.049000,19.430000,19.698999,185925000,https://finance.yahoo.com/quote/NVDA/history
2021-08-12,19.870001,20.028999,19.620001,19.905001,151652000,https://finance.yahoo.com/quote/NVDA/history
2021-08-13,19.905001,20.214001,19.851000,20.188000,183063000,https://finance.yahoo.com/quote/NVDA/history
2021-08-16,20.135000,20.287001,19.452999,19.950001,210876000,https://finance.yahoo.com/quote/NVDA/history
2021-08-17,19.684999,19.770000,19.267000,19.458000,204585000,https://finance.yahoo.com/quote/NVDA/history
2021-08-18,19.500000,19.634001,19.000000,19.040001,285913000,https://finance.yahoo.com/quote/NVDA/history
2021-08-19,19.493999,20.495001,18.761999,19.798000,766555000,https://finance.yahoo.com/quote/NVDA/history
2021-08-20,19.990999,20.865000,19.933001,20.816000,675741000,https://finance.yahoo.com/quote/NVDA/history
2021-08-23,20.971001,21.997000,20.950001,21.958000,575807000,https://finance.yahoo.com/quote/NVDA/history
2021-08-24,21.753000,21.959000,21.535000,21.792999,297299000,https://finance.yahoo.com/quote/NVDA/history
2021-08-25,21.737000,22.469999,21.722000,22.212999,347701000,https://finance.yahoo.com/quote/NVDA/history
2021-08-26,22.200001,22.340000,21.790001,22.068001,237940000,https://finance.yahoo.com/quote/NVDA/history
2021-08-27,22.184000,22.722000,22.167000,22.636000,304722000,https://finance.yahoo.com/quote/NVDA/history
2021-08-30,22.830000,23.042999,22.551001,22.688000,262580000,https://finance.yahoo.com/quote/NVDA/history
2021-08-31,22.695000,22.695000,22.120001,22.385000,259850000,https://finance.yahoo.com/quote/NVDA/history
2021-09-01,22.485001,22.697001,22.357000,22.441000,201767000,https://finance.yahoo.com/quote/NVDA/history
2021-09-02,22.518000,22.593000,22.295000,22.396000,187834000,https://finance.yahoo.com/quote/NVDA/history
2021-09-03,22.325001,22.986000,22.200001,22.843000,280532000,https://finance.yahoo.com/quote/NVDA/history
2021-09-07,22.833000,22.899000,22.521999,22.662001,198107000,https://finance.yahoo.com/quote/NVDA/history
2021-09-08,22.513000,22.610001,21.976999,22.339001,254434000,https://finance.yahoo.com/quote/NVDA/history
2021-09-09,22.312000,22.538000,22.131001,22.177000,196856000,https://finance.yahoo.com/quote/NVDA/history
2021-09-10,22.348000,22.625999,22.270000,22.478001,248376000,https://finance.yahoo.com/quote/NVDA/history
2021-09-13,22.684000,22.964001,21.858000,22.152000,297500000,https://finance.yahoo.com/quote/NVDA/history
2021-09-14,22.275000,22.410000,22.086000,22.242001,199755000,https://finance.yahoo.com/quote/NVDA/history
2021-09-15,22.309000,22.367001,21.966000,22.341000,166538000,https://finance.yahoo.com/quote/NVDA/history
2021-09-16,22.183001,22.277000,21.927000,22.242001,156033000,https://finance.yahoo.com/quote/NVDA/history
2021-09-17,22.299999,22.320999,21.830000,21.900000,294503000,https://finance.yahoo.com/quote/NVDA/history
2021-09-20,21.146000,21.433001,20.662001,21.113001,349440000,https://finance.yahoo.com/quote/NVDA/history
2021-09-21,21.417000,21.424999,20.950001,21.246000,204688000,https://finance.yahoo.com/quote/NVDA/history
2021-09-22,21.365999,21.959999,21.195999,21.941000,268726000,https://finance.yahoo.com/quote/NVDA/history
2021-09-23,22.139999,22.535000,21.889999,22.482000,248555000,https://finance.yahoo.com/quote/NVDA/history
2021-09-24,22.070000,22.149000,21.861000,22.080999,217655000,https://finance.yahoo.com/quote/NVDA/history
2021-09-27,21.709999,21.799000,21.325001,21.660000,245215000,https://finance.yahoo.com/quote/NVDA/history
2021-09-28,21.214001,21.419001,20.650999,20.698999,343069000,https://finance.yahoo.com/quote/NVDA/history
2021-09-29,20.940001,21.017000,20.466999,20.517000,218394000,https://finance.yahoo.com/quote/NVDA/history
2021-09-30,20.768000,21.066000,20.688000,20.716000,221009000,https://finance.yahoo.com/quote/NVDA/history
2021-10-01,20.750000,20.858999,20.202999,20.742001,240978000,https://finance.yahoo.com/quote/NVDA/history
2021-10-04,20.504000,20.542000,19.555000,19.732000,345635000,https://finance.yahoo.com/quote/NVDA/history
2021-10-05,19.950001,20.648001,19.854000,20.451000,279282000,https://finance.yahoo.com/quote/NVDA/history
2021-10-06,20.120001,20.719999,20.080000,20.700001,297202000,https://finance.yahoo.com/quote/NVDA/history
2021-10-07,21.091999,21.322001,20.972000,21.075001,256919000,https://finance.yahoo.com/quote/NVDA/history
2021-10-08,21.101000,21.205999,20.775000,20.830999,151258000,https://finance.yahoo.com/quote/NVDA/history
2021-10-11,20.575001,21.063000,20.511000,20.695000,163388000,https://finance.yahoo.com/quote/NVDA/history
2021-10-12,20.827999,21.056999,20.528000,20.671000,162134000,https://finance.yahoo.com/quote/NVDA/history
2021-10-13,20.917999,20.990000,20.712999,20.938999,180652000,https://finance.yahoo.com/quote/NVDA/history
2021-10-14,21.288000,21.754999,21.122000,21.746000,243589000,https://finance.yahoo.com/quote/NVDA/history
2021-10-15,21.809999,21.931000,21.662001,21.862000,226994000,https://finance.yahoo.com/quote/NVDA/history
2021-10-18,21.749001,22.291000,21.643999,22.222000,189494000,https://finance.yahoo.com/quote/NVDA/history
2021-10-19,22.275999,22.379000,22.037001,22.290001,161473000,https://finance.yahoo.com/quote/NVDA/history
2021-10-20,22.305000,22.433001,21.982000,22.103001,146276000,https://finance.yahoo.com/quote/NVDA/history
2021-10-21,22.097000,22.711000,22.083000,22.691999,187590000,https://finance.yahoo.com/quote/NVDA/history
2021-10-22,22.823000,23.129999,22.561001,22.726000,249384000,https://finance.yahoo.com/quote/NVDA/history
2021-10-25,22.973000,23.355000,22.770000,23.166000,230235000,https://finance.yahoo.com/quote/NVDA/history
2021-10-26,23.989000,25.259001,23.924000,24.716999,485898000,https://finance.yahoo.com/quote/NVDA/history
2021-10-27,24.474001,25.090000,24.282000,24.451000,245990000,https://finance.yahoo.com/quote/NVDA/history
2021-10-28,24.878000,24.950001,24.523001,24.941000,234204000,https://finance.yahoo.com/quote/NVDA/history
2021-10-29,25.000999,25.709000,25.000000,25.566999,292503000,https://finance.yahoo.com/quote/NVDA/history
2021-11-01,25.649000,25.893999,25.226999,25.827000,265740000,https://finance.yahoo.com/quote/NVDA/history
2021-11-02,25.822001,26.677999,25.799999,26.400999,294112000,https://finance.yahoo.com/quote/NVDA/history
2021-11-03,26.670000,26.784000,26.235001,26.598000,239910000,https://finance.yahoo.com/quote/NVDA/history
2021-11-04,27.229000,31.365000,27.118000,29.801001,1153631000,https://finance.yahoo.com/quote/NVDA/history
2021-11-05,30.187000,31.400000,29.410000,29.752001,851260000,https://finance.yahoo.com/quote/NVDA/history
2021-11-08,30.149000,31.100000,29.907000,30.804001,503101000,https://finance.yahoo.com/quote/NVDA/history
2021-11-09,32.282001,32.310001,29.964001,30.657000,646746000,https://finance.yahoo.com/quote/NVDA/history
2021-11-10,29.356001,30.850000,28.778000,29.459000,636206000,https://finance.yahoo.com/quote/NVDA/history
2021-11-11,30.468000,30.590000,29.777000,30.389999,332172000,https://finance.yahoo.com/quote/NVDA/history
2021-11-12,30.010000,30.680000,29.629999,30.389999,413054000,https://finance.yahoo.com/quote/NVDA/history
2021-11-15,30.552000,30.643999,29.247000,30.025000,384909000,https://finance.yahoo.com/quote/NVDA/history
2021-11-16,29.759001,30.389999,29.705999,30.202999,264484000,https://finance.yahoo.com/quote/NVDA/history
2021-11-17,30.417999,30.509001,28.799999,29.261000,428508000,https://finance.yahoo.com/quote/NVDA/history
2021-11-18,32.367001,32.759998,31.320999,31.674999,781711000,https://finance.yahoo.com/quote/NVDA/history
2021-11-19,32.243000,33.088001,31.905001,32.985001,533867000,https://finance.yahoo.com/quote/NVDA/history
2021-11-22,33.516998,34.646999,31.900000,31.955999,754335000,https://finance.yahoo.com/quote/NVDA/history
2021-11-23,31.535000,32.360001,30.879999,31.746000,532163000,https://finance.yahoo.com/quote/NVDA/history
2021-11-24,31.461000,32.855000,30.927999,32.674000,435162000,https://finance.yahoo.com/quote/NVDA/history
2021-11-26,32.599998,32.709999,31.350000,31.503000,283069000,https://finance.yahoo.com/quote/NVDA/history
2021-11-29,32.366001,33.411999,32.035999,33.375999,454964000,https://finance.yahoo.com/quote/NVDA/history
2021-11-30,33.168999,33.353001,31.864000,32.675999,622066000,https://finance.yahoo.com/quote/NVDA/history
2021-12-01,33.219002,33.289001,31.379999,31.434999,484368000,https://finance.yahoo.com/quote/NVDA/history
2021-12-02,31.214001,32.478001,31.025000,32.125999,472890000,https://finance.yahoo.com/quote/NVDA/history
2021-12-03,32.000000,32.129002,30.129999,30.693001,544325000,https://finance.yahoo.com/quote/NVDA/history
2021-12-06,29.879999,30.240999,28.038000,30.037001,658938000,https://finance.yahoo.com/quote/NVDA/history
2021-12-07,30.957001,32.449001,30.650999,32.426998,593053000,https://finance.yahoo.com/quote/NVDA/history
2021-12-08,31.999001,32.290001,31.421000,31.826000,475551000,https://finance.yahoo.com/quote/NVDA/history
2021-12-09,31.733999,32.205002,30.427999,30.490000,488507000,https://finance.yahoo.com/quote/NVDA/history
2021-12-10,31.150000,31.305000,29.861000,30.198000,488825000,https://finance.yahoo.com/quote/NVDA/history
2021-12-13,30.249001,30.294001,28.115999,28.160999,598344000,https://finance.yahoo.com/quote/NVDA/history
2021-12-14,27.698999,28.677999,27.250000,28.337000,667035000,https://finance.yahoo.com/quote/NVDA/history
2021-12-15,28.400000,30.500000,27.837999,30.459000,698297000,https://finance.yahoo.com/quote/NVDA/history
2021-12-16,31.152000,31.160000,28.093000,28.386999,707366000,https://finance.yahoo.com/quote/NVDA/history
2021-12-17,27.985001,28.922001,27.760000,27.801001,713758000,https://finance.yahoo.com/quote/NVDA/history
2021-12-20,27.305000,28.143999,27.145000,27.719000,461847000,https://finance.yahoo.com/quote/NVDA/history
2021-12-21,28.374001,29.120001,27.400999,29.075001,524385000,https://finance.yahoo.com/quote/NVDA/history
2021-12-22,28.891001,29.555000,28.448999,29.400000,395184000,https://finance.yahoo.com/quote/NVDA/history
2021-12-23,29.754999,30.059000,29.431000,29.639999,343022000,https://finance.yahoo.com/quote/NVDA/history
2021-12-27,29.660000,31.087000,29.639999,30.945000,403686000,https://finance.yahoo.com/quote/NVDA/history
2021-12-28,31.312000,31.330000,30.011999,30.322001,420591000,https://finance.yahoo.com/quote/NVDA/history
2021-12-29,30.273001,30.548000,29.365999,30.000999,343139000,https://finance.yahoo.com/quote/NVDA/history
2021-12-30,29.827000,30.457001,29.540001,29.586000,308864000,https://finance.yahoo.com/quote/NVDA/history
2021-12-31,29.674000,30.030001,29.330999,29.410999,266530000,https://finance.yahoo.com/quote/NVDA/history
2022-01-03,29.815001,30.711000,29.785000,30.121000,391547000,https://finance.yahoo.com/quote/NVDA/history
2022-01-04,30.277000,30.468000,28.349001,29.290001,527154000,https://finance.yahoo.com/quote/NVDA/history
2022-01-05,28.948999,29.416000,27.533001,27.604000,498064000,https://finance.yahoo.com/quote/NVDA/history
2022-01-06,27.639999,28.438000,27.065001,28.177999,454186000,https://finance.yahoo.com/quote/NVDA/history
2022-01-07,28.141001,28.422001,27.056999,27.247000,409939000,https://finance.yahoo.com/quote/NVDA/history
2022-01-10,26.580999,27.469000,25.643999,27.400000,594681000,https://finance.yahoo.com/quote/NVDA/history
2022-01-11,27.323000,28.065001,26.839001,27.816999,404089000,https://finance.yahoo.com/quote/NVDA/history
2022-01-12,28.066999,28.594999,27.608000,27.999001,383413000,https://finance.yahoo.com/quote/NVDA/history
2022-01-13,28.379000,28.480000,26.497999,26.575001,540171000,https://finance.yahoo.com/quote/NVDA/history
2022-01-14,26.299999,27.197001,26.209999,26.941999,395832000,https://finance.yahoo.com/quote/NVDA/history
2022-01-18,26.260000,26.638000,25.770000,25.903000,424270000,https://finance.yahoo.com/quote/NVDA/history
2022-01-19,26.079000,26.542999,25.052000,25.066999,488315000,https://finance.yahoo.com/quote/NVDA/history
2022-01-20,25.304001,25.579000,24.077999,24.150000,435181000,https://finance.yahoo.com/quote/NVDA/history
2022-01-21,23.507000,24.823000,23.263000,23.374001,718958000,https://finance.yahoo.com/quote/NVDA/history
2022-01-24,22.330000,23.379999,20.888000,23.372000,913982000,https://finance.yahoo.com/quote/NVDA/history
2022-01-25,22.546000,22.943001,22.000000,22.323999,664616000,https://finance.yahoo.com/quote/NVDA/history
2022-01-26,23.240000,24.056999,22.299999,22.771999,755959000,https://finance.yahoo.com/quote/NVDA/history
2022-01-27,23.568001,23.995001,21.674999,21.944000,573353000,https://finance.yahoo.com/quote/NVDA/history
2022-01-28,22.011999,22.858000,21.296000,22.840000,543774000,https://finance.yahoo.com/quote/NVDA/history
2022-01-31,23.181999,24.509001,23.052000,24.486000,564680000,https://finance.yahoo.com/quote/NVDA/history
2022-02-01,25.104000,25.145000,23.889999,24.638000,518925000,https://finance.yahoo.com/quote/NVDA/history
2022-02-02,25.794001,25.816999,24.552999,25.242001,543419000,https://finance.yahoo.com/quote/NVDA/history
2022-02-03,24.458000,25.077000,23.780001,23.948000,410178000,https://finance.yahoo.com/quote/NVDA/history
2022-02-04,23.972000,24.635000,23.632000,24.319000,354829000,https://finance.yahoo.com/quote/NVDA/history
2022-02-07,24.372000,25.181999,24.202000,24.728001,376868000,https://finance.yahoo.com/quote/NVDA/history
2022-02-08,24.358999,25.230000,23.980000,25.108000,410359000,https://finance.yahoo.com/quote/NVDA/history
2022-02-09,25.622000,26.725000,25.353001,26.705000,524282000,https://finance.yahoo.com/quote/NVDA/history
2022-02-10,25.995001,26.924999,25.600000,25.823999,513200000,https://finance.yahoo.com/quote/NVDA/history
2022-02-11,25.916000,26.152000,23.773001,23.948999,605472000,https://finance.yahoo.com/quote/NVDA/history
2022-02-14,23.934000,24.875000,23.754999,24.267000,440424000,https://finance.yahoo.com/quote/NVDA/history
2022-02-15,24.948999,26.545000,24.784000,26.495001,699869000,https://finance.yahoo.com/quote/NVDA/history
2022-02-16,26.259001,26.582001,25.552000,26.511000,732676000,https://finance.yahoo.com/quote/NVDA/history
2022-02-17,25.629999,25.785000,24.165001,24.507000,810595000,https://finance.yahoo.com/quote/NVDA/history
2022-02-18,24.667999,24.986000,23.100000,23.642000,761255000,https://finance.yahoo.com/quote/NVDA/history
2022-02-22,23.035000,24.063999,23.000000,23.389999,633422000,https://finance.yahoo.com/quote/NVDA/history
2022-02-23,23.802000,24.155001,22.301001,22.386999,566511000,https://finance.yahoo.com/quote/NVDA/history
2022-02-24,21.014999,23.799999,20.889999,23.747999,735801000,https://finance.yahoo.com/quote/NVDA/history
2022-02-25,23.721001,24.216999,23.381001,24.157000,528866000,https://finance.yahoo.com/quote/NVDA/history
2022-02-28,23.992001,24.665001,23.707001,24.385000,477319000,https://finance.yahoo.com/quote/NVDA/history
2022-03-01,24.291000,24.377001,23.132000,23.476999,412056000,https://finance.yahoo.com/quote/NVDA/history
2022-03-02,23.756001,24.409000,23.415001,24.219999,389642000,https://finance.yahoo.com/quote/NVDA/history
2022-03-03,24.261999,24.326000,23.469000,23.714001,365095000,https://finance.yahoo.com/quote/NVDA/history
2022-03-04,23.384001,23.680000,22.482000,22.936001,431415000,https://finance.yahoo.com/quote/NVDA/history
2022-03-07,22.816999,23.033001,21.330000,21.351999,450821000,https://finance.yahoo.com/quote/NVDA/history
2022-03-08,21.309000,22.372999,20.650000,21.514000,557467000,https://finance.yahoo.com/quote/NVDA/history
2022-03-09,22.386999,23.219999,22.247000,23.014000,492742000,https://finance.yahoo.com/quote/NVDA/history
2022-03-10,22.531000,22.788000,21.882000,22.658001,428066000,https://finance.yahoo.com/quote/NVDA/history
2022-03-11,23.021999,23.145000,22.046000,22.100000,367209000,https://finance.yahoo.com/quote/NVDA/history
2022-03-14,21.868999,22.261999,21.159000,21.330000,385354000,https://finance.yahoo.com/quote/NVDA/history
2022-03-15,21.518000,23.038000,21.322001,22.973000,491996000,https://finance.yahoo.com/quote/NVDA/history
2022-03-16,23.500000,24.597000,23.172001,24.496000,671422000,https://finance.yahoo.com/quote/NVDA/history
2022-03-17,24.120001,24.841999,23.906000,24.766001,471941000,https://finance.yahoo.com/quote/NVDA/history
2022-03-18,24.799000,26.569000,24.624001,26.452999,730719000,https://finance.yahoo.com/quote/NVDA/history
2022-03-21,26.507000,27.152000,25.966999,26.733999,591727000,https://finance.yahoo.com/quote/NVDA/history
2022-03-22,26.726999,27.238001,26.072001,26.524000,547007000,https://finance.yahoo.com/quote/NVDA/history
2022-03-23,26.125999,26.612000,25.575001,25.634001,502120000,https://finance.yahoo.com/quote/NVDA/history
2022-03-24,26.166000,28.320000,25.907000,28.150000,877379000,https://finance.yahoo.com/quote/NVDA/history
2022-03-25,27.886000,28.358000,27.271000,27.691999,579016000,https://finance.yahoo.com/quote/NVDA/history
2022-03-28,27.756001,28.250000,27.205999,28.219000,425494000,https://finance.yahoo.com/quote/NVDA/history
2022-03-29,28.695000,28.945999,27.980000,28.656000,488984000,https://finance.yahoo.com/quote/NVDA/history
2022-03-30,28.304001,28.496000,27.503000,27.690001,463487000,https://finance.yahoo.com/quote/NVDA/history
2022-03-31,27.782000,28.247999,27.270000,27.285999,523440000,https://finance.yahoo.com/quote/NVDA/history
2022-04-01,27.375000,27.496000,26.267000,26.712000,517235000,https://finance.yahoo.com/quote/NVDA/history
2022-04-04,26.728001,27.558001,26.613001,27.360001,397120000,https://finance.yahoo.com/quote/NVDA/history
2022-04-05,27.254000,27.319000,25.820000,25.931000,436615000,https://finance.yahoo.com/quote/NVDA/history
2022-04-06,24.934000,25.299999,24.003000,24.407000,703833000,https://finance.yahoo.com/quote/NVDA/history
2022-04-07,24.441000,24.722000,23.478001,24.208000,557992000,https://finance.yahoo.com/quote/NVDA/history
2022-04-08,23.917000,23.923000,23.062000,23.118999,524781000,https://finance.yahoo.com/quote/NVDA/history
2022-04-11,22.214001,22.320000,21.660000,21.917000,575207000,https://finance.yahoo.com/quote/NVDA/history
2022-04-12,22.537001,22.725000,21.282000,21.504000,662258000,https://finance.yahoo.com/quote/NVDA/history
2022-04-13,21.728001,22.500000,21.455000,22.202999,516943000,https://finance.yahoo.com/quote/NVDA/history
2022-04-14,22.504999,22.777000,21.163000,21.257999,569097000,https://finance.yahoo.com/quote/NVDA/history
2022-04-18,21.200001,22.087999,21.079000,21.783001,525701000,https://finance.yahoo.com/quote/NVDA/history
2022-04-19,21.719999,22.372999,21.313999,22.198000,512781000,https://finance.yahoo.com/quote/NVDA/history
2022-04-20,22.517000,22.670000,21.200001,21.482000,468974000,https://finance.yahoo.com/quote/NVDA/history
2022-04-21,21.709000,22.392000,20.000000,20.183001,656209000,https://finance.yahoo.com/quote/NVDA/history
2022-04-22,20.302999,20.486000,19.500000,19.514999,624713000,https://finance.yahoo.com/quote/NVDA/history
2022-04-25,19.202000,19.945000,19.096001,19.902000,641566000,https://finance.yahoo.com/quote/NVDA/history
2022-04-26,19.718000,19.788000,18.670000,18.788000,653143000,https://finance.yahoo.com/quote/NVDA/history
2022-04-27,18.598000,19.167000,18.290001,18.415001,499460000,https://finance.yahoo.com/quote/NVDA/history
2022-04-28,18.966999,20.037001,18.490000,19.782000,570327000,https://finance.yahoo.com/quote/NVDA/history
2022-04-29,19.402000,20.128000,18.517000,18.547001,500435000,https://finance.yahoo.com/quote/NVDA/history
2022-05-02,18.541000,19.573999,18.391001,19.533001,572049000,https://finance.yahoo.com/quote/NVDA/history
2022-05-03,19.400000,19.825001,19.132999,19.601999,475751000,https://finance.yahoo.com/quote/NVDA/history
2022-05-04,19.923000,20.400000,18.750999,20.334000,648855000,https://finance.yahoo.com/quote/NVDA/history
2022-05-05,19.867001,19.924999,18.500000,18.844000,626331000,https://finance.yahoo.com/quote/NVDA/history
2022-05-06,18.736000,19.511999,17.990000,18.674999,633297000,https://finance.yahoo.com/quote/NVDA/history
2022-05-09,18.034000,18.254999,16.827000,16.950001,644455000,https://finance.yahoo.com/quote/NVDA/history
2022-05-10,17.688999,18.198000,17.025000,17.594999,761474000,https://finance.yahoo.com/quote/NVDA/history
2022-05-11,17.347000,17.753000,16.568001,16.629999,670167000,https://finance.yahoo.com/quote/NVDA/history
2022-05-12,16.219000,16.788000,15.567000,16.174999,708728000,https://finance.yahoo.com/quote/NVDA/history
2022-05-13,16.788000,17.927999,16.593000,17.705999,670437000,https://finance.yahoo.com/quote/NVDA/history
2022-05-16,17.509001,17.788000,17.106001,17.264000,521446000,https://finance.yahoo.com/quote/NVDA/history
2022-05-17,18.073999,18.371000,17.634001,18.177000,585830000,https://finance.yahoo.com/quote/NVDA/history
2022-05-18,17.705000,18.118000,16.864000,16.938000,545161000,https://finance.yahoo.com/quote/NVDA/history
2022-05-19,16.937000,17.687000,16.733999,17.124001,621310000,https://finance.yahoo.com/quote/NVDA/history
2022-05-20,17.332001,17.410000,15.755000,16.694000,739105000,https://finance.yahoo.com/quote/NVDA/history
2022-05-23,16.274000,16.915001,16.179001,16.898001,639889000,https://finance.yahoo.com/quote/NVDA/history
2022-05-24,16.510000,16.597000,15.780000,16.153999,588550000,https://finance.yahoo.com/quote/NVDA/history
2022-05-25,16.020000,17.111000,16.000000,16.975000,781132000,https://finance.yahoo.com/quote/NVDA/history
2022-05-26,16.035999,18.091999,16.021999,17.851000,996575000,https://finance.yahoo.com/quote/NVDA/history
2022-05-27,18.186001,18.881001,18.100000,18.811001,738379000,https://finance.yahoo.com/quote/NVDA/history
2022-05-31,18.980000,19.200001,18.350000,18.672001,664100000,https://finance.yahoo.com/quote/NVDA/history
2022-06-01,18.724001,19.052999,18.122000,18.320000,544514000,https://finance.yahoo.com/quote/NVDA/history
2022-06-02,18.292000,19.618999,18.198000,19.591999,648656000,https://finance.yahoo.com/quote/NVDA/history
2022-06-03,19.082001,19.332001,18.521999,18.719999,598779000,https://finance.yahoo.com/quote/NVDA/history
2022-06-06,19.139000,19.337000,18.563999,18.785999,422406000,https://finance.yahoo.com/quote/NVDA/history
2022-06-07,18.472000,19.000000,18.188000,18.926001,388914000,https://finance.yahoo.com/quote/NVDA/history
2022-06-08,18.799000,19.180000,18.535000,18.648001,363252000,https://finance.yahoo.com/quote/NVDA/history
2022-06-09,18.481001,18.933001,18.041000,18.048000,395574000,https://finance.yahoo.com/quote/NVDA/history
2022-06-10,17.600000,17.697001,16.868999,16.974001,465248000,https://finance.yahoo.com/quote/NVDA/history
2022-06-13,16.000000,16.312000,15.606000,15.647000,604153000,https://finance.yahoo.com/quote/NVDA/history
2022-06-14,15.731000,16.066000,15.412000,15.836000,469680000,https://finance.yahoo.com/quote/NVDA/history
2022-06-15,16.094999,16.868000,15.926000,16.527000,563936000,https://finance.yahoo.com/quote/NVDA/history
2022-06-16,15.860000,15.942000,15.401000,15.601000,545749000,https://finance.yahoo.com/quote/NVDA/history
2022-06-17,15.648000,15.995000,15.328000,15.880000,630334000,https://finance.yahoo.com/quote/NVDA/history
2022-06-21,16.475000,17.007999,16.407000,16.566000,483089000,https://finance.yahoo.com/quote/NVDA/history
2022-06-22,16.226000,16.662001,16.180000,16.360001,437135000,https://finance.yahoo.com/quote/NVDA/history
2022-06-23,16.518999,16.584999,15.853000,16.225000,463680000,https://finance.yahoo.com/quote/NVDA/history
2022-06-24,16.500000,17.139999,16.309999,17.125999,472153000,https://finance.yahoo.com/quote/NVDA/history
2022-06-27,17.312000,17.330000,16.625999,16.868999,427968000,https://finance.yahoo.com/quote/NVDA/history
2022-06-28,16.900000,17.202000,15.945000,15.982000,461149000,https://finance.yahoo.com/quote/NVDA/history
2022-06-29,15.814000,15.820000,15.170000,15.542000,482352000,https://finance.yahoo.com/quote/NVDA/history
2022-06-30,15.361000,15.567000,14.862000,15.159000,686070000,https://finance.yahoo.com/quote/NVDA/history
2022-07-01,14.899000,15.063000,14.392000,14.523000,577610000,https://finance.yahoo.com/quote/NVDA/history
2022-07-05,14.175000,14.971000,14.055000,14.964000,651397000,https://finance.yahoo.com/quote/NVDA/history
2022-07-06,15.010000,15.319000,14.789000,15.130000,529066000,https://finance.yahoo.com/quote/NVDA/history
2022-07-07,15.456000,15.945000,15.389000,15.858000,492903000,https://finance.yahoo.com/quote/NVDA/history
2022-07-08,15.430000,16.037001,15.389000,15.838000,467972000,https://finance.yahoo.com/quote/NVDA/history
2022-07-11,15.526000,15.527000,15.038000,15.152000,437321000,https://finance.yahoo.com/quote/NVDA/history
2022-07-12,15.268000,15.431000,14.877000,15.082000,458483000,https://finance.yahoo.com/quote/NVDA/history
2022-07-13,14.590000,15.375000,14.465000,15.164000,521918000,https://finance.yahoo.com/quote/NVDA/history
2022-07-14,15.108000,15.473000,14.728000,15.372000,456235000,https://finance.yahoo.com/quote/NVDA/history
2022-07-15,15.659000,15.782000,15.445000,15.762000,385935000,https://finance.yahoo.com/quote/NVDA/history
2022-07-18,16.302000,16.896999,16.002001,16.101000,670517000,https://finance.yahoo.com/quote/NVDA/history
2022-07-19,16.486000,17.110001,16.172001,16.992001,702366000,https://finance.yahoo.com/quote/NVDA/history
2022-07-20,16.947001,17.933001,16.801001,17.806999,760538000,https://finance.yahoo.com/quote/NVDA/history
2022-07-21,17.885000,18.143999,17.545000,18.049999,557049000,https://finance.yahoo.com/quote/NVDA/history
2022-07-22,17.893000,17.966999,17.136999,17.319000,536671000,https://finance.yahoo.com/quote/NVDA/history
2022-07-25,17.018999,17.124001,16.649000,17.024000,480748000,https://finance.yahoo.com/quote/NVDA/history
2022-07-26,16.889000,16.919001,16.478001,16.533001,397865000,https://finance.yahoo.com/quote/NVDA/history
2022-07-27,17.032000,17.936001,16.913000,17.790001,569776000,https://finance.yahoo.com/quote/NVDA/history
2022-07-28,17.975000,18.139999,17.440001,17.983999,474646000,https://finance.yahoo.com/quote/NVDA/history
2022-07-29,17.813000,18.243999,17.691999,18.163000,435460000,https://finance.yahoo.com/quote/NVDA/history
2022-08-01,18.181999,18.846001,17.990000,18.441000,476469000,https://finance.yahoo.com/quote/NVDA/history
2022-08-02,18.122000,18.938000,18.091999,18.525999,489527000,https://finance.yahoo.com/quote/NVDA/history
2022-08-03,18.184000,18.968000,18.136999,18.893000,418146000,https://finance.yahoo.com/quote/NVDA/history
2022-08-04,18.849001,19.274000,18.760000,19.215000,409652000,https://finance.yahoo.com/quote/NVDA/history
2022-08-05,18.809999,19.229000,18.666000,18.989000,386068000,https://finance.yahoo.com/quote/NVDA/history
2022-08-08,17.502001,18.239000,17.242001,17.792999,981859000,https://finance.yahoo.com/quote/NVDA/history
2022-08-09,17.252001,17.447001,16.724001,17.086000,668263000,https://finance.yahoo.com/quote/NVDA/history
2022-08-10,17.698000,18.118000,17.316999,18.097000,597422000,https://finance.yahoo.com/quote/NVDA/history
2022-08-11,18.131001,18.707001,17.875999,17.941999,509327000,https://finance.yahoo.com/quote/NVDA/history
2022-08-12,18.160000,18.718000,17.952999,18.709000,478094000,https://finance.yahoo.com/quote/NVDA/history
2022-08-15,18.701000,19.164000,18.613001,19.032000,457666000,https://finance.yahoo.com/quote/NVDA/history
2022-08-16,18.920000,19.142000,18.500999,18.879000,451240000,https://finance.yahoo.com/quote/NVDA/history
2022-08-17,18.523001,18.688000,18.145000,18.334999,446799000,https://finance.yahoo.com/quote/NVDA/history
2022-08-18,18.301001,18.865000,18.183001,18.773001,415447000,https://finance.yahoo.com/quote/NVDA/history
2022-08-19,18.406000,18.520000,17.770000,17.849001,441588000,https://finance.yahoo.com/quote/NVDA/history
2022-08-22,17.490000,17.558001,16.966000,17.034000,409593000,https://finance.yahoo.com/quote/NVDA/history
2022-08-23,16.989000,17.465000,16.969999,17.181000,369986000,https://finance.yahoo.com/quote/NVDA/history
2022-08-24,17.011999,17.406000,16.895000,17.222000,522661000,https://finance.yahoo.com/quote/NVDA/history
2022-08-25,16.844000,17.947001,16.833000,17.913000,770691000,https://finance.yahoo.com/quote/NVDA/history
2022-08-26,17.857000,17.924000,16.237000,16.260000,769127000,https://finance.yahoo.com/quote/NVDA/history
2022-08-29,16.020000,16.337999,15.767000,15.801000,496132000,https://finance.yahoo.com/quote/NVDA/history
2022-08-30,15.960000,16.039000,15.182000,15.468000,530181000,https://finance.yahoo.com/quote/NVDA/history
2022-08-31,15.384000,15.540000,14.959000,15.094000,573710000,https://finance.yahoo.com/quote/NVDA/history
2022-09-01,14.209000,14.380000,13.270000,13.937000,1178865000,https://finance.yahoo.com/quote/NVDA/history
2022-09-02,14.100000,14.171000,13.591000,13.647000,743157000,https://finance.yahoo.com/quote/NVDA/history
2022-09-06,13.731000,13.779000,13.351000,13.465000,535751000,https://finance.yahoo.com/quote/NVDA/history
2022-09-07,13.563000,13.838000,13.346000,13.714000,512657000,https://finance.yahoo.com/quote/NVDA/history
2022-09-08,13.459000,14.008000,13.369000,13.990000,624873000,https://finance.yahoo.com/quote/NVDA/history
2022-09-09,14.157000,14.474000,14.126000,14.387000,486612000,https://finance.yahoo.com/quote/NVDA/history
2022-09-12,14.369000,14.547000,14.198000,14.505000,484159000,https://finance.yahoo.com/quote/NVDA/history
2022-09-13,13.802000,13.922000,13.099000,13.131000,714956000,https://finance.yahoo.com/quote/NVDA/history
2022-09-14,13.254000,13.290000,12.913000,13.128000,588507000,https://finance.yahoo.com/quote/NVDA/history
2022-09-15,13.015000,13.233000,12.790000,12.929000,523625000,https://finance.yahoo.com/quote/NVDA/history
2022-09-16,12.742000,13.212000,12.617000,13.198000,670751000,https://finance.yahoo.com/quote/NVDA/history
2022-09-19,13.012000,13.463000,13.010000,13.382000,569685000,https://finance.yahoo.com/quote/NVDA/history
2022-09-20,13.215000,13.483000,13.057000,13.176000,524818000,https://finance.yahoo.com/quote/NVDA/history
2022-09-21,13.213000,14.031000,13.110000,13.261000,807679000,https://finance.yahoo.com/quote/NVDA/history
2022-09-22,13.070000,13.149000,12.428000,12.561000,759162000,https://finance.yahoo.com/quote/NVDA/history
2022-09-23,12.420000,12.611000,12.257000,12.516000,663309000,https://finance.yahoo.com/quote/NVDA/history
2022-09-26,12.491000,12.659000,12.214000,12.228000,547343000,https://finance.yahoo.com/quote/NVDA/history
2022-09-27,12.507000,12.736000,12.258000,12.413000,553854000,https://finance.yahoo.com/quote/NVDA/history
2022-09-28,12.410000,12.823000,12.354000,12.736000,542414000,https://finance.yahoo.com/quote/NVDA/history
2022-09-29,12.448000,12.500000,11.946000,12.220000,532763000,https://finance.yahoo.com/quote/NVDA/history
2022-09-30,12.087000,12.633000,12.075000,12.139000,565638000,https://finance.yahoo.com/quote/NVDA/history
2022-10-03,12.347000,12.678000,12.105000,12.512000,547478000,https://finance.yahoo.com/quote/NVDA/history
2022-10-04,12.879000,13.220000,12.879000,13.167000,584182000,https://finance.yahoo.com/quote/NVDA/history
2022-10-05,12.911000,13.321000,12.621000,13.209000,507131000,https://finance.yahoo.com/quote/NVDA/history
2022-10-06,13.220000,13.656000,13.103000,13.130000,644157000,https://finance.yahoo.com/quote/NVDA/history
2022-10-07,12.505000,12.670000,12.022000,12.076000,672478000,https://finance.yahoo.com/quote/NVDA/history
2022-10-10,12.037000,12.124000,11.408000,11.670000,698699000,https://finance.yahoo.com/quote/NVDA/history
2022-10-11,11.561000,11.846000,11.283000,11.586000,667482000,https://finance.yahoo.com/quote/NVDA/history
2022-10-12,11.579000,11.735000,11.345000,11.500000,492590000,https://finance.yahoo.com/quote/NVDA/history
2022-10-13,10.971000,12.078000,10.813000,11.960000,850103000,https://finance.yahoo.com/quote/NVDA/history
2022-10-14,12.057000,12.111000,11.204000,11.227000,713432000,https://finance.yahoo.com/quote/NVDA/history
2022-10-17,11.518000,11.948000,11.517000,11.888000,580774000,https://finance.yahoo.com/quote/NVDA/history
2022-10-18,12.344000,12.492000,11.618000,11.967000,659362000,https://finance.yahoo.com/quote/NVDA/history
2022-10-19,11.879000,12.350000,11.834000,12.051000,523131000,https://finance.yahoo.com/quote/NVDA/history
2022-10-20,12.113000,12.769000,12.105000,12.194000,652398000,https://finance.yahoo.com/quote/NVDA/history
2022-10-21,12.098000,12.498000,11.887000,12.466000,609494000,https://finance.yahoo.com/quote/NVDA/history
2022-10-24,12.508000,12.710000,12.064000,12.599000,517457000,https://finance.yahoo.com/quote/NVDA/history
2022-10-25,12.694000,13.300000,12.664000,13.261000,505482000,https://finance.yahoo.com/quote/NVDA/history
2022-10-26,12.869000,13.388000,12.708000,12.896000,532953000,https://finance.yahoo.com/quote/NVDA/history
2022-10-27,13.630000,13.838000,13.122000,13.176000,583113000,https://finance.yahoo.com/quote/NVDA/history
2022-10-28,13.104000,13.850000,13.061000,13.834000,521040000,https://finance.yahoo.com/quote/NVDA/history
2022-10-31,13.778000,13.838000,13.297000,13.497000,486341000,https://finance.yahoo.com/quote/NVDA/history
2022-11-01,13.811000,13.925000,13.519000,13.543000,432817000,https://finance.yahoo.com/quote/NVDA/history
2022-11-02,13.850000,14.210000,13.211000,13.219000,672628000,https://finance.yahoo.com/quote/NVDA/history
2022-11-03,13.043000,13.781000,12.956000,13.421000,500065000,https://finance.yahoo.com/quote/NVDA/history
2022-11-04,13.986000,14.229000,13.697000,14.156000,612576000,https://finance.yahoo.com/quote/NVDA/history
2022-11-07,14.228000,14.412000,13.954000,14.301000,410061000,https://finance.yahoo.com/quote/NVDA/history
2022-11-08,14.801000,14.891000,14.216000,14.602000,595292000,https://finance.yahoo.com/quote/NVDA/history
2022-11-09,14.162000,14.211000,13.759000,13.776000,454414000,https://finance.yahoo.com/quote/NVDA/history
2022-11-10,14.800000,15.773000,14.547000,15.750000,700819000,https://finance.yahoo.com/quote/NVDA/history
2022-11-11,15.807000,16.389000,15.482000,16.327000,655487000,https://finance.yahoo.com/quote/NVDA/history
2022-11-14,16.218000,16.540001,15.922000,16.295000,527852000,https://finance.yahoo.com/quote/NVDA/history
2022-11-15,16.722000,16.997999,16.382000,16.666000,545876000,https://finance.yahoo.com/quote/NVDA/history
2022-11-16,16.162001,16.362000,15.873000,15.910000,649547000,https://finance.yahoo.com/quote/NVDA/history
2022-11-17,15.715000,16.266001,15.535000,15.677000,710894000,https://finance.yahoo.com/quote/NVDA/history
2022-11-18,15.966000,16.002001,15.120000,15.409000,492072000,https://finance.yahoo.com/quote/NVDA/history
2022-11-21,15.147000,15.477000,15.080000,15.317000,404739000,https://finance.yahoo.com/quote/NVDA/history
2022-11-22,15.328000,16.058001,15.122000,16.038000,472866000,https://finance.yahoo.com/quote/NVDA/history
2022-11-23,16.098000,16.527000,16.048000,16.518999,427241000,https://finance.yahoo.com/quote/NVDA/history
2022-11-25,16.318001,16.487000,16.172001,16.270000,167934000,https://finance.yahoo.com/quote/NVDA/history
2022-11-28,16.025999,16.357000,15.725000,15.827000,303741000,https://finance.yahoo.com/quote/NVDA/history
2022-11-29,15.827000,15.932000,15.520000,15.639000,298384000,https://finance.yahoo.com/quote/NVDA/history
2022-11-30,15.697000,16.930000,15.597000,16.923000,565298000,https://finance.yahoo.com/quote/NVDA/history
2022-12-01,16.999001,17.264999,16.635000,17.135000,470977000,https://finance.yahoo.com/quote/NVDA/history
2022-12-02,16.659000,16.933001,16.445000,16.875999,371389000,https://finance.yahoo.com/quote/NVDA/history
2022-12-05,16.679001,16.995001,16.472000,16.610001,352255000,https://finance.yahoo.com/quote/NVDA/history
2022-12-06,16.530001,16.573000,15.819000,15.987000,352694000,https://finance.yahoo.com/quote/NVDA/history
2022-12-07,15.772000,16.186001,15.667000,16.120001,372388000,https://finance.yahoo.com/quote/NVDA/history
2022-12-08,16.273001,17.179001,15.959000,17.169001,515456000,https://finance.yahoo.com/quote/NVDA/history
2022-12-09,17.160000,17.583000,16.975000,17.000999,465338000,https://finance.yahoo.com/quote/NVDA/history
2022-12-12,17.037001,17.538000,16.797001,17.535000,457328000,https://finance.yahoo.com/quote/NVDA/history
2022-12-13,18.531000,18.790001,17.711000,18.072001,656589000,https://finance.yahoo.com/quote/NVDA/history
2022-12-14,17.987000,18.252001,17.420000,17.674000,496888000,https://finance.yahoo.com/quote/NVDA/history
2022-12-15,17.146000,17.320000,16.700001,16.952000,478542000,https://finance.yahoo.com/quote/NVDA/history
2022-12-16,16.864000,17.041000,16.410000,16.570999,478232000,https://finance.yahoo.com/quote/NVDA/history
2022-12-19,16.572001,16.608999,16.145000,16.254000,354039000,https://finance.yahoo.com/quote/NVDA/history
2022-12-20,16.063999,16.309999,15.852000,16.084999,403260000,https://finance.yahoo.com/quote/NVDA/history
2022-12-21,16.114000,16.627001,16.101999,16.500999,325025000,https://finance.yahoo.com/quote/NVDA/history
2022-12-22,16.094000,16.138000,14.882000,15.339000,565045000,https://finance.yahoo.com/quote/NVDA/history
2022-12-23,15.196000,15.339000,14.883000,15.206000,349326000,https://finance.yahoo.com/quote/NVDA/history
2022-12-27,15.074000,15.100000,14.056000,14.121000,464902000,https://finance.yahoo.com/quote/NVDA/history
2022-12-28,13.927000,14.262000,13.884000,14.036000,351066000,https://finance.yahoo.com/quote/NVDA/history
2022-12-29,14.402000,14.683000,14.227000,14.603000,354923000,https://finance.yahoo.com/quote/NVDA/history
2022-12-30,14.334000,14.629000,14.233000,14.614000,310490000,https://finance.yahoo.com/quote/NVDA/history
2023-01-03,14.851000,14.996000,14.096000,14.315000,401277000,https://finance.yahoo.com/quote/NVDA/history
2023-01-04,14.567000,14.853000,14.241000,14.749000,431324000,https://finance.yahoo.com/quote/NVDA/history
2023-01-05,14.491000,14.564000,14.148000,14.265000,389168000,https://finance.yahoo.com/quote/NVDA/history
2023-01-06,14.474000,15.010000,14.034000,14.859000,405044000,https://finance.yahoo.com/quote/NVDA/history
2023-01-09,15.284000,16.056000,15.141000,15.628000,504231000,https://finance.yahoo.com/quote/NVDA/history
2023-01-10,15.507000,15.962000,15.472000,15.909000,384101000,https://finance.yahoo.com/quote/NVDA/history
2023-01-11,15.840000,16.028000,15.563000,16.000999,353285000,https://finance.yahoo.com/quote/NVDA/history
2023-01-12,16.100000,16.636999,15.492000,16.511000,551409000,https://finance.yahoo.com/quote/NVDA/history
2023-01-13,16.278000,16.922001,16.165001,16.899000,447287000,https://finance.yahoo.com/quote/NVDA/history
2023-01-17,16.899000,17.728001,16.899000,17.702000,511102000,https://finance.yahoo.com/quote/NVDA/history
2023-01-18,17.667000,17.872999,17.282000,17.377001,439624000,https://finance.yahoo.com/quote/NVDA/history
2023-01-19,17.035999,17.197001,16.731001,16.764999,452932000,https://finance.yahoo.com/quote/NVDA/history
2023-01-20,17.011000,17.856001,16.825001,17.839001,564967000,https://finance.yahoo.com/quote/NVDA/history
2023-01-23,18.063999,19.245001,17.818001,19.193001,655163000,https://finance.yahoo.com/quote/NVDA/history
2023-01-24,18.827000,19.495001,18.820000,19.264999,496204000,https://finance.yahoo.com/quote/NVDA/history
2023-01-25,18.913000,19.370001,18.580000,19.323000,449537000,https://finance.yahoo.com/quote/NVDA/history
2023-01-26,19.701000,20.166000,19.278000,19.802000,489535000,https://finance.yahoo.com/quote/NVDA/history
2023-01-27,19.462000,20.628000,19.405001,20.365000,542142000,https://finance.yahoo.com/quote/NVDA/history
2023-01-30,19.950001,20.139999,19.150000,19.162001,488611000,https://finance.yahoo.com/quote/NVDA/history
2023-01-31,19.170000,19.687000,18.950001,19.537001,498017000,https://finance.yahoo.com/quote/NVDA/history
2023-02-01,19.691000,21.191999,19.611000,20.943001,660477000,https://finance.yahoo.com/quote/NVDA/history
2023-02-02,21.000000,21.948999,20.700001,21.709000,564276000,https://finance.yahoo.com/quote/NVDA/history
2023-02-03,21.000000,21.745001,20.789000,21.100000,429366000,https://finance.yahoo.com/quote/NVDA/history
2023-02-06,20.806000,21.570000,20.785999,21.089001,452197000,https://finance.yahoo.com/quote/NVDA/history
2023-02-07,21.382000,22.259001,21.150000,22.173000,664150000,https://finance.yahoo.com/quote/NVDA/history
2023-02-08,22.386999,22.878000,22.007999,22.205000,559651000,https://finance.yahoo.com/quote/NVDA/history
2023-02-09,22.606001,23.020000,22.120001,22.337000,523876000,https://finance.yahoo.com/quote/NVDA/history
2023-02-10,21.690001,22.077999,20.811001,21.264999,550737000,https://finance.yahoo.com/quote/NVDA/history
2023-02-13,21.538000,22.048000,20.962000,21.788000,474919000,https://finance.yahoo.com/quote/NVDA/history
2023-02-14,21.577999,23.049000,21.365999,22.971001,675474000,https://finance.yahoo.com/quote/NVDA/history
2023-02-15,22.549000,22.855000,22.106001,22.764000,420575000,https://finance.yahoo.com/quote/NVDA/history
2023-02-16,22.132999,22.549999,21.927000,22.002001,412026000,https://finance.yahoo.com/quote/NVDA/history
2023-02-17,21.631001,21.740000,20.975000,21.388000,465888000,https://finance.yahoo.com/quote/NVDA/history
2023-02-21,21.000000,21.493999,20.618000,20.655001,410015000,https://finance.yahoo.com/quote/NVDA/history
2023-02-22,20.707001,21.104000,20.421000,20.754000,513184000,https://finance.yahoo.com/quote/NVDA/history
2023-02-23,23.440001,23.888000,23.025000,23.664000,1117995000,https://finance.yahoo.com/quote/NVDA/history
2023-02-24,23.225000,23.474001,22.947001,23.285999,589716000,https://finance.yahoo.com/quote/NVDA/history
2023-02-27,23.670000,23.879999,23.454000,23.500999,452994000,https://finance.yahoo.com/quote/NVDA/history
2023-02-28,23.372000,23.825001,23.205999,23.216000,455963000,https://finance.yahoo.com/quote/NVDA/history
2023-03-01,23.191999,23.256001,22.507999,22.698000,460026000,https://finance.yahoo.com/quote/NVDA/history
2023-03-02,22.488001,23.379999,22.431999,23.313999,389415000,https://finance.yahoo.com/quote/NVDA/history
2023-03-03,23.320000,23.900000,23.129999,23.889999,412393000,https://finance.yahoo.com/quote/NVDA/history
2023-03-06,23.891001,24.247999,23.487000,23.554001,437429000,https://finance.yahoo.com/quote/NVDA/history
2023-03-07,23.600000,24.125000,23.240999,23.288000,515154000,https://finance.yahoo.com/quote/NVDA/history
2023-03-08,23.487000,24.200001,23.424000,24.181000,513573000,https://finance.yahoo.com/quote/NVDA/history
2023-03-09,24.174999,24.454000,23.382999,23.436001,501257000,https://finance.yahoo.com/quote/NVDA/history
2023-03-10,23.409000,23.627001,22.726000,22.965000,474866000,https://finance.yahoo.com/quote/NVDA/history
2023-03-13,22.752001,23.298000,22.297001,22.966000,421890000,https://finance.yahoo.com/quote/NVDA/history
2023-03-14,23.496000,24.219000,23.459999,24.063000,474910000,https://finance.yahoo.com/quote/NVDA/history
2023-03-15,23.761000,24.285999,23.360001,24.228001,524486000,https://finance.yahoo.com/quote/NVDA/history
2023-03-16,24.027000,25.587999,23.893999,25.541000,583253000,https://finance.yahoo.com/quote/NVDA/history
2023-03-17,25.982000,26.399000,25.667999,25.725000,848547000,https://finance.yahoo.com/quote/NVDA/history
2023-03-20,25.615000,26.024000,25.129999,25.900000,432747000,https://finance.yahoo.com/quote/NVDA/history
2023-03-21,26.180000,26.392000,25.381001,26.198999,547408000,https://finance.yahoo.com/quote/NVDA/history
2023-03-22,26.424999,27.589001,26.237000,26.468000,797295000,https://finance.yahoo.com/quote/NVDA/history
2023-03-23,27.115000,27.499001,26.690001,27.191000,564889000,https://finance.yahoo.com/quote/NVDA/history
2023-03-24,27.031000,27.167000,26.355000,26.778999,454920000,https://finance.yahoo.com/quote/NVDA/history
2023-03-27,26.837000,27.000000,26.365000,26.531000,361026000,https://finance.yahoo.com/quote/NVDA/history
2023-03-28,26.447001,26.513000,25.850000,26.410000,356104000,https://finance.yahoo.com/quote/NVDA/history
2023-03-29,26.825001,27.077999,26.597000,26.983999,393694000,https://finance.yahoo.com/quote/NVDA/history
2023-03-30,27.229000,27.499001,27.101999,27.382999,364516000,https://finance.yahoo.com/quote/NVDA/history
2023-03-31,27.139999,27.834000,27.105000,27.777000,433933000,https://finance.yahoo.com/quote/NVDA/history
2023-04-03,27.509001,28.000000,27.336000,27.965000,398716000,https://finance.yahoo.com/quote/NVDA/history
2023-04-04,27.966000,28.000000,27.306999,27.452999,368592000,https://finance.yahoo.com/quote/NVDA/history
2023-04-05,26.829000,26.997999,26.395000,26.881001,515015000,https://finance.yahoo.com/quote/NVDA/history
2023-04-06,26.584000,27.080000,26.427000,27.037001,397654000,https://finance.yahoo.com/quote/NVDA/history
2023-04-10,26.823000,27.621000,26.669001,27.579000,395279000,https://finance.yahoo.com/quote/NVDA/history
2023-04-11,27.724001,27.790001,27.125999,27.169001,314378000,https://finance.yahoo.com/quote/NVDA/history
2023-04-12,27.370001,27.468000,26.448000,26.495001,446259000,https://finance.yahoo.com/quote/NVDA/history
2023-04-13,26.733999,26.886999,26.329000,26.462999,353615000,https://finance.yahoo.com/quote/NVDA/history
2023-04-14,26.504000,26.882999,26.219999,26.757999,395660000,https://finance.yahoo.com/quote/NVDA/history
2023-04-17,26.565001,27.006001,26.433001,27.002001,321471000,https://finance.yahoo.com/quote/NVDA/history
2023-04-18,27.533001,28.110001,27.357000,27.667000,604812000,https://finance.yahoo.com/quote/NVDA/history
2023-04-19,27.361000,28.000000,27.232000,27.931000,358660000,https://finance.yahoo.com/quote/NVDA/history
2023-04-20,27.671000,28.030001,27.000000,27.104000,427713000,https://finance.yahoo.com/quote/NVDA/history
2023-04-21,26.952000,27.183001,26.722000,27.118999,345103000,https://finance.yahoo.com/quote/NVDA/history
2023-04-24,27.013000,27.365999,26.671000,27.042000,339282000,https://finance.yahoo.com/quote/NVDA/history
2023-04-25,27.077999,27.247000,26.225000,26.240999,378527000,https://finance.yahoo.com/quote/NVDA/history
2023-04-26,27.002001,27.330000,26.705000,26.955999,406337000,https://finance.yahoo.com/quote/NVDA/history
2023-04-27,27.363001,27.495001,26.625000,27.226000,377161000,https://finance.yahoo.com/quote/NVDA/history
2023-04-28,27.225000,27.757999,27.070999,27.749001,292216000,https://finance.yahoo.com/quote/NVDA/history
2023-05-01,27.840000,29.058001,27.780001,28.910000,570329000,https://finance.yahoo.com/quote/NVDA/history
2023-05-02,28.680000,28.836000,28.083000,28.209999,402730000,https://finance.yahoo.com/quote/NVDA/history
2023-05-03,27.840000,28.367001,27.472000,27.802000,383387000,https://finance.yahoo.com/quote/NVDA/history
2023-05-04,27.650999,27.858999,27.240000,27.562000,321850000,https://finance.yahoo.com/quote/NVDA/history
2023-05-05,27.826000,28.754999,27.731001,28.680000,361494000,https://finance.yahoo.com/quote/NVDA/history
2023-05-08,28.521999,29.219999,28.350000,29.150999,344979000,https://finance.yahoo.com/quote/NVDA/history
2023-05-09,28.899000,28.973000,28.450001,28.570999,314869000,https://finance.yahoo.com/quote/NVDA/history
2023-05-10,29.004999,29.113001,28.461000,28.885000,369350000,https://finance.yahoo.com/quote/NVDA/history
2023-05-11,28.896000,28.950001,28.246000,28.577999,322149000,https://finance.yahoo.com/quote/NVDA/history
2023-05-12,28.528999,28.780001,28.046000,28.340000,274222000,https://finance.yahoo.com/quote/NVDA/history
2023-05-15,28.507999,28.969000,28.152000,28.952999,293926000,https://finance.yahoo.com/quote/NVDA/history
2023-05-16,28.841000,29.870001,28.832001,29.212999,449405000,https://finance.yahoo.com/quote/NVDA/history
2023-05-17,29.584000,30.198999,29.430000,30.177999,432535000,https://finance.yahoo.com/quote/NVDA/history
2023-05-18,30.410000,31.827999,30.320000,31.677999,748725000,https://finance.yahoo.com/quote/NVDA/history
2023-05-19,31.535999,31.580000,30.916000,31.264000,473908000,https://finance.yahoo.com/quote/NVDA/history
2023-05-22,30.900999,31.520000,30.680000,31.176001,372000000,https://finance.yahoo.com/quote/NVDA/history
2023-05-23,31.000000,31.288000,30.631001,30.688000,356253000,https://finance.yahoo.com/quote/NVDA/history
2023-05-24,30.209999,30.607000,29.806000,30.538000,721419000,https://finance.yahoo.com/quote/NVDA/history
2023-05-25,38.522999,39.480000,36.634998,37.980000,1543911000,https://finance.yahoo.com/quote/NVDA/history
2023-05-26,37.889999,39.169998,37.549999,38.945999,714397000,https://finance.yahoo.com/quote/NVDA/history
2023-05-30,40.595001,41.938000,39.949001,40.111000,923401000,https://finance.yahoo.com/quote/NVDA/history
2023-05-31,39.487999,40.294998,37.821999,37.834000,1002580000,https://finance.yahoo.com/quote/NVDA/history
2023-06-01,38.488998,40.049999,38.340000,39.770000,635873000,https://finance.yahoo.com/quote/NVDA/history
2023-06-02,40.097000,40.500000,39.057999,39.327000,482731000,https://finance.yahoo.com/quote/NVDA/history
2023-06-05,38.909000,39.564999,38.707001,39.171001,396094000,https://finance.yahoo.com/quote/NVDA/history
2023-06-06,38.830002,39.160000,38.147999,38.653999,388729000,https://finance.yahoo.com/quote/NVDA/history
2023-06-07,38.915001,39.499001,37.355999,37.474998,511998000,https://finance.yahoo.com/quote/NVDA/history
2023-06-08,37.723999,38.863998,37.505001,38.509998,417772000,https://finance.yahoo.com/quote/NVDA/history
2023-06-09,39.036999,39.710999,38.567001,38.770000,427717000,https://finance.yahoo.com/quote/NVDA/history
2023-06-12,39.200001,39.529999,38.618000,39.481998,388701000,https://finance.yahoo.com/quote/NVDA/history
2023-06-13,40.186001,41.101002,39.740002,41.021999,613208000,https://finance.yahoo.com/quote/NVDA/history
2023-06-14,40.824001,43.000000,40.551998,42.997002,740465000,https://finance.yahoo.com/quote/NVDA/history
2023-06-15,42.602001,43.289001,42.146999,42.653000,568622000,https://finance.yahoo.com/quote/NVDA/history
2023-06-16,43.450001,43.721001,42.660999,42.692001,655709000,https://finance.yahoo.com/quote/NVDA/history
2023-06-20,42.998001,43.990002,42.674000,43.807999,451153000,https://finance.yahoo.com/quote/NVDA/history
2023-06-21,43.500999,43.615002,42.080002,43.044998,551603000,https://finance.yahoo.com/quote/NVDA/history
2023-06-22,42.252998,43.425999,42.234001,43.025002,417737000,https://finance.yahoo.com/quote/NVDA/history
2023-06-23,42.464001,42.808998,42.014999,42.209000,358140000,https://finance.yahoo.com/quote/NVDA/history
2023-06-26,42.460999,42.764000,40.099998,40.632000,594322000,https://finance.yahoo.com/quote/NVDA/history
2023-06-27,40.799000,41.939999,40.448002,41.875999,462175000,https://finance.yahoo.com/quote/NVDA/history
2023-06-28,40.660000,41.845001,40.518002,41.117001,582639000,https://finance.yahoo.com/quote/NVDA/history
2023-06-29,41.557999,41.599998,40.599998,40.821999,380514000,https://finance.yahoo.com/quote/NVDA/history
2023-06-30,41.680000,42.549999,41.500999,42.301998,501148000,https://finance.yahoo.com/quote/NVDA/history
2023-07-03,42.516998,42.897999,42.202000,42.412998,198209000,https://finance.yahoo.com/quote/NVDA/history
2023-07-05,42.134998,43.176998,42.084999,42.317001,323618000,https://finance.yahoo.com/quote/NVDA/history
2023-07-06,41.844002,42.179001,41.346001,42.103001,303582000,https://finance.yahoo.com/quote/NVDA/history
2023-07-07,42.321999,43.214001,42.180000,42.502998,355881000,https://finance.yahoo.com/quote/NVDA/history
2023-07-10,42.657001,42.811001,41.648998,42.180000,353908000,https://finance.yahoo.com/quote/NVDA/history
2023-07-11,42.480999,42.757999,42.067001,42.404999,298244000,https://finance.yahoo.com/quote/NVDA/history
2023-07-12,43.033001,43.935001,42.777000,43.902000,481277000,https://finance.yahoo.com/quote/NVDA/history
2023-07-13,44.518002,46.154999,44.492001,45.977001,478204000,https://finance.yahoo.com/quote/NVDA/history
2023-07-14,46.583000,48.088001,45.060001,45.469002,772075000,https://finance.yahoo.com/quote/NVDA/history
2023-07-17,46.289001,46.495998,45.262001,46.460999,510488000,https://finance.yahoo.com/quote/NVDA/history
2023-07-18,46.701000,47.896000,45.734001,47.493999,569164000,https://finance.yahoo.com/quote/NVDA/history
2023-07-19,47.464001,47.818001,46.742001,47.077000,427502000,https://finance.yahoo.com/quote/NVDA/history
2023-07-20,46.507000,47.087002,45.062000,45.520000,537865000,https://finance.yahoo.com/quote/NVDA/history
2023-07-21,45.787998,45.866001,44.099998,44.308998,963769000,https://finance.yahoo.com/quote/NVDA/history
2023-07-24,44.730999,45.109001,44.040001,44.612000,382516000,https://finance.yahoo.com/quote/NVDA/history
2023-07-25,44.941002,46.182999,44.923000,45.679001,348081000,https://finance.yahoo.com/quote/NVDA/history
2023-07-26,46.021000,46.053001,44.630001,45.452000,364237000,https://finance.yahoo.com/quote/NVDA/history
2023-07-27,46.519001,47.395000,45.750000,45.900002,455976000,https://finance.yahoo.com/quote/NVDA/history
2023-07-28,46.667999,47.027000,46.381001,46.750000,331194000,https://finance.yahoo.com/quote/NVDA/history
2023-07-31,46.754002,47.130001,46.506001,46.729000,251055000,https://finance.yahoo.com/quote/NVDA/history
2023-08-01,46.459999,46.900002,46.027000,46.507000,237858000,https://finance.yahoo.com/quote/NVDA/history
2023-08-02,45.831001,45.840000,43.387001,44.269001,530142000,https://finance.yahoo.com/quote/NVDA/history
2023-08-03,43.799999,45.118000,43.799999,44.514999,324176000,https://finance.yahoo.com/quote/NVDA/history
2023-08-04,44.985001,45.641998,44.393002,44.680000,362666000,https://finance.yahoo.com/quote/NVDA/history
2023-08-07,45.111000,45.540001,44.563000,45.417000,322154000,https://finance.yahoo.com/quote/NVDA/history
2023-08-08,44.853001,45.242001,44.056000,44.664001,353843000,https://finance.yahoo.com/quote/NVDA/history
2023-08-09,44.273998,44.312000,42.133999,42.554001,586449000,https://finance.yahoo.com/quote/NVDA/history
2023-08-10,42.160000,43.574001,41.834999,42.388000,492705000,https://finance.yahoo.com/quote/NVDA/history
2023-08-11,41.750999,42.018002,40.639000,40.855000,533085000,https://finance.yahoo.com/quote/NVDA/history
2023-08-14,40.486000,43.799999,40.311001,43.752998,690286000,https://finance.yahoo.com/quote/NVDA/history
2023-08-15,44.560001,45.268002,43.709999,43.939999,676512000,https://finance.yahoo.com/quote/NVDA/history
2023-08-16,44.520000,44.674999,43.405998,43.486000,527451000,https://finance.yahoo.com/quote/NVDA/history
2023-08-17,43.970001,44.062000,43.000999,43.344002,452395000,https://finance.yahoo.com/quote/NVDA/history
2023-08-18,42.634998,43.577999,41.660000,43.299000,583768000,https://finance.yahoo.com/quote/NVDA/history
2023-08-21,44.493999,47.064999,44.222000,46.966999,692573000,https://finance.yahoo.com/quote/NVDA/history
2023-08-22,48.134998,48.187000,45.333000,45.667999,755293000,https://finance.yahoo.com/quote/NVDA/history
2023-08-23,45.866001,47.200001,45.208000,47.116001,779046000,https://finance.yahoo.com/quote/NVDA/history
2023-08-24,50.216000,50.265999,47.159000,47.162998,1156044000,https://finance.yahoo.com/quote/NVDA/history
2023-08-25,47.012001,47.805000,45.023998,46.018002,925341000,https://finance.yahoo.com/quote/NVDA/history
2023-08-28,46.481998,46.980000,44.888000,46.834999,685192000,https://finance.yahoo.com/quote/NVDA/history
2023-08-29,46.666000,49.081001,46.390999,48.784000,701397000,https://finance.yahoo.com/quote/NVDA/history
2023-08-30,49.043999,49.926998,48.424999,49.264000,735206000,https://finance.yahoo.com/quote/NVDA/history
2023-08-31,49.380001,49.743999,48.958000,49.355000,528570000,https://finance.yahoo.com/quote/NVDA/history
2023-09-01,49.762001,49.799999,48.141998,48.508999,463830000,https://finance.yahoo.com/quote/NVDA/history
2023-09-05,48.223000,48.851002,47.860001,48.548000,382653000,https://finance.yahoo.com/quote/NVDA/history
2023-09-06,48.441002,48.549000,46.580002,47.061001,468670000,https://finance.yahoo.com/quote/NVDA/history
2023-09-07,45.525002,46.344002,45.152000,46.241001,433330000,https://finance.yahoo.com/quote/NVDA/history
2023-09-08,45.942001,46.605999,45.271000,45.571999,473069000,https://finance.yahoo.com/quote/NVDA/history
2023-09-11,46.147999,46.162998,44.312000,45.178001,473966000,https://finance.yahoo.com/quote/NVDA/history
2023-09-12,44.737999,45.673000,44.530998,44.869999,349256000,https://finance.yahoo.com/quote/NVDA/history
2023-09-13,44.599998,45.930000,44.502998,45.485001,398355000,https://finance.yahoo.com/quote/NVDA/history
2023-09-14,45.950001,45.987000,45.131001,45.581001,370097000,https://finance.yahoo.com/quote/NVDA/history
2023-09-15,45.341000,45.598999,43.807999,43.900002,506831000,https://finance.yahoo.com/quote/NVDA/history
2023-09-18,42.748001,44.242001,42.000000,43.966000,500271000,https://finance.yahoo.com/quote/NVDA/history
2023-09-19,43.833000,43.966000,43.001999,43.520000,373064000,https://finance.yahoo.com/quote/NVDA/history
2023-09-20,43.599998,43.903000,42.223000,42.238998,367108000,https://finance.yahoo.com/quote/NVDA/history
2023-09-21,41.583000,42.099998,40.980000,41.016998,450736000,https://finance.yahoo.com/quote/NVDA/history
2023-09-22,41.571999,42.115002,41.230999,41.610001,479236000,https://finance.yahoo.com/quote/NVDA/history
2023-09-25,41.591000,42.535999,41.176998,42.222000,419091000,https://finance.yahoo.com/quote/NVDA/history
2023-09-26,42.000999,42.820000,41.654999,41.910999,402282000,https://finance.yahoo.com/quote/NVDA/history
2023-09-27,42.330002,42.872002,41.629002,42.467999,444935000,https://finance.yahoo.com/quote/NVDA/history
2023-09-28,42.459999,43.445999,42.115002,43.089001,424663000,https://finance.yahoo.com/quote/NVDA/history
2023-09-29,43.827000,44.144001,43.306999,43.499001,397830000,https://finance.yahoo.com/quote/NVDA/history
2023-10-02,44.029999,45.174999,43.861000,44.782001,433298000,https://finance.yahoo.com/quote/NVDA/history
2023-10-03,44.807999,45.130001,43.245998,43.516998,470850000,https://finance.yahoo.com/quote/NVDA/history
2023-10-04,43.742001,44.143002,43.292000,44.041000,361821000,https://finance.yahoo.com/quote/NVDA/history
2023-10-05,44.049999,44.900002,43.888000,44.688000,393483000,https://finance.yahoo.com/quote/NVDA/history
2023-10-06,44.193001,45.789001,44.026001,45.762001,434436000,https://finance.yahoo.com/quote/NVDA/history
2023-10-09,44.841999,45.605000,44.368000,45.272999,409675000,https://finance.yahoo.com/quote/NVDA/history
2023-10-10,45.310001,46.258999,45.088001,45.798000,368582000,https://finance.yahoo.com/quote/NVDA/history
2023-10-11,46.195999,46.859001,46.049999,46.806000,378137000,https://finance.yahoo.com/quote/NVDA/history
2023-10-12,46.777000,47.609001,46.330002,46.945000,481325000,https://finance.yahoo.com/quote/NVDA/history
2023-10-13,46.959999,47.116001,45.279999,45.460999,474115000,https://finance.yahoo.com/quote/NVDA/history
2023-10-16,45.063000,46.224998,44.911999,46.095001,375099000,https://finance.yahoo.com/quote/NVDA/history
2023-10-17,44.000000,44.754002,42.480000,43.938000,812333000,https://finance.yahoo.com/quote/NVDA/history
2023-10-18,42.591000,43.219002,41.825001,42.195999,627294000,https://finance.yahoo.com/quote/NVDA/history
2023-10-19,42.811001,43.297001,41.882000,42.101002,501233000,https://finance.yahoo.com/quote/NVDA/history
2023-10-20,41.889999,42.470001,41.077999,41.387001,477266000,https://finance.yahoo.com/quote/NVDA/history
2023-10-23,41.229000,43.248001,40.945000,42.974998,478530000,https://finance.yahoo.com/quote/NVDA/history
2023-10-24,43.077000,43.696999,42.691002,43.662998,401463000,https://finance.yahoo.com/quote/NVDA/history
2023-10-25,43.397999,43.650002,41.555000,41.778999,398379000,https://finance.yahoo.com/quote/NVDA/history
2023-10-26,41.853001,42.256001,39.880001,40.326000,541001000,https://finance.yahoo.com/quote/NVDA/history
2023-10-27,41.130001,41.206001,40.014999,40.500000,416784000,https://finance.yahoo.com/quote/NVDA/history
2023-10-30,41.087002,41.765999,40.480999,41.160999,388028000,https://finance.yahoo.com/quote/NVDA/history
2023-10-31,40.450001,40.879002,39.230000,40.779999,517969000,https://finance.yahoo.com/quote/NVDA/history
2023-11-01,40.883999,42.381001,40.868999,42.325001,437593000,https://finance.yahoo.com/quote/NVDA/history
2023-11-02,43.327999,43.883999,42.894001,43.506001,409172000,https://finance.yahoo.com/quote/NVDA/history
2023-11-03,44.020000,45.308998,43.723000,45.005001,424610000,https://finance.yahoo.com/quote/NVDA/history
2023-11-06,45.285000,45.935001,44.898998,45.750999,400733000,https://finance.yahoo.com/quote/NVDA/history
2023-11-07,45.719002,46.217999,45.158001,45.955002,343165000,https://finance.yahoo.com/quote/NVDA/history
2023-11-08,46.099998,46.867001,45.967999,46.574001,346719000,https://finance.yahoo.com/quote/NVDA/history
2023-11-09,47.466999,48.230000,46.750000,46.950001,540496000,https://finance.yahoo.com/quote/NVDA/history
2023-11-10,47.500000,48.472000,47.283001,48.334999,421245000,https://finance.yahoo.com/quote/NVDA/history
2023-11-13,48.320000,49.116001,48.098999,48.619999,384136000,https://finance.yahoo.com/quote/NVDA/history
2023-11-14,49.680000,49.834000,49.040001,49.655998,416954000,https://finance.yahoo.com/quote/NVDA/history
2023-11-15,49.935001,49.959999,48.200001,48.888000,475497000,https://finance.yahoo.com/quote/NVDA/history
2023-11-16,48.679001,49.525002,48.330002,49.480000,339756000,https://finance.yahoo.com/quote/NVDA/history
2023-11-17,49.523998,49.716999,49.007000,49.298000,325205000,https://finance.yahoo.com/quote/NVDA/history
2023-11-20,49.312000,50.548000,49.181000,50.409000,414120000,https://finance.yahoo.com/quote/NVDA/history
2023-11-21,50.125999,50.516998,49.222000,49.944000,565747000,https://finance.yahoo.com/quote/NVDA/history
2023-11-22,49.852001,50.334999,47.689999,48.716000,899420000,https://finance.yahoo.com/quote/NVDA/history
2023-11-24,48.470001,48.921001,47.744999,47.776001,294645000,https://finance.yahoo.com/quote/NVDA/history
2023-11-27,47.799999,48.529999,47.652000,48.242001,395662000,https://finance.yahoo.com/quote/NVDA/history
2023-11-28,48.236000,48.323002,47.473000,47.820999,401491000,https://finance.yahoo.com/quote/NVDA/history
2023-11-29,48.379002,48.762001,47.860001,48.139999,382005000,https://finance.yahoo.com/quote/NVDA/history
2023-11-30,48.023998,48.110001,46.422001,46.770000,526247000,https://finance.yahoo.com/quote/NVDA/history
2023-12-01,46.525002,47.200001,46.187000,46.764999,369317000,https://finance.yahoo.com/quote/NVDA/history
2023-12-04,46.077000,46.077000,45.009998,45.509998,437543000,https://finance.yahoo.com/quote/NVDA/history
2023-12-05,45.466000,46.599998,45.271000,46.566002,371718000,https://finance.yahoo.com/quote/NVDA/history
2023-12-06,47.215000,47.387001,45.411999,45.502998,380590000,https://finance.yahoo.com/quote/NVDA/history
2023-12-07,45.700001,46.629002,45.604000,46.596001,350823000,https://finance.yahoo.com/quote/NVDA/history
2023-12-08,46.595001,47.741001,46.549999,47.506001,359224000,https://finance.yahoo.com/quote/NVDA/history
2023-12-11,47.491001,47.530998,45.830002,46.626999,509728000,https://finance.yahoo.com/quote/NVDA/history
2023-12-12,46.046001,47.666000,46.046001,47.657001,372387000,https://finance.yahoo.com/quote/NVDA/history
2023-12-13,47.629002,48.594002,47.608002,48.088001,447792000,https://finance.yahoo.com/quote/NVDA/history
2023-12-14,48.389999,48.669998,47.422001,48.349998,391232000,https://finance.yahoo.com/quote/NVDA/history
2023-12-15,48.194000,49.403999,48.119999,48.889999,479948000,https://finance.yahoo.com/quote/NVDA/history
2023-12-18,49.400002,50.432999,49.150002,50.077000,412587000,https://finance.yahoo.com/quote/NVDA/history
2023-12-19,49.424000,49.700001,48.895000,49.604000,464444000,https://finance.yahoo.com/quote/NVDA/history
2023-12-20,49.654999,49.999001,48.098000,48.111000,397894000,https://finance.yahoo.com/quote/NVDA/history
2023-12-21,48.811001,49.095001,48.418999,48.990002,300425000,https://finance.yahoo.com/quote/NVDA/history
2023-12-22,49.195000,49.382999,48.466999,48.830002,252507000,https://finance.yahoo.com/quote/NVDA/history
2023-12-26,48.967999,49.599998,48.959999,49.278999,244200000,https://finance.yahoo.com/quote/NVDA/history
2023-12-27,49.511002,49.680000,49.084999,49.417000,233648000,https://finance.yahoo.com/quote/NVDA/history
2023-12-28,49.643002,49.883999,49.411999,49.521999,246587000,https://finance.yahoo.com/quote/NVDA/history
2023-12-29,49.813000,49.997002,48.750999,49.521999,389293000,https://finance.yahoo.com/quote/NVDA/history
2024-01-02,49.243999,49.294998,47.595001,48.167999,411254000,https://finance.yahoo.com/quote/NVDA/history
2024-01-03,47.485001,48.183998,47.320000,47.569000,320896000,https://finance.yahoo.com/quote/NVDA/history
2024-01-04,47.766998,48.500000,47.507999,47.998001,306535000,https://finance.yahoo.com/quote/NVDA/history
2024-01-05,48.462002,49.547001,48.306000,49.097000,415039000,https://finance.yahoo.com/quote/NVDA/history
2024-01-08,49.512001,52.275002,49.479000,52.252998,642510000,https://finance.yahoo.com/quote/NVDA/history
2024-01-09,52.401001,54.325001,51.689999,53.139999,773100000,https://finance.yahoo.com/quote/NVDA/history
2024-01-10,53.616001,54.599998,53.488998,54.349998,533796000,https://finance.yahoo.com/quote/NVDA/history
2024-01-11,54.999001,55.346001,53.560001,54.821999,596759000,https://finance.yahoo.com/quote/NVDA/history
2024-01-12,54.619999,54.970001,54.330002,54.709999,352994000,https://finance.yahoo.com/quote/NVDA/history
2024-01-16,55.018002,56.834999,54.900002,56.382000,449580000,https://finance.yahoo.com/quote/NVDA/history
2024-01-17,56.347000,56.471001,54.740002,56.053001,474394000,https://finance.yahoo.com/quote/NVDA/history
2024-01-18,57.259998,57.599998,56.106998,57.106998,491650000,https://finance.yahoo.com/quote/NVDA/history
2024-01-19,57.988998,59.500000,57.224998,59.491001,543501000,https://finance.yahoo.com/quote/NVDA/history
2024-01-22,60.049000,60.331001,59.070000,59.653999,452955000,https://finance.yahoo.com/quote/NVDA/history
2024-01-23,59.570000,59.910000,58.584999,59.873001,294654000,https://finance.yahoo.com/quote/NVDA/history
2024-01-24,60.304001,62.848999,59.938000,61.362000,560271000,https://finance.yahoo.com/quote/NVDA/history
2024-01-25,62.349998,62.719002,60.849998,61.617001,482777000,https://finance.yahoo.com/quote/NVDA/history
2024-01-26,60.959999,61.783001,60.573002,61.030998,390309000,https://finance.yahoo.com/quote/NVDA/history
2024-01-29,61.231998,62.488998,60.907001,62.465000,348733000,https://finance.yahoo.com/quote/NVDA/history
2024-01-30,62.900002,63.493000,62.259998,62.773998,410735000,https://finance.yahoo.com/quote/NVDA/history
2024-01-31,61.439999,62.269001,60.700001,61.527000,453795000,https://finance.yahoo.com/quote/NVDA/history
2024-02-01,62.099998,63.191002,61.650002,63.027000,369146000,https://finance.yahoo.com/quote/NVDA/history
2024-02-02,63.973999,66.599998,63.689999,66.160004,476578000,https://finance.yahoo.com/quote/NVDA/history
2024-02-05,68.224998,69.497002,67.205002,69.332001,680078000,https://finance.yahoo.com/quote/NVDA/history
2024-02-06,69.629997,69.753998,66.300003,68.223000,683111000,https://finance.yahoo.com/quote/NVDA/history
2024-02-07,68.319000,70.220001,67.599998,70.098999,495575000,https://finance.yahoo.com/quote/NVDA/history
2024-02-08,70.073997,70.793999,69.455002,69.640999,414422000,https://finance.yahoo.com/quote/NVDA/history
2024-02-09,70.532997,72.184998,70.211998,72.133003,436637000,https://finance.yahoo.com/quote/NVDA/history
2024-02-12,72.599998,74.611000,71.250000,72.248001,613710000,https://finance.yahoo.com/quote/NVDA/history
2024-02-13,70.400002,73.449997,69.620003,72.127998,602580000,https://finance.yahoo.com/quote/NVDA/history
2024-02-14,73.202003,74.236000,71.938004,73.900002,504917000,https://finance.yahoo.com/quote/NVDA/history
2024-02-15,73.869003,73.974998,72.400002,72.657997,420122000,https://finance.yahoo.com/quote/NVDA/history
2024-02-16,74.099998,74.402000,72.500999,72.612999,495327000,https://finance.yahoo.com/quote/NVDA/history
2024-02-20,71.946999,71.956001,67.734001,69.452003,704833000,https://finance.yahoo.com/quote/NVDA/history
2024-02-21,68.005997,68.888000,66.248001,67.472000,673755000,https://finance.yahoo.com/quote/NVDA/history
2024-02-22,75.025002,78.574997,74.220001,78.538002,865100000,https://finance.yahoo.com/quote/NVDA/history
2024-02-23,80.790001,82.393997,77.570000,78.817001,829388000,https://finance.yahoo.com/quote/NVDA/history
2024-02-26,79.699997,80.646004,78.504997,79.092003,503973000,https://finance.yahoo.com/quote/NVDA/history
2024-02-27,79.380997,79.480003,77.162003,78.700996,391705000,https://finance.yahoo.com/quote/NVDA/history
2024-02-28,77.620003,78.932999,77.125000,77.663002,393110000,https://finance.yahoo.com/quote/NVDA/history
2024-02-29,79.094002,79.989998,78.349998,79.112000,507289000,https://finance.yahoo.com/quote/NVDA/history
2024-03-01,80.000000,82.300003,79.434998,82.278999,479135000,https://finance.yahoo.com/quote/NVDA/history
2024-03-04,84.129997,87.695000,83.719002,85.237000,615616000,https://finance.yahoo.com/quote/NVDA/history
2024-03-05,85.269997,86.097000,83.417000,85.963997,520639000,https://finance.yahoo.com/quote/NVDA/history
2024-03-06,88.022003,89.723999,87.029999,88.699997,582520000,https://finance.yahoo.com/quote/NVDA/history
2024-03-07,90.157997,92.766998,89.601997,92.668999,608119000,https://finance.yahoo.com/quote/NVDA/history
2024-03-08,95.138000,97.400002,86.505997,87.528000,1142269000,https://finance.yahoo.com/quote/NVDA/history
2024-03-11,86.429001,88.796997,84.166000,85.774002,678364000,https://finance.yahoo.com/quote/NVDA/history
2024-03-12,88.049004,91.959999,86.150002,91.913002,668075000,https://finance.yahoo.com/quote/NVDA/history
2024-03-13,91.055000,91.503998,88.434998,90.888000,635713000,https://finance.yahoo.com/quote/NVDA/history
2024-03-14,89.577003,90.646004,86.599998,87.944000,602318000,https://finance.yahoo.com/quote/NVDA/history
2024-03-15,86.930000,89.545998,86.257004,87.836998,642086000,https://finance.yahoo.com/quote/NVDA/history
2024-03-18,90.388000,92.404999,87.084999,88.455002,668976000,https://finance.yahoo.com/quote/NVDA/history
2024-03-19,86.699997,90.543999,85.010002,89.398003,672171000,https://finance.yahoo.com/quote/NVDA/history
2024-03-20,89.796997,90.410004,88.223000,90.372002,479063000,https://finance.yahoo.com/quote/NVDA/history
2024-03-21,92.300003,92.648003,90.404999,91.434998,480372000,https://finance.yahoo.com/quote/NVDA/history
2024-03-22,91.140999,94.778000,90.834000,94.289001,586719000,https://finance.yahoo.com/quote/NVDA/history
2024-03-25,93.941002,96.765999,93.510002,95.001999,552136000,https://finance.yahoo.com/quote/NVDA/history
2024-03-26,95.850998,96.375000,92.501999,92.560997,513648000,https://finance.yahoo.com/quote/NVDA/history
2024-03-27,93.112000,93.239998,89.123001,90.250000,586067000,https://finance.yahoo.com/quote/NVDA/history
2024-03-28,90.000000,91.300003,89.193001,90.356003,435212000,https://finance.yahoo.com/quote/NVDA/history
2024-04-01,90.299004,92.224998,89.204002,90.362999,452441000,https://finance.yahoo.com/quote/NVDA/history
2024-04-02,88.447998,90.094002,87.620003,89.452003,433064000,https://finance.yahoo.com/quote/NVDA/history
2024-04-03,88.484001,90.374001,88.400002,88.963997,370067000,https://finance.yahoo.com/quote/NVDA/history
2024-04-04,90.405998,90.634003,85.879997,85.904999,434965000,https://finance.yahoo.com/quote/NVDA/history
2024-04-05,86.865997,88.481003,85.926003,88.008003,399678000,https://finance.yahoo.com/quote/NVDA/history
2024-04-08,88.699997,88.830002,86.732002,87.133003,283220000,https://finance.yahoo.com/quote/NVDA/history
2024-04-09,87.442001,87.635002,83.022003,85.353996,501700000,https://finance.yahoo.com/quote/NVDA/history
2024-04-10,83.926003,87.400002,83.709000,87.039001,431929000,https://finance.yahoo.com/quote/NVDA/history
2024-04-11,87.419998,90.738998,86.926003,90.615997,431637000,https://finance.yahoo.com/quote/NVDA/history
2024-04-12,89.698997,90.175003,87.529999,88.185997,426805000,https://finance.yahoo.com/quote/NVDA/history
2024-04-15,89.098000,90.612999,85.929001,86.000999,443077000,https://finance.yahoo.com/quote/NVDA/history
2024-04-16,86.432999,88.117996,86.064003,87.415001,370453000,https://finance.yahoo.com/quote/NVDA/history
2024-04-17,88.339996,88.775002,83.949997,84.035004,495400000,https://finance.yahoo.com/quote/NVDA/history
2024-04-18,84.970001,86.190002,82.402000,84.670998,447260000,https://finance.yahoo.com/quote/NVDA/history
2024-04-19,83.150002,84.323997,75.606003,76.199997,875198000,https://finance.yahoo.com/quote/NVDA/history
2024-04-22,78.103996,80.072998,76.400002,79.517998,596341000,https://finance.yahoo.com/quote/NVDA/history
2024-04-23,80.768997,82.768997,80.264000,82.422997,438559000,https://finance.yahoo.com/quote/NVDA/history
2024-04-24,83.949997,84.082001,79.182999,79.677002,512208000,https://finance.yahoo.com/quote/NVDA/history
2024-04-25,78.867996,83.322998,78.223000,82.632004,424641000,https://finance.yahoo.com/quote/NVDA/history
2024-04-26,83.818001,88.331001,83.387001,87.735001,551011000,https://finance.yahoo.com/quote/NVDA/history
2024-04-29,87.595001,87.991997,85.265999,87.757004,388971000,https://finance.yahoo.com/quote/NVDA/history
2024-04-30,87.239998,88.819000,86.300003,86.402000,363709000,https://finance.yahoo.com/quote/NVDA/history
2024-05-01,85.077003,86.000000,81.254997,83.041000,559863000,https://finance.yahoo.com/quote/NVDA/history
2024-05-02,84.448997,86.237000,83.199997,85.817001,377898000,https://finance.yahoo.com/quote/NVDA/history
2024-05-03,87.789001,89.280998,87.040001,88.789001,398341000,https://finance.yahoo.com/quote/NVDA/history
2024-05-06,89.389999,92.220001,89.055000,92.139999,376203000,https://finance.yahoo.com/quote/NVDA/history
2024-05-07,91.098000,91.780998,89.011002,90.554001,437342000,https://finance.yahoo.com/quote/NVDA/history
2024-05-08,89.483002,91.194000,89.419998,90.412003,325721000,https://finance.yahoo.com/quote/NVDA/history
2024-05-09,90.528999,91.071999,88.231003,88.747002,378013000,https://finance.yahoo.com/quote/NVDA/history
2024-05-10,90.305000,91.401001,89.226997,89.877998,335325000,https://finance.yahoo.com/quote/NVDA/history
2024-05-13,90.477997,90.998001,88.528999,90.399002,289680000,https://finance.yahoo.com/quote/NVDA/history
2024-05-14,89.598999,91.651001,88.933998,91.356003,296507000,https://finance.yahoo.com/quote/NVDA/history
2024-05-15,92.472000,94.862000,91.598999,94.629997,417735000,https://finance.yahoo.com/quote/NVDA/history
2024-05-16,94.910004,95.819000,94.102997,94.359001,323952000,https://finance.yahoo.com/quote/NVDA/history
2024-05-17,94.369003,94.739998,91.806000,92.478996,359691000,https://finance.yahoo.com/quote/NVDA/history
2024-05-20,93.750000,95.199997,93.440002,94.779999,318764000,https://finance.yahoo.com/quote/NVDA/history
2024-05-21,93.598999,95.400002,93.180000,95.386002,328946000,https://finance.yahoo.com/quote/NVDA/history
2024-05-22,95.459000,96.019997,93.249001,94.949997,548648000,https://finance.yahoo.com/quote/NVDA/history
2024-05-23,102.028000,106.320000,101.519997,103.799004,835065000,https://finance.yahoo.com/quote/NVDA/history
2024-05-24,104.448997,106.474998,103.000000,106.469002,429494000,https://finance.yahoo.com/quote/NVDA/history
2024-05-28,110.244003,114.939003,109.883003,113.901001,652728000,https://finance.yahoo.com/quote/NVDA/history
2024-05-29,113.050003,115.491997,110.901001,114.824997,557442000,https://finance.yahoo.com/quote/NVDA/history
2024-05-30,114.650002,115.819000,109.663002,110.500000,484553000,https://finance.yahoo.com/quote/NVDA/history
2024-05-31,112.519997,112.717003,106.940002,109.633003,613263000,https://finance.yahoo.com/quote/NVDA/history
2024-06-03,113.621002,115.000000,112.002998,115.000000,438392000,https://finance.yahoo.com/quote/NVDA/history
2024-06-04,115.716003,116.599998,114.044998,116.436996,403324000,https://finance.yahoo.com/quote/NVDA/history
2024-06-05,118.371002,122.448997,117.468002,122.440002,528402000,https://finance.yahoo.com/quote/NVDA/history
2024-06-06,124.047997,125.586998,118.320000,120.998001,664696000,https://finance.yahoo.com/quote/NVDA/history
2024-06-07,119.769997,121.692001,118.022003,120.888000,412386000,https://finance.yahoo.com/quote/NVDA/history
2024-06-10,120.370003,123.099998,117.010002,121.790001,313434100,https://finance.yahoo.com/quote/NVDA/history
2024-06-11,121.769997,122.870003,118.739998,120.910004,222551200,https://finance.yahoo.com/quote/NVDA/history
2024-06-12,123.059998,126.879997,122.570000,125.199997,299595000,https://finance.yahoo.com/quote/NVDA/history
2024-06-13,129.389999,129.800003,127.160004,129.610001,260704500,https://finance.yahoo.com/quote/NVDA/history
2024-06-14,129.960007,132.839996,128.320007,131.880005,309320400,https://finance.yahoo.com/quote/NVDA/history
2024-06-17,132.990005,133.729996,129.580002,130.979996,288504400,https://finance.yahoo.com/quote/NVDA/history
2024-06-18,131.139999,136.330002,130.690002,135.580002,294335100,https://finance.yahoo.com/quote/NVDA/history
2024-06-20,139.800003,140.759995,129.520004,130.779999,517768400,https://finance.yahoo.com/quote/NVDA/history
2024-06-21,127.120003,130.630005,124.300003,126.570000,649445800,https://finance.yahoo.com/quote/NVDA/history
2024-06-24,123.239998,124.459999,118.040001,118.110001,476060900,https://finance.yahoo.com/quote/NVDA/history
2024-06-25,121.199997,126.500000,119.320000,126.089996,414192600,https://finance.yahoo.com/quote/NVDA/history
2024-06-26,126.129997,128.119995,122.599998,126.400002,362975900,https://finance.yahoo.com/quote/NVDA/history
2024-06-27,124.099998,126.410004,122.919998,123.989998,252571700,https://finance.yahoo.com/quote/NVDA/history
2024-06-28,124.580002,127.709999,122.750000,123.540001,315516700,https://finance.yahoo.com/quote/NVDA/history
2024-07-01,123.470001,124.839996,118.830002,124.300003,284885500,https://finance.yahoo.com/quote/NVDA/history
2024-07-02,121.129997,123.410004,121.029999,122.669998,218374000,https://finance.yahoo.com/quote/NVDA/history
2024-07-03,121.660004,128.279999,121.360001,128.279999,215749000,https://finance.yahoo.com/quote/NVDA/history
2024-07-05,127.379997,128.850006,125.680000,125.830002,214176700,https://finance.yahoo.com/quote/NVDA/history
2024-07-08,127.489998,130.770004,127.040001,128.199997,237677300,https://finance.yahoo.com/quote/NVDA/history
2024-07-09,130.350006,133.820007,128.649994,131.380005,285366600,https://finance.yahoo.com/quote/NVDA/history
2024-07-10,134.029999,135.100006,132.419998,134.910004,248978600,https://finance.yahoo.com/quote/NVDA/history
2024-07-11,135.750000,136.149994,127.050003,127.400002,374782700,https://finance.yahoo.com/quote/NVDA/history
2024-07-12,128.259995,131.919998,127.220001,129.240005,252680500,https://finance.yahoo.com/quote/NVDA/history
2024-07-15,130.559998,131.389999,127.180000,128.440002,208326200,https://finance.yahoo.com/quote/NVDA/history
2024-07-16,128.440002,129.039993,124.580002,126.360001,214769500,https://finance.yahoo.com/quote/NVDA/history
2024-07-17,121.349998,121.849998,116.720001,117.989998,390086200,https://finance.yahoo.com/quote/NVDA/history
2024-07-18,121.849998,122.400002,116.559998,121.089996,320979500,https://finance.yahoo.com/quote/NVDA/history
2024-07-19,120.349998,121.599998,117.370003,117.930000,217223800,https://finance.yahoo.com/quote/NVDA/history
2024-07-22,120.349998,124.070000,119.860001,123.540001,258068900,https://finance.yahoo.com/quote/NVDA/history
2024-07-23,122.779999,124.690002,122.099998,122.589996,173911000,https://finance.yahoo.com/quote/NVDA/history
2024-07-24,119.169998,119.949997,113.440002,114.250000,327776900,https://finance.yahoo.com/quote/NVDA/history
2024-07-25,113.040001,116.629997,106.300003,112.279999,460067000,https://finance.yahoo.com/quote/NVDA/history
2024-07-26,116.190002,116.199997,111.580002,113.059998,293399100,https://finance.yahoo.com/quote/NVDA/history
2024-07-29,113.690002,116.279999,111.300003,111.589996,248152100,https://finance.yahoo.com/quote/NVDA/history
2024-07-30,111.519997,111.989998,102.540001,103.730003,486833300,https://finance.yahoo.com/quote/NVDA/history
2024-07-31,112.900002,118.339996,110.879997,117.019997,473174200,https://finance.yahoo.com/quote/NVDA/history
2024-08-01,117.529999,120.160004,106.809998,109.209999,523462300,https://finance.yahoo.com/quote/NVDA/history
2024-08-02,103.760002,108.720001,101.370003,107.269997,482027500,https://finance.yahoo.com/quote/NVDA/history
2024-08-05,92.059998,103.410004,90.690002,100.449997,552842400,https://finance.yahoo.com/quote/NVDA/history
2024-08-06,103.839996,107.709999,100.550003,104.250000,409012100,https://finance.yahoo.com/quote/NVDA/history
2024-08-07,107.809998,108.800003,98.690002,98.910004,411440400,https://finance.yahoo.com/quote/NVDA/history
2024-08-08,102.000000,105.500000,97.519997,104.970001,391910000,https://finance.yahoo.com/quote/NVDA/history
2024-08-09,105.639999,106.599998,103.430000,104.750000,290844200,https://finance.yahoo.com/quote/NVDA/history
2024-08-12,106.320000,111.070000,106.260002,109.019997,325559900,https://finance.yahoo.com/quote/NVDA/history
2024-08-13,112.440002,116.230003,111.580002,116.139999,312646700,https://finance.yahoo.com/quote/NVDA/history
2024-08-14,118.529999,118.599998,114.070000,118.080002,339246400,https://finance.yahoo.com/quote/NVDA/history
2024-08-15,118.760002,123.239998,117.470001,122.860001,318086700,https://finance.yahoo.com/quote/NVDA/history
2024-08-16,121.940002,125.000000,121.180000,124.580002,302589900,https://finance.yahoo.com/quote/NVDA/history
2024-08-19,124.279999,130.000000,123.419998,130.000000,318333600,https://finance.yahoo.com/quote/NVDA/history
2024-08-20,128.399994,129.880005,125.889999,127.250000,300087400,https://finance.yahoo.com/quote/NVDA/history
2024-08-21,127.320000,129.350006,126.660004,128.500000,257883600,https://finance.yahoo.com/quote/NVDA/history
2024-08-22,130.020004,130.750000,123.099998,123.739998,376189100,https://finance.yahoo.com/quote/NVDA/history
2024-08-23,125.860001,129.600006,125.220001,129.369995,323230300,https://finance.yahoo.com/quote/NVDA/history
2024-08-26,129.570007,131.259995,124.370003,126.459999,331964700,https://finance.yahoo.com/quote/NVDA/history
2024-08-27,125.050003,129.199997,123.879997,128.300003,303134600,https://finance.yahoo.com/quote/NVDA/history
2024-08-28,128.119995,128.330002,122.639999,125.610001,448101100,https://finance.yahoo.com/quote/NVDA/history
2024-08-29,121.360001,124.430000,116.709999,117.589996,453023300,https://finance.yahoo.com/quote/NVDA/history
2024-08-30,119.529999,121.750000,117.220001,119.370003,333751600,https://finance.yahoo.com/quote/NVDA/history
2024-09-03,116.010002,116.209999,107.290001,108.000000,477155100,https://finance.yahoo.com/quote/NVDA/history
2024-09-04,105.410004,113.269997,104.120003,106.209999,372470300,https://finance.yahoo.com/quote/NVDA/history
2024-09-05,104.989998,109.650002,104.760002,107.209999,306850700,https://finance.yahoo.com/quote/NVDA/history
2024-09-06,108.040001,108.150002,100.949997,102.830002,413638100,https://finance.yahoo.com/quote/NVDA/history
2024-09-09,104.879997,106.550003,103.690002,106.470001,273912000,https://finance.yahoo.com/quote/NVDA/history
2024-09-10,107.809998,109.400002,104.949997,108.099998,268283700,https://finance.yahoo.com/quote/NVDA/history
2024-09-11,109.389999,117.190002,107.419998,116.910004,441422400,https://finance.yahoo.com/quote/NVDA/history
2024-09-12,116.839996,120.790001,115.379997,119.139999,366052700,https://finance.yahoo.com/quote/NVDA/history
2024-09-13,119.080002,119.959999,117.599998,119.099998,238358300,https://finance.yahoo.com/quote/NVDA/history
2024-09-16,116.790001,118.180000,114.360001,116.779999,248772300,https://finance.yahoo.com/quote/NVDA/history
2024-09-17,118.169998,118.800003,114.830002,115.589996,231925900,https://finance.yahoo.com/quote/NVDA/history
2024-09-18,115.889999,117.699997,113.220001,113.370003,310318900,https://finance.yahoo.com/quote/NVDA/history
2024-09-19,117.349998,119.660004,117.250000,117.870003,293506400,https://finance.yahoo.com/quote/NVDA/history
2024-09-20,117.059998,118.620003,115.389999,116.000000,382462400,https://finance.yahoo.com/quote/NVDA/history
2024-09-23,116.550003,116.989998,114.860001,116.260002,206228500,https://finance.yahoo.com/quote/NVDA/history
2024-09-24,116.519997,121.800003,115.379997,120.870003,354966800,https://finance.yahoo.com/quote/NVDA/history
2024-09-25,122.019997,124.940002,121.610001,123.510002,284692900,https://finance.yahoo.com/quote/NVDA/history
2024-09-26,126.800003,127.669998,121.800003,124.040001,302582900,https://finance.yahoo.com/quote/NVDA/history
2024-09-27,123.970001,124.029999,119.260002,121.400002,271009200,https://finance.yahoo.com/quote/NVDA/history
2024-09-30,118.309998,121.500000,118.150002,121.440002,226553700,https://finance.yahoo.com/quote/NVDA/history
2024-10-01,121.769997,122.440002,115.790001,117.000000,302094500,https://finance.yahoo.com/quote/NVDA/history
2024-10-02,116.440002,119.379997,115.139999,118.849998,221845900,https://finance.yahoo.com/quote/NVDA/history
2024-10-03,120.919998,124.360001,120.339996,122.849998,277118000,https://finance.yahoo.com/quote/NVDA/history
2024-10-04,124.940002,125.040001,121.830002,124.919998,243678100,https://finance.yahoo.com/quote/NVDA/history
2024-10-07,124.989998,130.639999,124.949997,127.720001,346250200,https://finance.yahoo.com/quote/NVDA/history
2024-10-08,130.259995,133.479996,129.419998,132.889999,285722500,https://finance.yahoo.com/quote/NVDA/history
2024-10-09,134.110001,134.520004,131.380005,132.649994,246191600,https://finance.yahoo.com/quote/NVDA/history
2024-10-10,131.910004,135.000000,131.000000,134.809998,242311300,https://finance.yahoo.com/quote/NVDA/history
2024-10-11,134.009995,135.779999,133.660004,134.800003,170209500,https://finance.yahoo.com/quote/NVDA/history
2024-10-14,136.470001,139.600006,136.300003,138.070007,232347700,https://finance.yahoo.com/quote/NVDA/history
2024-10-15,137.869995,138.570007,128.740005,131.600006,377831000,https://finance.yahoo.com/quote/NVDA/history
2024-10-16,133.979996,136.619995,131.580002,135.720001,264879700,https://finance.yahoo.com/quote/NVDA/history
2024-10-17,139.339996,140.889999,136.869995,136.929993,306435900,https://finance.yahoo.com/quote/NVDA/history
2024-10-18,138.669998,138.899994,137.279999,138.000000,176090200,https://finance.yahoo.com/quote/NVDA/history
2024-10-21,138.130005,143.710007,138.000000,143.710007,264554500,https://finance.yahoo.com/quote/NVDA/history
2024-10-22,142.910004,144.419998,141.779999,143.589996,226311600,https://finance.yahoo.com/quote/NVDA/history
2024-10-23,142.029999,142.429993,137.460007,139.559998,285930000,https://finance.yahoo.com/quote/NVDA/history
2024-10-24,140.820007,141.350006,138.460007,140.410004,172354900,https://finance.yahoo.com/quote/NVDA/history
2024-10-25,140.929993,144.130005,140.800003,141.539993,205122100,https://finance.yahoo.com/quote/NVDA/history
2024-10-28,143.000000,143.139999,140.050003,140.520004,173586700,https://finance.yahoo.com/quote/NVDA/history
2024-10-29,140.289993,142.259995,138.899994,141.250000,157593600,https://finance.yahoo.com/quote/NVDA/history
2024-10-30,139.539993,140.330002,136.809998,139.339996,179418100,https://finance.yahoo.com/quote/NVDA/history
2024-10-31,137.600006,137.610001,132.110001,132.759995,270039600,https://finance.yahoo.com/quote/NVDA/history
2024-11-01,134.699997,137.309998,134.570007,135.399994,207127800,https://finance.yahoo.com/quote/NVDA/history
2024-11-04,137.210007,138.960007,135.570007,136.050003,187528200,https://finance.yahoo.com/quote/NVDA/history
2024-11-05,137.449997,140.369995,137.330002,139.910004,160537400,https://finance.yahoo.com/quote/NVDA/history
2024-11-06,142.960007,146.490005,141.960007,145.610001,242043900,https://finance.yahoo.com/quote/NVDA/history
2024-11-07,146.389999,148.929993,146.169998,148.880005,207323300,https://finance.yahoo.com/quote/NVDA/history
2024-11-08,148.770004,149.770004,146.259995,147.630005,175665800,https://finance.yahoo.com/quote/NVDA/history
2024-11-11,148.679993,148.850006,143.570007,145.259995,182325600,https://finance.yahoo.com/quote/NVDA/history
2024-11-12,146.779999,149.649994,146.009995,148.289993,198634700,https://finance.yahoo.com/quote/NVDA/history
2024-11-13,149.070007,149.330002,145.899994,146.270004,191903300,https://finance.yahoo.com/quote/NVDA/history
2024-11-14,147.639999,149.000000,145.550003,146.759995,194463300,https://finance.yahoo.com/quote/NVDA/history
2024-11-15,144.869995,145.240005,140.080002,141.979996,250132900,https://finance.yahoo.com/quote/NVDA/history
2024-11-18,139.500000,141.550003,137.149994,140.149994,221205300,https://finance.yahoo.com/quote/NVDA/history
2024-11-19,141.320007,147.130005,140.990005,147.009995,227834900,https://finance.yahoo.com/quote/NVDA/history
2024-11-20,147.410004,147.559998,142.729996,145.889999,309871700,https://finance.yahoo.com/quote/NVDA/history
2024-11-21,149.350006,152.889999,140.699997,146.669998,400946600,https://finance.yahoo.com/quote/NVDA/history
2024-11-22,145.929993,147.160004,141.100006,141.949997,236406200,https://finance.yahoo.com/quote/NVDA/history
2024-11-25,141.990005,142.050003,135.820007,136.020004,344941900,https://finance.yahoo.com/quote/NVDA/history
2024-11-26,137.699997,139.300003,135.669998,136.919998,190287700,https://finance.yahoo.com/quote/NVDA/history
2024-11-27,135.009995,137.220001,131.800003,135.339996,226370900,https://finance.yahoo.com/quote/NVDA/history
2024-11-29,136.779999,139.350006,136.050003,138.250000,141863200,https://finance.yahoo.com/quote/NVDA/history
2024-12-02,138.830002,140.449997,137.820007,138.630005,171682800,https://finance.yahoo.com/quote/NVDA/history
2024-12-03,138.259995,140.539993,137.949997,140.259995,164414000,https://finance.yahoo.com/quote/NVDA/history
2024-12-04,142.000000,145.789993,140.289993,145.139999,231224300,https://finance.yahoo.com/quote/NVDA/history
2024-12-05,145.110001,146.539993,143.949997,145.059998,172621200,https://finance.yahoo.com/quote/NVDA/history
2024-12-06,144.600006,145.699997,141.309998,142.440002,188505600,https://finance.yahoo.com/quote/NVDA/history
2024-12-09,138.970001,139.949997,137.130005,138.809998,189308600,https://finance.yahoo.com/quote/NVDA/history
2024-12-10,139.009995,141.820007,133.789993,135.070007,210020900,https://finance.yahoo.com/quote/NVDA/history
2024-12-11,137.360001,140.169998,135.210007,139.309998,184905200,https://finance.yahoo.com/quote/NVDA/history
2024-12-12,137.080002,138.440002,135.800003,137.339996,159211400,https://finance.yahoo.com/quote/NVDA/history
2024-12-13,138.940002,139.600006,132.539993,134.250000,231514900,https://finance.yahoo.com/quote/NVDA/history
2024-12-16,134.179993,134.399994,130.419998,132.000000,237951100,https://finance.yahoo.com/quote/NVDA/history
2024-12-17,129.089996,131.589996,126.860001,130.389999,259410300,https://finance.yahoo.com/quote/NVDA/history
2024-12-18,133.860001,136.699997,128.279999,128.910004,277444500,https://finance.yahoo.com/quote/NVDA/history
2024-12-19,131.759995,134.029999,129.550003,130.679993,209719200,https://finance.yahoo.com/quote/NVDA/history
2024-12-20,129.809998,135.279999,128.220001,134.699997,306528600,https://finance.yahoo.com/quote/NVDA/history
2024-12-23,136.279999,139.789993,135.119995,139.669998,176053500,https://finance.yahoo.com/quote/NVDA/history
2024-12-24,140.000000,141.899994,138.649994,140.220001,105157000,https://finance.yahoo.com/quote/NVDA/history
2024-12-26,139.699997,140.850006,137.729996,139.929993,116205600,https://finance.yahoo.com/quote/NVDA/history
2024-12-27,138.550003,139.020004,134.710007,137.009995,170582600,https://finance.yahoo.com/quote/NVDA/history
2024-12-30,134.830002,140.270004,134.020004,137.490005,167734700,https://finance.yahoo.com/quote/NVDA/history
2024-12-31,138.029999,138.070007,133.830002,134.289993,155659200,https://finance.yahoo.com/quote/NVDA/history
2025-01-02,136.000000,138.880005,134.630005,138.309998,198247200,https://finance.yahoo.com/quote/NVDA/history
2025-01-03,140.009995,144.899994,139.729996,144.470001,229322500,https://finance.yahoo.com/quote/NVDA/history
2025-01-06,148.589996,152.160004,147.820007,149.429993,265377400,https://finance.yahoo.com/quote/NVDA/history
2025-01-07,153.029999,153.130005,140.009995,140.139999,351782200,https://finance.yahoo.com/quote/NVDA/history
2025-01-08,142.580002,143.949997,137.559998,140.110001,227349900,https://finance.yahoo.com/quote/NVDA/history
2025-01-10,137.449997,139.919998,134.220001,135.910004,207602500,https://finance.yahoo.com/quote/NVDA/history
2025-01-13,129.990005,133.490005,129.509995,133.229996,204808900,https://finance.yahoo.com/quote/NVDA/history
2025-01-14,136.050003,136.380005,130.050003,131.759995,195590500,https://finance.yahoo.com/quote/NVDA/history
2025-01-15,133.649994,136.449997,131.289993,136.240005,185217300,https://finance.yahoo.com/quote/NVDA/history
2025-01-16,138.639999,138.750000,133.490005,133.570007,209235600,https://finance.yahoo.com/quote/NVDA/history
2025-01-17,136.690002,138.500000,135.460007,137.710007,201188800,https://finance.yahoo.com/quote/NVDA/history
2025-01-21,139.160004,141.830002,137.089996,140.830002,197749000,https://finance.yahoo.com/quote/NVDA/history
2025-01-22,144.660004,147.789993,143.669998,147.070007,237651400,https://finance.yahoo.com/quote/NVDA/history
2025-01-23,145.050003,147.229996,143.720001,147.220001,155915500,https://finance.yahoo.com/quote/NVDA/history
2025-01-24,148.369995,148.970001,141.880005,142.619995,234657600,https://finance.yahoo.com/quote/NVDA/history
2025-01-27,124.800003,128.399994,116.699997,118.419998,818830900,https://finance.yahoo.com/quote/NVDA/history
2025-01-28,121.809998,129.000000,116.250000,128.990005,579666400,https://finance.yahoo.com/quote/NVDA/history
2025-01-29,126.500000,126.889999,120.050003,123.699997,467120600,https://finance.yahoo.com/quote/NVDA/history
2025-01-30,123.099998,125.000000,118.099998,124.650002,392925500,https://finance.yahoo.com/quote/NVDA/history
2025-01-31,123.779999,127.849998,119.190002,120.070000,388161100,https://finance.yahoo.com/quote/NVDA/history
2025-02-03,114.750000,118.570000,113.010002,116.660004,371235700,https://finance.yahoo.com/quote/NVDA/history
2025-02-04,116.959999,121.199997,116.699997,118.650002,256550000,https://finance.yahoo.com/quote/NVDA/history
2025-02-05,121.760002,125.000000,120.760002,124.830002,262230800,https://finance.yahoo.com/quote/NVDA/history
2025-02-06,127.419998,128.770004,125.209999,128.679993,251483600,https://finance.yahoo.com/quote/NVDA/history
2025-02-07,129.220001,130.369995,125.000000,129.839996,228186300,https://finance.yahoo.com/quote/NVDA/history
2025-02-10,130.089996,135.000000,129.960007,133.570007,216989100,https://finance.yahoo.com/quote/NVDA/history
2025-02-11,132.580002,134.479996,131.020004,132.800003,178902400,https://finance.yahoo.com/quote/NVDA/history
2025-02-12,130.020004,132.240005,129.080002,131.139999,160278600,https://finance.yahoo.com/quote/NVDA/history
2025-02-13,131.559998,136.500000,131.169998,135.289993,197430000,https://finance.yahoo.com/quote/NVDA/history
2025-02-14,136.479996,139.250000,135.500000,138.850006,195479600,https://finance.yahoo.com/quote/NVDA/history
2025-02-18,141.270004,143.440002,137.929993,139.399994,219176600,https://finance.yahoo.com/quote/NVDA/history
2025-02-19,139.509995,141.360001,137.220001,139.229996,167536000,https://finance.yahoo.com/quote/NVDA/history
2025-02-20,140.029999,140.660004,136.789993,140.110001,143903600,https://finance.yahoo.com/quote/NVDA/history
2025-02-21,140.039993,141.460007,134.029999,134.429993,228217600,https://finance.yahoo.com/quote/NVDA/history
2025-02-24,136.559998,138.589996,130.080002,130.279999,251381100,https://finance.yahoo.com/quote/NVDA/history
2025-02-25,129.979996,130.199997,124.440002,126.629997,271428700,https://finance.yahoo.com/quote/NVDA/history
2025-02-26,129.990005,133.729996,128.490005,131.279999,322553800,https://finance.yahoo.com/quote/NVDA/history
2025-02-27,135.000000,135.009995,120.010002,120.150002,443175800,https://finance.yahoo.com/quote/NVDA/history
2025-02-28,118.019997,125.089996,116.400002,124.919998,389091100,https://finance.yahoo.com/quote/NVDA/history
2025-03-03,123.510002,123.699997,112.279999,114.059998,411381400,https://finance.yahoo.com/quote/NVDA/history
2025-03-04,110.650002,119.309998,110.110001,115.989998,398163300,https://finance.yahoo.com/quote/NVDA/history
2025-03-05,117.580002,118.279999,114.510002,117.300003,284337900,https://finance.yahoo.com/quote/NVDA/history
2025-03-06,113.529999,115.349998,110.220001,110.570000,321181900,https://finance.yahoo.com/quote/NVDA/history
2025-03-07,111.250000,113.480003,107.559998,112.690002,341755500,https://finance.yahoo.com/quote/NVDA/history
2025-03-10,109.900002,111.849998,105.459999,106.980003,366487400,https://finance.yahoo.com/quote/NVDA/history
2025-03-11,106.989998,112.239998,104.769997,108.760002,354865700,https://finance.yahoo.com/quote/NVDA/history
2025-03-12,114.120003,116.760002,112.879997,115.739998,323857500,https://finance.yahoo.com/quote/NVDA/history
2025-03-13,117.029999,117.760002,113.790001,115.580002,299033100,https://finance.yahoo.com/quote/NVDA/history
2025-03-14,118.610001,121.879997,118.150002,121.669998,277593500,https://finance.yahoo.com/quote/NVDA/history
2025-03-17,122.739998,122.889999,118.029999,119.529999,255501500,https://finance.yahoo.com/quote/NVDA/history
2025-03-18,118.000000,119.019997,114.540001,115.430000,299686900,https://finance.yahoo.com/quote/NVDA/history
2025-03-19,117.269997,120.449997,115.680000,117.519997,273426200,https://finance.yahoo.com/quote/NVDA/history
2025-03-20,116.550003,120.199997,116.470001,118.529999,248829700,https://finance.yahoo.com/quote/NVDA/history
2025-03-21,116.940002,117.989998,115.419998,117.699997,266498500,https://finance.yahoo.com/quote/NVDA/history
2025-03-24,119.879997,122.220001,119.339996,121.410004,228452500,https://finance.yahoo.com/quote/NVDA/history
2025-03-25,120.550003,121.290001,118.919998,120.690002,167447200,https://finance.yahoo.com/quote/NVDA/history
2025-03-26,118.730003,118.839996,112.709999,113.760002,293463300,https://finance.yahoo.com/quote/NVDA/history
2025-03-27,111.349998,114.449997,110.660004,111.430000,236902100,https://finance.yahoo.com/quote/NVDA/history
2025-03-28,111.489998,112.870003,109.070000,109.669998,229872500,https://finance.yahoo.com/quote/NVDA/history
2025-03-31,105.129997,110.959999,103.650002,108.379997,299212700,https://finance.yahoo.com/quote/NVDA/history
2025-04-01,108.519997,110.199997,106.470001,110.150002,222614000,https://finance.yahoo.com/quote/NVDA/history
2025-04-02,107.290001,111.980003,106.790001,110.419998,220601200,https://finance.yahoo.com/quote/NVDA/history
2025-04-03,103.510002,105.629997,101.599998,101.800003,338769400,https://finance.yahoo.com/quote/NVDA/history
2025-04-04,98.910004,100.129997,92.110001,94.309998,532273800,https://finance.yahoo.com/quote/NVDA/history
2025-04-07,87.459999,101.750000,86.620003,97.639999,611041300,https://finance.yahoo.com/quote/NVDA/history
2025-04-08,103.809998,105.849998,94.459999,96.300003,476243400,https://finance.yahoo.com/quote/NVDA/history
2025-04-09,98.889999,115.099998,97.529999,114.330002,612918300,https://finance.yahoo.com/quote/NVDA/history
2025-04-10,109.370003,110.860001,99.150002,107.570000,437812400,https://finance.yahoo.com/quote/NVDA/history
2025-04-11,108.500000,111.550003,107.480003,110.930000,313417300,https://finance.yahoo.com/quote/NVDA/history
2025-04-14,114.110001,114.290001,109.070000,110.709999,264705000,https://finance.yahoo.com/quote/NVDA/history
2025-04-15,110.970001,113.620003,110.500000,112.199997,228966900,https://finance.yahoo.com/quote/NVDA/history
2025-04-16,104.550003,106.790001,100.449997,104.489998,397016900,https://finance.yahoo.com/quote/NVDA/history
2025-04-17,104.449997,104.470001,100.050003,101.489998,292517500,https://finance.yahoo.com/quote/NVDA/history
2025-04-21,98.769997,99.440002,95.040001,96.910004,288501100,https://finance.yahoo.com/quote/NVDA/history
2025-04-22,98.779999,99.809998,97.279999,98.889999,241004800,https://finance.yahoo.com/quote/NVDA/history
2025-04-23,104.519997,104.800003,102.019997,102.709999,247526000,https://finance.yahoo.com/quote/NVDA/history
2025-04-24,103.480003,106.540001,103.110001,106.430000,220815000,https://finance.yahoo.com/quote/NVDA/history
2025-04-25,106.849998,111.919998,105.730003,111.010002,251064700,https://finance.yahoo.com/quote/NVDA/history
2025-04-28,109.690002,110.370003,106.019997,108.730003,207708500,https://finance.yahoo.com/quote/NVDA/history
2025-04-29,107.669998,110.199997,107.440002,109.019997,170444300,https://finance.yahoo.com/quote/NVDA/history
2025-04-30,104.470001,108.919998,104.080002,108.919998,235044600,https://finance.yahoo.com/quote/NVDA/history
2025-05-01,113.080002,114.940002,111.300003,111.610001,236121500,https://finance.yahoo.com/quote/NVDA/history
2025-05-02,114.180000,115.400002,113.370003,114.500000,190194800,https://finance.yahoo.com/quote/NVDA/history
2025-05-05,112.910004,114.669998,112.660004,113.820000,133163200,https://finance.yahoo.com/quote/NVDA/history
2025-05-06,111.480003,114.739998,110.820000,113.540001,158525600,https://finance.yahoo.com/quote/NVDA/history
2025-05-07,113.050003,117.680000,112.279999,117.059998,206758800,https://finance.yahoo.com/quote/NVDA/history
2025-05-08,118.250000,118.680000,115.849998,117.370003,198428100,https://finance.yahoo.com/quote/NVDA/history
2025-05-09,117.349998,118.230003,115.209999,116.650002,132972200,https://finance.yahoo.com/quote/NVDA/history
2025-05-12,121.970001,123.000000,120.279999,123.000000,225023300,https://finance.yahoo.com/quote/NVDA/history
2025-05-13,124.980003,131.220001,124.470001,129.929993,330430100,https://finance.yahoo.com/quote/NVDA/history
2025-05-14,133.199997,135.440002,131.679993,135.339996,281180800,https://finance.yahoo.com/quote/NVDA/history
2025-05-15,134.289993,136.300003,132.660004,134.830002,226632600,https://finance.yahoo.com/quote/NVDA/history
2025-05-16,136.220001,136.350006,133.460007,135.399994,226542500,https://finance.yahoo.com/quote/NVDA/history
2025-05-19,132.389999,135.869995,132.389999,135.570007,193154600,https://finance.yahoo.com/quote/NVDA/history
2025-05-20,134.289993,134.580002,132.619995,134.380005,161514200,https://finance.yahoo.com/quote/NVDA/history
2025-05-21,133.059998,137.399994,130.589996,131.800003,270608700,https://finance.yahoo.com/quote/NVDA/history
2025-05-22,132.229996,134.250000,131.550003,132.830002,187344000,https://finance.yahoo.com/quote/NVDA/history
2025-05-23,130.000000,132.679993,129.160004,131.289993,198821300,https://finance.yahoo.com/quote/NVDA/history
2025-05-27,134.149994,135.660004,133.309998,135.500000,192953600,https://finance.yahoo.com/quote/NVDA/history
2025-05-28,136.029999,137.250000,134.789993,134.809998,304021100,https://finance.yahoo.com/quote/NVDA/history
2025-05-29,142.250000,143.490005,137.910004,139.190002,369241900,https://finance.yahoo.com/quote/NVDA/history
2025-05-30,138.720001,139.619995,132.919998,135.130005,333170900,https://finance.yahoo.com/quote/NVDA/history
2025-06-02,135.490005,138.119995,135.399994,137.380005,197663100,https://finance.yahoo.com/quote/NVDA/history
2025-06-03,138.779999,142.000000,137.949997,141.220001,225578800,https://finance.yahoo.com/quote/NVDA/history
2025-06-04,142.190002,142.389999,139.539993,141.919998,167120800,https://finance.yahoo.com/quote/NVDA/history
2025-06-05,142.169998,144.000000,138.830002,139.990005,231397900,https://finance.yahoo.com/quote/NVDA/history
2025-06-06,142.509995,143.270004,141.509995,141.720001,153986200,https://finance.yahoo.com/quote/NVDA/history
2025-06-09,143.190002,145.000000,141.940002,142.630005,185114500,https://finance.yahoo.com/quote/NVDA/history
2025-06-10,142.690002,144.289993,141.529999,143.960007,155881900,https://finance.yahoo.com/quote/NVDA/history
2025-06-11,144.610001,144.990005,141.869995,142.830002,167694000,https://finance.yahoo.com/quote/NVDA/history
2025-06-12,141.970001,145.000000,141.850006,145.000000,162365000,https://finance.yahoo.com/quote/NVDA/history
2025-06-13,142.479996,143.580002,140.850006,141.970001,180820600,https://finance.yahoo.com/quote/NVDA/history
2025-06-16,143.350006,146.179993,143.199997,144.690002,183133700,https://finance.yahoo.com/quote/NVDA/history
2025-06-17,144.490005,145.220001,143.779999,144.119995,139108000,https://finance.yahoo.com/quote/NVDA/history
2025-06-18,144.009995,145.649994,143.119995,145.479996,161494100,https://finance.yahoo.com/quote/NVDA/history
2025-06-20,145.449997,146.199997,142.649994,143.850006,242956200,https://finance.yahoo.com/quote/NVDA/history
2025-06-23,142.500000,144.779999,142.029999,144.169998,154308900,https://finance.yahoo.com/quote/NVDA/history
2025-06-24,145.559998,147.960007,145.500000,147.899994,187566100,https://finance.yahoo.com/quote/NVDA/history
2025-06-25,149.270004,154.449997,149.259995,154.309998,269146500,https://finance.yahoo.com/quote/NVDA/history
2025-06-26,155.979996,156.720001,154.000000,155.020004,198145700,https://finance.yahoo.com/quote/NVDA/history
2025-06-27,156.039993,158.710007,155.259995,157.750000,263234500,https://finance.yahoo.com/quote/NVDA/history
2025-06-30,158.399994,158.660004,155.960007,157.990005,194580300,https://finance.yahoo.com/quote/NVDA/history
2025-07-01,156.289993,157.199997,151.490005,153.300003,213143600,https://finance.yahoo.com/quote/NVDA/history
2025-07-02,152.979996,157.600006,152.970001,157.250000,171224100,https://finance.yahoo.com/quote/NVDA/history
2025-07-03,158.369995,160.979996,157.770004,159.339996,143716100,https://finance.yahoo.com/quote/NVDA/history
2025-07-07,158.199997,159.309998,157.339996,158.240005,140139000,https://finance.yahoo.com/quote/NVDA/history
2025-07-08,159.330002,160.220001,158.389999,160.000000,138133000,https://finance.yahoo.com/quote/NVDA/history
2025-07-09,161.220001,164.419998,161.160004,162.880005,183656400,https://finance.yahoo.com/quote/NVDA/history
2025-07-10,164.320007,164.500000,161.610001,164.100006,167704100,https://finance.yahoo.com/quote/NVDA/history
2025-07-11,163.720001,167.889999,163.470001,164.919998,193633300,https://finance.yahoo.com/quote/NVDA/history
2025-07-14,165.369995,165.490005,162.020004,164.070007,136975800,https://finance.yahoo.com/quote/NVDA/history
2025-07-15,171.190002,172.399994,169.199997,170.699997,230627400,https://finance.yahoo.com/quote/NVDA/history
2025-07-16,171.059998,171.750000,168.899994,171.369995,158831500,https://finance.yahoo.com/quote/NVDA/history
2025-07-17,172.020004,174.160004,170.830002,173.000000,160841100,https://finance.yahoo.com/quote/NVDA/history
2025-07-18,173.639999,174.250000,171.259995,172.410004,146456400,https://finance.yahoo.com/quote/NVDA/history
2025-07-21,172.750000,173.380005,171.000000,171.380005,123126100,https://finance.yahoo.com/quote/NVDA/history
2025-07-22,171.339996,171.389999,164.580002,167.029999,193114300,https://finance.yahoo.com/quote/NVDA/history
2025-07-23,169.529999,171.259995,167.970001,170.779999,154082200,https://finance.yahoo.com/quote/NVDA/history
2025-07-24,172.440002,173.830002,171.300003,173.740005,128984600,https://finance.yahoo.com/quote/NVDA/history
2025-07-25,173.610001,174.720001,172.960007,173.500000,122316800,https://finance.yahoo.com/quote/NVDA/history
2025-07-28,174.020004,177.000000,173.970001,176.750000,140023500,https://finance.yahoo.com/quote/NVDA/history
2025-07-29,177.960007,179.380005,175.020004,175.509995,154077500,https://finance.yahoo.com/quote/NVDA/history
2025-07-30,176.509995,179.889999,176.039993,179.270004,174312200,https://finance.yahoo.com/quote/NVDA/history
2025-07-31,182.899994,183.300003,175.929993,177.869995,221685400,https://finance.yahoo.com/quote/NVDA/history
2025-08-01,174.089996,176.539993,170.889999,173.720001,204529000,https://finance.yahoo.com/quote/NVDA/history
2025-08-04,175.160004,180.199997,174.520004,180.000000,148174600,https://finance.yahoo.com/quote/NVDA/history
2025-08-05,179.619995,180.259995,175.899994,178.259995,156407600,https://finance.yahoo.com/quote/NVDA/history
2025-08-06,176.330002,179.899994,176.250000,179.419998,137192300,https://finance.yahoo.com/quote/NVDA/history
2025-08-07,181.570007,183.880005,178.800003,180.770004,151878400,https://finance.yahoo.com/quote/NVDA/history
2025-08-08,181.550003,183.300003,180.399994,182.699997,123396700,https://finance.yahoo.com/quote/NVDA/history
2025-08-11,182.050003,183.839996,180.250000,182.059998,138323200,https://finance.yahoo.com/quote/NVDA/history
2025-08-12,182.960007,184.479996,179.460007,183.160004,145485700,https://finance.yahoo.com/quote/NVDA/history
2025-08-13,182.619995,183.970001,179.350006,181.589996,179871700,https://finance.yahoo.com/quote/NVDA/history
2025-08-14,179.750000,183.020004,179.460007,182.020004,129554000,https://finance.yahoo.com/quote/NVDA/history
2025-08-15,181.880005,181.899994,178.039993,180.449997,156602200,https://finance.yahoo.com/quote/NVDA/history
2025-08-18,180.600006,182.940002,180.589996,182.009995,132008000,https://finance.yahoo.com/quote/NVDA/history
2025-08-19,182.429993,182.500000,175.490005,175.639999,185229200,https://finance.yahoo.com/quote/NVDA/history
2025-08-20,175.169998,176.000000,168.800003,175.399994,215142700,https://finance.yahoo.com/quote/NVDA/history
2025-08-21,174.850006,176.899994,173.809998,174.979996,140040900,https://finance.yahoo.com/quote/NVDA/history
2025-08-22,172.610001,178.589996,171.199997,177.990005,172789400,https://finance.yahoo.com/quote/NVDA/history
2025-08-25,178.350006,181.910004,176.570007,179.809998,163012800,https://finance.yahoo.com/quote/NVDA/history
2025-08-26,180.059998,182.389999,178.809998,181.770004,168688200,https://finance.yahoo.com/quote/NVDA/history
2025-08-27,181.979996,182.490005,179.100006,181.600006,235518900,https://finance.yahoo.com/quote/NVDA/history
2025-08-28,180.820007,184.470001,176.410004,180.169998,281787800,https://finance.yahoo.com/quote/NVDA/history
2025-08-29,178.110001,178.149994,173.149994,174.179993,243257900,https://finance.yahoo.com/quote/NVDA/history
2025-09-02,170.000000,172.380005,167.220001,170.779999,231164900,https://finance.yahoo.com/quote/NVDA/history
2025-09-03,171.059998,172.410004,168.880005,170.619995,164424900,https://finance.yahoo.com/quote/NVDA/history
2025-09-04,170.570007,171.860001,169.410004,171.660004,141670100,https://finance.yahoo.com/quote/NVDA/history
2025-09-05,168.029999,169.029999,164.070007,167.020004,224441400,https://finance.yahoo.com/quote/NVDA/history
2025-09-08,167.550003,170.960007,167.350006,168.309998,163769100,https://finance.yahoo.com/quote/NVDA/history
2025-09-09,169.089996,170.979996,166.740005,170.759995,157548400,https://finance.yahoo.com/quote/NVDA/history
2025-09-10,176.639999,179.289993,175.470001,177.330002,226852000,https://finance.yahoo.com/quote/NVDA/history
2025-09-11,179.679993,180.279999,176.479996,177.169998,151159300,https://finance.yahoo.com/quote/NVDA/history
2025-09-12,177.770004,178.600006,176.449997,177.820007,124911000,https://finance.yahoo.com/quote/NVDA/history
2025-09-15,175.669998,178.850006,174.509995,177.750000,147061600,https://finance.yahoo.com/quote/NVDA/history
2025-09-16,177.000000,177.500000,174.380005,174.880005,140737800,https://finance.yahoo.com/quote/NVDA/history
2025-09-17,172.639999,173.199997,168.410004,170.289993,211843800,https://finance.yahoo.com/quote/NVDA/history
2025-09-18,173.979996,177.100006,172.960007,176.240005,191763300,https://finance.yahoo.com/quote/NVDA/history
2025-09-19,175.770004,178.080002,175.179993,176.669998,237182100,https://finance.yahoo.com/quote/NVDA/history
2025-09-22,175.300003,184.550003,174.710007,183.610001,269637000,https://finance.yahoo.com/quote/NVDA/history
2025-09-23,181.970001,182.419998,176.210007,178.429993,192559600,https://finance.yahoo.com/quote/NVDA/history
2025-09-24,179.770004,179.779999,175.399994,176.970001,143564100,https://finance.yahoo.com/quote/NVDA/history
2025-09-25,174.479996,180.259995,173.130005,177.690002,191586700,https://finance.yahoo.com/quote/NVDA/history
2025-09-26,178.169998,179.770004,174.929993,178.190002,148573700,https://finance.yahoo.com/quote/NVDA/history
2025-09-29,180.429993,184.000000,180.320007,181.850006,193063500,https://finance.yahoo.com/quote/NVDA/history
2025-09-30,182.080002,187.350006,181.479996,186.580002,236981000,https://finance.yahoo.com/quote/NVDA/history
2025-10-01,185.240005,188.139999,183.899994,187.240005,173844900,https://finance.yahoo.com/quote/NVDA/history
2025-10-02,189.600006,191.050003,188.059998,188.889999,136805800,https://finance.yahoo.com/quote/NVDA/history
2025-10-03,189.190002,190.360001,185.380005,187.619995,137596900,https://finance.yahoo.com/quote/NVDA/history
2025-10-06,185.500000,187.229996,183.330002,185.539993,157678100,https://finance.yahoo.com/quote/NVDA/history
2025-10-07,186.229996,189.059998,184.000000,185.039993,140088000,https://finance.yahoo.com/quote/NVDA/history
2025-10-08,186.570007,189.600006,186.539993,189.110001,130168900,https://finance.yahoo.com/quote/NVDA/history
2025-10-09,192.229996,195.300003,191.059998,192.570007,182997200,https://finance.yahoo.com/quote/NVDA/history
2025-10-10,193.509995,195.619995,182.050003,183.160004,268774400,https://finance.yahoo.com/quote/NVDA/history
2025-10-13,187.970001,190.110001,185.960007,188.320007,153482800,https://finance.yahoo.com/quote/NVDA/history
2025-10-14,184.770004,184.800003,179.699997,180.029999,205641400,https://finance.yahoo.com/quote/NVDA/history
2025-10-15,184.800003,184.869995,177.289993,179.830002,214450500,https://finance.yahoo.com/quote/NVDA/history
2025-10-16,182.229996,183.279999,179.770004,181.809998,179723300,https://finance.yahoo.com/quote/NVDA/history
2025-10-17,180.179993,184.100006,179.750000,183.220001,173135200,https://finance.yahoo.com/quote/NVDA/history
2025-10-20,183.130005,185.199997,181.729996,182.639999,128544700,https://finance.yahoo.com/quote/NVDA/history
2025-10-21,182.789993,182.789993,179.800003,181.160004,124240200,https://finance.yahoo.com/quote/NVDA/history
2025-10-22,181.139999,183.440002,176.759995,180.279999,162249600,https://finance.yahoo.com/quote/NVDA/history
2025-10-23,180.419998,183.029999,179.789993,182.160004,111363700,https://finance.yahoo.com/quote/NVDA/history
2025-10-24,183.839996,187.470001,183.500000,186.259995,131296700,https://finance.yahoo.com/quote/NVDA/history
2025-10-27,189.990005,192.000000,188.429993,191.490005,153452700,https://finance.yahoo.com/quote/NVDA/history
2025-10-28,193.050003,203.149994,191.910004,201.029999,297986200,https://finance.yahoo.com/quote/NVDA/history
2025-10-29,207.979996,212.190002,204.779999,207.039993,308829600,https://finance.yahoo.com/quote/NVDA/history
2025-10-30,205.149994,206.160004,201.410004,202.889999,178864400,https://finance.yahoo.com/quote/NVDA/history
2025-10-31,206.449997,207.970001,202.070007,202.490005,179802200,https://finance.yahoo.com/quote/NVDA/history
2025-11-03,208.080002,211.339996,205.559998,206.880005,180267300,https://finance.yahoo.com/quote/NVDA/history
2025-11-04,203.000000,203.970001,197.929993,198.690002,188919300,https://finance.yahoo.com/quote/NVDA/history
2025-11-05,198.770004,202.919998,194.649994,195.210007,171350300,https://finance.yahoo.com/quote/NVDA/history
2025-11-06,196.419998,197.619995,186.380005,188.080002,223029800,https://finance.yahoo.com/quote/NVDA/history
2025-11-07,184.899994,188.320007,178.910004,188.149994,264942300,https://finance.yahoo.com/quote/NVDA/history
2025-11-10,195.110001,199.940002,193.789993,199.050003,198897100,https://finance.yahoo.com/quote/NVDA/history
2025-11-11,195.160004,195.419998,191.300003,193.160004,176483300,https://finance.yahoo.com/quote/NVDA/history
2025-11-12,195.720001,195.889999,191.130005,193.800003,154935300,https://finance.yahoo.com/quote/NVDA/history
2025-11-13,191.050003,191.440002,183.850006,186.860001,207423100,https://finance.yahoo.com/quote/NVDA/history
2025-11-14,182.860001,191.009995,180.580002,190.169998,186591900,https://finance.yahoo.com/quote/NVDA/history
2025-11-17,185.970001,189.000000,184.320007,186.600006,173628900,https://finance.yahoo.com/quote/NVDA/history
2025-11-18,183.380005,184.800003,179.649994,181.360001,213598900,https://finance.yahoo.com/quote/NVDA/history
2025-11-19,184.789993,187.860001,182.830002,186.520004,247246400,https://finance.yahoo.com/quote/NVDA/history
2025-11-20,195.949997,196.000000,179.850006,180.639999,343504800,https://finance.yahoo.com/quote/NVDA/history
2025-11-21,181.240005,184.559998,172.929993,178.880005,346926200,https://finance.yahoo.com/quote/NVDA/history
2025-11-24,179.490005,183.500000,176.479996,182.550003,256618300,https://finance.yahoo.com/quote/NVDA/history
2025-11-25,174.910004,178.160004,169.550003,177.820007,320600300,https://finance.yahoo.com/quote/NVDA/history
2025-11-26,181.630005,182.910004,178.240005,180.259995,183852000,https://finance.yahoo.com/quote/NVDA/history
2025-11-28,179.009995,179.289993,176.500000,177.000000,121332800,https://finance.yahoo.com/quote/NVDA/history
2025-12-01,174.759995,180.300003,173.679993,179.919998,188131000,https://finance.yahoo.com/quote/NVDA/history
2025-12-02,181.759995,185.660004,180.000000,181.460007,182632200,https://finance.yahoo.com/quote/NVDA/history
2025-12-03,181.080002,182.449997,179.110001,179.589996,165138000,https://finance.yahoo.com/quote/NVDA/history
2025-12-04,181.619995,184.520004,179.960007,183.380005,167364900,https://finance.yahoo.com/quote/NVDA/history
2025-12-05,183.889999,184.660004,180.910004,182.410004,143971100,https://finance.yahoo.com/quote/NVDA/history
2025-12-08,182.639999,188.000000,182.399994,185.550003,204378100,https://finance.yahoo.com/quote/NVDA/history
2025-12-09,185.559998,185.720001,183.320007,184.970001,144719700,https://finance.yahoo.com/quote/NVDA/history
2025-12-10,184.970001,185.479996,182.039993,183.779999,162785400,https://finance.yahoo.com/quote/NVDA/history
2025-12-11,180.279999,181.320007,176.619995,180.929993,182136600,https://finance.yahoo.com/quote/NVDA/history
2025-12-12,181.110001,182.820007,174.619995,175.020004,204274900,https://finance.yahoo.com/quote/NVDA/history
2025-12-15,177.940002,178.419998,175.029999,176.289993,164775600,https://finance.yahoo.com/quote/NVDA/history
2025-12-16,176.259995,178.490005,174.899994,177.720001,148588100,https://finance.yahoo.com/quote/NVDA/history
2025-12-17,176.100006,176.130005,170.309998,170.940002,222775500,https://finance.yahoo.com/quote/NVDA/history
2025-12-18,174.529999,176.149994,171.820007,174.139999,176096000,https://finance.yahoo.com/quote/NVDA/history
2025-12-19,176.669998,181.449997,176.339996,180.990005,324925900,https://finance.yahoo.com/quote/NVDA/history
2025-12-22,183.919998,184.160004,182.350006,183.690002,129064400,https://finance.yahoo.com/quote/NVDA/history
2025-12-23,182.970001,189.330002,182.899994,189.210007,174873600,https://finance.yahoo.com/quote/NVDA/history
2025-12-24,187.940002,188.910004,186.589996,188.610001,65528500,https://finance.yahoo.com/quote/NVDA/history
2025-12-26,189.919998,192.690002,188.000000,190.529999,139740300,https://finance.yahoo.com/quote/NVDA/history
2025-12-29,187.710007,188.759995,185.910004,188.220001,120006100,https://finance.yahoo.com/quote/NVDA/history
2025-12-30,188.240005,188.990005,186.929993,187.539993,97687300,https://finance.yahoo.com/quote/NVDA/history
2025-12-31,189.570007,190.559998,186.490005,186.500000,120100500,https://finance.yahoo.com/quote/NVDA/history
2026-01-02,189.839996,192.929993,188.259995,188.850006,148240500,https://finance.yahoo.com/quote/NVDA/history
2026-01-05,191.759995,193.630005,186.149994,188.119995,183529700,https://finance.yahoo.com/quote/NVDA/history
2026-01-06,190.520004,192.169998,186.820007,187.240005,176862600,https://finance.yahoo.com/quote/NVDA/history
2026-01-07,188.570007,191.369995,186.559998,189.110001,153543200,https://finance.yahoo.com/quote/NVDA/history
2026-01-08,189.110001,189.550003,183.710007,185.039993,172457000,https://finance.yahoo.com/quote/NVDA/history
2026-01-09,185.080002,186.339996,183.669998,184.860001,131327500,https://finance.yahoo.com/quote/NVDA/history
2026-01-12,183.220001,187.119995,183.020004,184.940002,137968500,https://finance.yahoo.com/quote/NVDA/history
2026-01-13,185.000000,188.110001,183.399994,185.809998,160128900,https://finance.yahoo.com/quote/NVDA/history
2026-01-14,184.320007,184.460007,180.800003,183.139999,159586100,https://finance.yahoo.com/quote/NVDA/history
2026-01-15,186.500000,189.699997,186.330002,187.050003,206188600,https://finance.yahoo.com/quote/NVDA/history
2026-01-16,189.080002,190.440002,186.080002,186.229996,187967200,https://finance.yahoo.com/quote/NVDA/history
2026-01-20,181.899994,182.380005,177.610001,178.070007,223345300,https://finance.yahoo.com/quote/NVDA/history
2026-01-21,179.050003,185.380005,178.399994,183.320007,200381000,https://finance.yahoo.com/quote/NVDA/history
2026-01-22,184.750000,186.169998,183.929993,184.839996,139636600,https://finance.yahoo.com/quote/NVDA/history
2026-01-23,187.500000,189.600006,186.820007,187.669998,142748100,https://finance.yahoo.com/quote/NVDA/history
2026-01-26,187.160004,189.119995,185.990005,186.470001,124799600,https://finance.yahoo.com/quote/NVDA/history
2026-01-27,187.240005,190.000000,185.699997,188.520004,143711600,https://finance.yahoo.com/quote/NVDA/history
2026-01-28,191.270004,192.350006,189.839996,191.520004,148552700,https://finance.yahoo.com/quote/NVDA/history
2026-01-29,191.339996,193.479996,186.059998,192.509995,171764400,https://finance.yahoo.com/quote/NVDA/history
2026-01-30,191.210007,194.490005,189.470001,191.130005,179489500,https://finance.yahoo.com/quote/NVDA/history
2026-02-02,187.199997,190.300003,184.880005,185.610001,165794100,https://finance.yahoo.com/quote/NVDA/history
2026-02-03,186.240005,186.270004,176.229996,180.339996,204019600,https://finance.yahoo.com/quote/NVDA/history
2026-02-04,179.460007,179.580002,171.910004,174.190002,207014100,https://finance.yahoo.com/quote/NVDA/history
2026-02-05,174.929993,176.820007,171.029999,171.880005,206312900,https://finance.yahoo.com/quote/NVDA/history
2026-02-06,176.690002,187.000000,174.600006,185.410004,231346200,https://finance.yahoo.com/quote/NVDA/history
2026-02-09,184.259995,193.660004,183.949997,190.039993,196387400,https://finance.yahoo.com/quote/NVDA/history
2026-02-10,191.380005,192.479996,188.119995,188.539993,136764800,https://finance.yahoo.com/quote/NVDA/history
2026-02-11,192.449997,193.259995,188.770004,190.050003,144192700,https://finance.yahoo.com/quote/NVDA/history
2026-02-12,193.029999,193.610001,186.509995,186.940002,189932500,https://finance.yahoo.com/quote/NVDA/history
2026-02-13,187.479996,187.500000,181.589996,182.809998,161888000,https://finance.yahoo.com/quote/NVDA/history
2026-02-17,181.750000,187.149994,179.179993,184.970001,162276900,https://finance.yahoo.com/quote/NVDA/history
2026-02-18,188.750000,190.369995,186.759995,187.979996,164749100,https://finance.yahoo.com/quote/NVDA/history
2026-02-19,187.059998,188.429993,185.660004,187.899994,126554500,https://finance.yahoo.com/quote/NVDA/history
2026-02-20,186.570007,190.330002,185.940002,189.820007,178422300,https://finance.yahoo.com/quote/NVDA/history
2026-02-23,191.399994,193.949997,189.580002,191.550003,171584800,https://finance.yahoo.com/quote/NVDA/history
2026-02-24,191.490005,193.770004,187.399994,192.850006,175123600,https://finance.yahoo.com/quote/NVDA/history
2026-02-25,194.449997,197.630005,193.789993,195.559998,250637100,https://finance.yahoo.com/quote/NVDA/history
2026-02-26,194.270004,194.289993,184.320007,184.889999,360807900,https://finance.yahoo.com/quote/NVDA/history
2026-02-27,181.250000,182.589996,176.380005,177.190002,311636500,https://finance.yahoo.com/quote/NVDA/history
2026-03-02,175.009995,183.460007,174.639999,182.479996,209095300,https://finance.yahoo.com/quote/NVDA/history
2026-03-03,178.490005,180.899994,176.919998,180.050003,178099400,https://finance.yahoo.com/quote/NVDA/history
2026-03-04,180.440002,184.699997,180.059998,183.039993,177731200,https://finance.yahoo.com/quote/NVDA/history
2026-03-05,181.169998,184.059998,177.880005,183.339996,198779700,https://finance.yahoo.com/quote/NVDA/history
2026-03-06,179.839996,182.759995,176.820007,177.820007,189021900,https://finance.yahoo.com/quote/NVDA/history
2026-03-09,176.830002,182.910004,175.559998,182.649994,177213600,https://finance.yahoo.com/quote/NVDA/history
2026-03-10,182.399994,186.440002,182.009995,184.770004,179118500,https://finance.yahoo.com/quote/NVDA/history
2026-03-11,185.910004,187.619995,184.449997,186.029999,145280400,https://finance.yahoo.com/quote/NVDA/history
2026-03-12,184.050003,184.940002,181.750000,183.139999,155762700,https://finance.yahoo.com/quote/NVDA/history
2026-03-13,184.919998,186.089996,179.940002,180.250000,160988400,https://finance.yahoo.com/quote/NVDA/history
2026-03-16,182.970001,188.880005,181.410004,183.220001,217307400,https://finance.yahoo.com/quote/NVDA/history
2026-03-17,185.059998,185.399994,181.679993,181.929993,182497800,https://finance.yahoo.com/quote/NVDA/history
2026-03-18,182.479996,183.380005,180.330002,180.399994,156683100,https://finance.yahoo.com/quote/NVDA/history
2026-03-19,178.009995,179.979996,175.789993,178.559998,170968500,https://finance.yahoo.com/quote/NVDA/history
2026-03-20,178.000000,178.259995,171.720001,172.699997,241323500,https://finance.yahoo.com/quote/NVDA/history
2026-03-23,177.259995,178.369995,174.759995,175.639999,182836300,https://finance.yahoo.com/quote/NVDA/history
2026-03-24,174.830002,176.220001,173.979996,175.199997,147667800,https://finance.yahoo.com/quote/NVDA/history
2026-03-25,177.100006,181.220001,176.850006,178.679993,162602100,https://finance.yahoo.com/quote/NVDA/history
2026-03-26,176.070007,176.509995,171.139999,171.240005,186152200,https://finance.yahoo.com/quote/NVDA/history
2026-03-27,170.000000,170.970001,167.009995,167.520004,196212700,https://finance.yahoo.com/quote/NVDA/history
2026-03-30,168.779999,169.449997,164.270004,165.169998,185627000,https://finance.yahoo.com/quote/NVDA/history
2026-03-31,166.970001,174.619995,166.960007,174.399994,226181300,https://finance.yahoo.com/quote/NVDA/history
2026-04-01,176.000000,177.369995,174.750000,175.750000,168132000,https://finance.yahoo.com/quote/NVDA/history
2026-04-02,172.179993,177.490005,171.369995,177.389999,143143200,https://finance.yahoo.com/quote/NVDA/history
2026-04-06,177.160004,177.789993,175.759995,177.639999,107564300,https://finance.yahoo.com/quote/NVDA/history
2026-04-07,175.729996,178.229996,173.660004,178.100006,132534900,https://finance.yahoo.com/quote/NVDA/history
2026-04-08,184.500000,185.259995,180.300003,182.080002,147732700,https://finance.yahoo.com/quote/NVDA/history
2026-04-09,181.839996,184.080002,180.619995,183.910004,116428500,https://finance.yahoo.com/quote/NVDA/history
2026-04-10,184.309998,190.000000,184.300003,188.630005,160459500,https://finance.yahoo.com/quote/NVDA/history
2026-04-13,186.029999,189.660004,185.740005,189.309998,133648200,https://finance.yahoo.com/quote/NVDA/history
2026-04-14,190.839996,196.509995,190.770004,196.509995,161307000,https://finance.yahoo.com/quote/NVDA/history
2026-04-15,196.539993,200.399994,195.740005,198.869995,185338400,https://finance.yahoo.com/quote/NVDA/history
2026-04-16,197.429993,199.850006,195.809998,198.350006,134012900,https://finance.yahoo.com/quote/NVDA/history
2026-04-17,199.899994,201.699997,199.270004,201.679993,160324400,https://finance.yahoo.com/quote/NVDA/history
2026-04-20,199.979996,202.169998,197.839996,202.059998,119381400,https://finance.yahoo.com/quote/NVDA/history
2026-04-21,202.130005,202.750000,199.000000,199.880005,107945300,https://finance.yahoo.com/quote/NVDA/history
2026-04-22,200.990005,202.500000,199.000000,202.500000,107501000,https://finance.yahoo.com/quote/NVDA/history
2026-04-23,202.460007,203.830002,197.220001,199.639999,113561800,https://finance.yahoo.com/quote/NVDA/history
2026-04-24,199.960007,210.949997,199.809998,208.270004,214134400,https://finance.yahoo.com/quote/NVDA/history
2026-04-27,209.649994,216.830002,207.380005,216.610001,187172400,https://finance.yahoo.com/quote/NVDA/history
2026-04-28,209.490005,214.729996,208.199997,213.169998,180275400,https://finance.yahoo.com/quote/NVDA/history
2026-04-29,212.699997,212.720001,207.580002,209.250000,123711800,https://finance.yahoo.com/quote/NVDA/history
2026-04-30,209.929993,210.300003,198.699997,199.570007,225239200,https://finance.yahoo.com/quote/NVDA/history
2026-05-01,201.279999,203.000000,197.119995,198.449997,128647000,https://finance.yahoo.com/quote/NVDA/history
2026-05-04,199.500000,201.729996,194.740005,198.479996,125368100,https://finance.yahoo.com/quote/NVDA/history
2026-05-05,199.300003,200.240005,196.029999,196.500000,113406600,https://finance.yahoo.com/quote/NVDA/history
2026-05-06,199.889999,208.270004,198.610001,207.830002,187742500,https://finance.yahoo.com/quote/NVDA/history
