observation_date,open,high,low,close,volume,source
2016-05-02,7106.350098,7124.259766,6980.180176,7053.879883,125800,https://finance.yahoo.com/quote/PSEI.PS/history
2016-05-03,7064.459961,7098.479980,7046.569824,7046.569824,118600,https://finance.yahoo.com/quote/PSEI.PS/history
2016-05-04,7049.640137,7081.859863,6982.319824,7081.859863,81400,https://finance.yahoo.com/quote/PSEI.PS/history
2016-05-05,7007.629883,7011.279785,6986.859863,6999.750000,105100,https://finance.yahoo.com/quote/PSEI.PS/history
2016-05-06,6976.359863,7003.029785,6961.649902,6991.870117,133000,https://finance.yahoo.com/quote/PSEI.PS/history
2016-05-10,6966.350098,7174.879883,6941.419922,7174.879883,228000,https://finance.yahoo.com/quote/PSEI.PS/history
2016-05-11,7227.549805,7423.520020,7227.549805,7396.520020,290800,https://finance.yahoo.com/quote/PSEI.PS/history
2016-05-12,7399.790039,7399.790039,7310.100098,7325.040039,156600,https://finance.yahoo.com/quote/PSEI.PS/history
2016-05-13,7368.930176,7517.950195,7352.029785,7436.790039,270000,https://finance.yahoo.com/quote/PSEI.PS/history
2016-05-16,7382.430176,7527.109863,7382.430176,7511.740234,178900,https://finance.yahoo.com/quote/PSEI.PS/history
2016-05-17,7525.609863,7568.819824,7513.399902,7524.839844,212100,https://finance.yahoo.com/quote/PSEI.PS/history
2016-05-18,7531.580078,7542.830078,7487.680176,7534.299805,193200,https://finance.yahoo.com/quote/PSEI.PS/history
2016-05-19,7539.250000,7539.250000,7427.330078,7427.330078,122500,https://finance.yahoo.com/quote/PSEI.PS/history
2016-05-20,7390.910156,7395.600098,7295.279785,7299.029785,110700,https://finance.yahoo.com/quote/PSEI.PS/history
2016-05-23,7320.649902,7351.069824,7306.689941,7306.689941,94300,https://finance.yahoo.com/quote/PSEI.PS/history
2016-05-24,7309.029785,7363.959961,7304.560059,7356.720215,121300,https://finance.yahoo.com/quote/PSEI.PS/history
2016-05-25,7396.000000,7466.720215,7396.000000,7463.950195,0,https://finance.yahoo.com/quote/PSEI.PS/history
2016-05-26,7438.890137,7454.509766,7354.169922,7376.379883,113100,https://finance.yahoo.com/quote/PSEI.PS/history
2016-05-27,7393.870117,7430.930176,7373.959961,7411.680176,152600,https://finance.yahoo.com/quote/PSEI.PS/history
2016-05-30,7409.009766,7465.229980,7409.009766,7464.339844,116400,https://finance.yahoo.com/quote/PSEI.PS/history
2016-05-31,7478.890137,7519.169922,7401.600098,7401.600098,206400,https://finance.yahoo.com/quote/PSEI.PS/history
2016-06-01,7447.270020,7507.470215,7434.549805,7500.790039,126200,https://finance.yahoo.com/quote/PSEI.PS/history
2016-06-02,7506.779785,7553.600098,7464.589844,7464.589844,138900,https://finance.yahoo.com/quote/PSEI.PS/history
2016-06-03,7511.709961,7533.479980,7497.529785,7514.220215,129100,https://finance.yahoo.com/quote/PSEI.PS/history
2016-06-06,7549.870117,7606.850098,7535.509766,7598.220215,0,https://finance.yahoo.com/quote/PSEI.PS/history
2016-06-07,7645.350098,7744.540039,7634.379883,7710.540039,264400,https://finance.yahoo.com/quote/PSEI.PS/history
2016-06-08,7724.259766,7792.339844,7722.790039,7722.790039,190000,https://finance.yahoo.com/quote/PSEI.PS/history
2016-06-09,7725.549805,7725.549805,7536.649902,7536.649902,105800,https://finance.yahoo.com/quote/PSEI.PS/history
2016-06-10,7567.740234,7616.939941,7509.939941,7509.939941,150800,https://finance.yahoo.com/quote/PSEI.PS/history
2016-06-13,7510.310059,7554.399902,7407.220215,7554.399902,161000,https://finance.yahoo.com/quote/PSEI.PS/history
2016-06-14,7516.680176,7516.680176,7414.370117,7460.120117,105900,https://finance.yahoo.com/quote/PSEI.PS/history
2016-06-15,7455.109863,7521.600098,7451.560059,7501.649902,117700,https://finance.yahoo.com/quote/PSEI.PS/history
2016-06-16,7516.080078,7576.819824,7513.419922,7564.470215,116700,https://finance.yahoo.com/quote/PSEI.PS/history
2016-06-17,7607.950195,7656.330078,7607.950195,7622.069824,123500,https://finance.yahoo.com/quote/PSEI.PS/history
2016-06-20,7632.100098,7678.080078,7624.080078,7665.330078,147600,https://finance.yahoo.com/quote/PSEI.PS/history
2016-06-21,7701.899902,7781.169922,7700.689941,7767.229980,208500,https://finance.yahoo.com/quote/PSEI.PS/history
2016-06-22,7767.439941,7777.600098,7756.370117,7756.370117,162000,https://finance.yahoo.com/quote/PSEI.PS/history
2016-06-23,7761.379883,7763.049805,7711.560059,7729.779785,139400,https://finance.yahoo.com/quote/PSEI.PS/history
2016-06-24,7771.750000,7813.580078,7538.180176,7629.720215,216600,https://finance.yahoo.com/quote/PSEI.PS/history
2016-06-27,7571.330078,7715.899902,7488.509766,7715.899902,152900,https://finance.yahoo.com/quote/PSEI.PS/history
2016-06-28,7711.879883,7711.879883,7651.339844,7666.689941,93900,https://finance.yahoo.com/quote/PSEI.PS/history
2016-06-29,7715.399902,7798.529785,7714.180176,7798.529785,139900,https://finance.yahoo.com/quote/PSEI.PS/history
2016-06-30,7819.140137,7980.750000,7768.439941,7796.250000,298700,https://finance.yahoo.com/quote/PSEI.PS/history
2016-07-01,7811.200195,7878.520020,7811.200195,7830.350098,137400,https://finance.yahoo.com/quote/PSEI.PS/history
2016-07-04,7856.669922,7879.660156,7832.129883,7846.540039,118700,https://finance.yahoo.com/quote/PSEI.PS/history
2016-07-05,7872.959961,7910.879883,7797.939941,7808.129883,194100,https://finance.yahoo.com/quote/PSEI.PS/history
2016-07-07,7816.259766,7818.669922,7748.870117,7753.459961,134100,https://finance.yahoo.com/quote/PSEI.PS/history
2016-07-08,7752.620117,7774.390137,7752.020020,7771.520020,177800,https://finance.yahoo.com/quote/PSEI.PS/history
2016-07-11,7830.500000,7890.560059,7827.509766,7865.270020,194400,https://finance.yahoo.com/quote/PSEI.PS/history
2016-07-12,7881.540039,7937.950195,7880.310059,7937.950195,232000,https://finance.yahoo.com/quote/PSEI.PS/history
2016-07-13,7951.049805,8005.729980,7944.020020,7944.020020,305500,https://finance.yahoo.com/quote/PSEI.PS/history
2016-07-14,7953.390137,7964.069824,7905.879883,7956.140137,141700,https://finance.yahoo.com/quote/PSEI.PS/history
2016-07-15,7968.629883,8037.410156,7968.629883,8030.060059,180000,https://finance.yahoo.com/quote/PSEI.PS/history
2016-07-18,8024.479980,8024.479980,7969.350098,7986.250000,83500,https://finance.yahoo.com/quote/PSEI.PS/history
2016-07-19,8001.120117,8036.009766,7999.069824,8036.009766,140400,https://finance.yahoo.com/quote/PSEI.PS/history
2016-07-20,8034.759766,8051.970215,8023.279785,8051.970215,110000,https://finance.yahoo.com/quote/PSEI.PS/history
2016-07-21,8050.259766,8102.299805,8023.310059,8102.299805,165100,https://finance.yahoo.com/quote/PSEI.PS/history
2016-07-22,8103.450195,8118.439941,8025.350098,8025.350098,136200,https://finance.yahoo.com/quote/PSEI.PS/history
2016-07-25,8065.540039,8114.339844,8038.109863,8049.129883,148100,https://finance.yahoo.com/quote/PSEI.PS/history
2016-07-26,8061.959961,8092.959961,8024.540039,8024.540039,167100,https://finance.yahoo.com/quote/PSEI.PS/history
2016-07-27,8046.069824,8100.479980,8044.919922,8100.479980,172200,https://finance.yahoo.com/quote/PSEI.PS/history
2016-07-28,8107.229980,8107.229980,7977.290039,8024.979980,0,https://finance.yahoo.com/quote/PSEI.PS/history
2016-07-29,8021.220215,8064.009766,7963.109863,7963.109863,127700,https://finance.yahoo.com/quote/PSEI.PS/history
2016-08-01,8006.720215,8078.979980,8006.720215,8069.810059,95500,https://finance.yahoo.com/quote/PSEI.PS/history
2016-08-02,8075.129883,8075.129883,8010.629883,8037.779785,135900,https://finance.yahoo.com/quote/PSEI.PS/history
2016-08-03,8027.270020,8027.270020,7848.729980,7888.439941,141200,https://finance.yahoo.com/quote/PSEI.PS/history
2016-08-04,7909.109863,7978.569824,7907.439941,7978.569824,107000,https://finance.yahoo.com/quote/PSEI.PS/history
2016-08-05,7986.319824,7987.169922,7955.669922,7970.350098,77700,https://finance.yahoo.com/quote/PSEI.PS/history
2016-08-08,7990.149902,7993.580078,7957.040039,7993.580078,125500,https://finance.yahoo.com/quote/PSEI.PS/history
2016-08-09,8012.759766,8064.020020,8006.939941,8055.060059,187500,https://finance.yahoo.com/quote/PSEI.PS/history
2016-08-10,8053.419922,8059.029785,8019.640137,8051.399902,159400,https://finance.yahoo.com/quote/PSEI.PS/history
2016-08-11,8058.879883,8058.879883,7970.970215,7981.350098,209400,https://finance.yahoo.com/quote/PSEI.PS/history
2016-08-12,8020.839844,8030.939941,7932.879883,7955.859863,180900,https://finance.yahoo.com/quote/PSEI.PS/history
2016-08-15,7949.640137,7960.169922,7894.560059,7960.169922,155700,https://finance.yahoo.com/quote/PSEI.PS/history
2016-08-16,7969.229980,7983.379883,7944.390137,7983.379883,165900,https://finance.yahoo.com/quote/PSEI.PS/history
2016-08-17,7999.810059,8002.279785,7930.390137,7946.189941,188100,https://finance.yahoo.com/quote/PSEI.PS/history
2016-08-18,7948.299805,7993.959961,7936.299805,7952.810059,124700,https://finance.yahoo.com/quote/PSEI.PS/history
2016-08-19,7959.500000,7964.859863,7916.669922,7930.750000,167000,https://finance.yahoo.com/quote/PSEI.PS/history
2016-08-22,7938.609863,7981.209961,7934.979980,7981.209961,107700,https://finance.yahoo.com/quote/PSEI.PS/history
2016-08-23,7963.100098,7966.330078,7912.950195,7935.180176,117300,https://finance.yahoo.com/quote/PSEI.PS/history
2016-08-24,7938.700195,7938.700195,7830.410156,7866.129883,162700,https://finance.yahoo.com/quote/PSEI.PS/history
2016-08-25,7870.430176,7870.430176,7839.600098,7854.540039,141100,https://finance.yahoo.com/quote/PSEI.PS/history
2016-08-26,7849.609863,7849.609863,7804.279785,7845.490234,195700,https://finance.yahoo.com/quote/PSEI.PS/history
2016-08-30,7863.149902,7863.149902,7719.140137,7794.930176,236300,https://finance.yahoo.com/quote/PSEI.PS/history
2016-08-31,7770.790039,7802.810059,7707.379883,7787.370117,223600,https://finance.yahoo.com/quote/PSEI.PS/history
2016-09-01,7775.779785,7780.390137,7646.299805,7773.310059,224900,https://finance.yahoo.com/quote/PSEI.PS/history
2016-09-02,7769.919922,7829.700195,7769.919922,7807.419922,122600,https://finance.yahoo.com/quote/PSEI.PS/history
2016-09-05,7780.140137,7807.930176,7747.060059,7764.049805,94000,https://finance.yahoo.com/quote/PSEI.PS/history
2016-09-06,7769.689941,7771.750000,7697.410156,7719.180176,127900,https://finance.yahoo.com/quote/PSEI.PS/history
2016-09-07,7723.140137,7723.140137,7597.319824,7619.100098,295200,https://finance.yahoo.com/quote/PSEI.PS/history
2016-09-08,7588.779785,7667.620117,7536.069824,7667.069824,197000,https://finance.yahoo.com/quote/PSEI.PS/history
2016-09-09,7678.750000,7678.899902,7581.790039,7581.790039,113700,https://finance.yahoo.com/quote/PSEI.PS/history
2016-09-13,7569.990234,7571.009766,7527.759766,7550.270020,138400,https://finance.yahoo.com/quote/PSEI.PS/history
2016-09-14,7526.299805,7546.009766,7493.640137,7546.009766,169800,https://finance.yahoo.com/quote/PSEI.PS/history
2016-09-15,7537.140137,7708.419922,7510.620117,7708.419922,114100,https://finance.yahoo.com/quote/PSEI.PS/history
2016-09-16,7683.669922,7683.669922,7549.319824,7553.759766,176200,https://finance.yahoo.com/quote/PSEI.PS/history
2016-09-19,7570.640137,7576.839844,7519.810059,7575.839844,86300,https://finance.yahoo.com/quote/PSEI.PS/history
2016-09-20,7590.189941,7671.720215,7590.189941,7671.720215,109000,https://finance.yahoo.com/quote/PSEI.PS/history
2016-09-21,7686.259766,7686.259766,7632.250000,7675.419922,123100,https://finance.yahoo.com/quote/PSEI.PS/history
2016-09-22,7714.049805,7770.370117,7712.290039,7762.350098,133600,https://finance.yahoo.com/quote/PSEI.PS/history
2016-09-23,7768.310059,7781.930176,7692.990234,7723.600098,115900,https://finance.yahoo.com/quote/PSEI.PS/history
2016-09-26,7715.319824,7715.319824,7615.450195,7632.459961,91100,https://finance.yahoo.com/quote/PSEI.PS/history
2016-09-27,7627.000000,7627.000000,7538.000000,7557.339844,122100,https://finance.yahoo.com/quote/PSEI.PS/history
2016-09-28,7559.299805,7603.810059,7554.939941,7586.959961,83800,https://finance.yahoo.com/quote/PSEI.PS/history
2016-09-29,7611.040039,7714.859863,7605.419922,7714.859863,186600,https://finance.yahoo.com/quote/PSEI.PS/history
2016-09-30,7709.770020,7709.770020,7629.729980,7629.729980,102200,https://finance.yahoo.com/quote/PSEI.PS/history
2016-10-03,7643.339844,7677.729980,7643.339844,7677.729980,78200,https://finance.yahoo.com/quote/PSEI.PS/history
2016-10-04,7670.220215,7719.240234,7666.399902,7719.240234,97300,https://finance.yahoo.com/quote/PSEI.PS/history
2016-10-05,7706.660156,7706.660156,7607.080078,7639.790039,80000,https://finance.yahoo.com/quote/PSEI.PS/history
2016-10-06,7635.750000,7642.709961,7609.009766,7620.160156,86000,https://finance.yahoo.com/quote/PSEI.PS/history
2016-10-07,7621.569824,7628.850098,7550.890137,7578.290039,147500,https://finance.yahoo.com/quote/PSEI.PS/history
2016-10-10,7584.459961,7586.359863,7523.970215,7534.709961,51000,https://finance.yahoo.com/quote/PSEI.PS/history
2016-10-11,7529.180176,7566.009766,7510.250000,7520.819824,103700,https://finance.yahoo.com/quote/PSEI.PS/history
2016-10-12,7494.649902,7495.490234,7393.509766,7429.819824,135600,https://finance.yahoo.com/quote/PSEI.PS/history
2016-10-13,7381.580078,7393.859863,7312.180176,7312.180176,198900,https://finance.yahoo.com/quote/PSEI.PS/history
2016-10-14,7321.709961,7403.810059,7321.709961,7389.299805,148000,https://finance.yahoo.com/quote/PSEI.PS/history
2016-10-17,7378.759766,7426.560059,7358.209961,7358.209961,111600,https://finance.yahoo.com/quote/PSEI.PS/history
2016-10-18,7361.939941,7571.149902,7357.149902,7571.149902,142900,https://finance.yahoo.com/quote/PSEI.PS/history
2016-10-19,7578.959961,7721.569824,7576.350098,7721.569824,178400,https://finance.yahoo.com/quote/PSEI.PS/history
2016-10-20,7705.459961,7720.029785,7656.990234,7713.319824,107200,https://finance.yahoo.com/quote/PSEI.PS/history
2016-10-21,7714.180176,7714.180176,7645.399902,7650.220215,69900,https://finance.yahoo.com/quote/PSEI.PS/history
2016-10-24,7593.359863,7614.580078,7571.439941,7609.310059,91300,https://finance.yahoo.com/quote/PSEI.PS/history
2016-10-25,7599.529785,7624.770020,7580.220215,7580.220215,87200,https://finance.yahoo.com/quote/PSEI.PS/history
2016-10-26,7542.359863,7546.870117,7478.549805,7494.410156,114400,https://finance.yahoo.com/quote/PSEI.PS/history
2016-10-27,7496.049805,7497.120117,7424.629883,7445.140137,117800,https://finance.yahoo.com/quote/PSEI.PS/history
2016-10-28,7442.919922,7447.609863,7317.720215,7404.799805,103000,https://finance.yahoo.com/quote/PSEI.PS/history
2016-11-02,7371.680176,7374.569824,7237.339844,7252.399902,149500,https://finance.yahoo.com/quote/PSEI.PS/history
2016-11-03,7230.370117,7252.549805,7129.100098,7160.910156,183100,https://finance.yahoo.com/quote/PSEI.PS/history
2016-11-04,7174.399902,7227.370117,7160.609863,7227.370117,130800,https://finance.yahoo.com/quote/PSEI.PS/history
2016-11-07,7201.899902,7232.180176,7164.899902,7197.189941,0,https://finance.yahoo.com/quote/PSEI.PS/history
2016-11-08,7307.799805,7307.799805,7307.799805,7307.799805,0,https://finance.yahoo.com/quote/PSEI.PS/history
2016-11-09,7325.410156,7329.240234,7038.189941,7119.040039,0,https://finance.yahoo.com/quote/PSEI.PS/history
2016-11-10,7232.500000,7254.270020,7172.649902,7181.870117,0,https://finance.yahoo.com/quote/PSEI.PS/history
2016-11-11,7146.089844,7153.500000,6971.580078,6975.089844,177800,https://finance.yahoo.com/quote/PSEI.PS/history
2016-11-14,6939.310059,6945.259766,6865.939941,6871.479980,0,https://finance.yahoo.com/quote/PSEI.PS/history
2016-11-15,6883.109863,6948.609863,6857.149902,6857.149902,0,https://finance.yahoo.com/quote/PSEI.PS/history
2016-11-16,6900.899902,7001.359863,6900.899902,6966.279785,0,https://finance.yahoo.com/quote/PSEI.PS/history
2016-11-17,6999.379883,7115.759766,6993.660156,7050.120117,0,https://finance.yahoo.com/quote/PSEI.PS/history
2016-11-18,7071.240234,7082.600098,7037.580078,7067.729980,67200,https://finance.yahoo.com/quote/PSEI.PS/history
2016-11-21,7073.120117,7084.720215,6947.609863,6979.060059,0,https://finance.yahoo.com/quote/PSEI.PS/history
2016-11-22,6973.750000,6973.750000,6802.729980,6802.729980,0,https://finance.yahoo.com/quote/PSEI.PS/history
2016-11-23,6822.069824,6836.640137,6722.310059,6836.640137,0,https://finance.yahoo.com/quote/PSEI.PS/history
2016-11-24,6847.069824,6873.310059,6808.169922,6873.310059,0,https://finance.yahoo.com/quote/PSEI.PS/history
2016-11-25,6884.290039,6904.930176,6845.720215,6889.779785,66500,https://finance.yahoo.com/quote/PSEI.PS/history
2016-11-28,6902.089844,6907.089844,6786.259766,6825.399902,0,https://finance.yahoo.com/quote/PSEI.PS/history
2016-11-29,6823.600098,6825.540039,6769.109863,6781.200195,234400,https://finance.yahoo.com/quote/PSEI.PS/history
2016-12-01,6902.140137,6943.200195,6864.870117,6864.870117,0,https://finance.yahoo.com/quote/PSEI.PS/history
2016-12-02,6880.669922,6902.350098,6834.649902,6886.740234,152200,https://finance.yahoo.com/quote/PSEI.PS/history
2016-12-05,6902.509766,6902.509766,6776.410156,6776.410156,0,https://finance.yahoo.com/quote/PSEI.PS/history
2016-12-06,6808.509766,6835.490234,6751.930176,6806.140137,0,https://finance.yahoo.com/quote/PSEI.PS/history
2016-12-07,6810.240234,6866.810059,6789.939941,6866.810059,0,https://finance.yahoo.com/quote/PSEI.PS/history
2016-12-08,6930.100098,7022.379883,6903.910156,7022.379883,0,https://finance.yahoo.com/quote/PSEI.PS/history
2016-12-09,7044.410156,7045.830078,7018.990234,7043.160156,126500,https://finance.yahoo.com/quote/PSEI.PS/history
2016-12-12,7048.740234,7048.740234,6844.839844,6868.890137,0,https://finance.yahoo.com/quote/PSEI.PS/history
2016-12-13,6874.160156,6880.910156,6799.220215,6880.910156,0,https://finance.yahoo.com/quote/PSEI.PS/history
2016-12-14,6888.609863,6928.339844,6888.609863,6928.339844,0,https://finance.yahoo.com/quote/PSEI.PS/history
2016-12-15,6891.660156,6891.660156,6837.359863,6855.310059,0,https://finance.yahoo.com/quote/PSEI.PS/history
2016-12-16,6855.240234,6881.209961,6825.319824,6850.709961,185700,https://finance.yahoo.com/quote/PSEI.PS/history
2016-12-19,6843.250000,6848.370117,6683.350098,6714.129883,0,https://finance.yahoo.com/quote/PSEI.PS/history
2016-12-20,6707.990234,6710.160156,6589.689941,6658.660156,0,https://finance.yahoo.com/quote/PSEI.PS/history
2016-12-21,6687.089844,6732.200195,6681.020020,6686.359863,0,https://finance.yahoo.com/quote/PSEI.PS/history
2016-12-22,6664.549805,6676.600098,6564.149902,6587.169922,0,https://finance.yahoo.com/quote/PSEI.PS/history
2016-12-23,6545.529785,6563.669922,6499.000000,6563.669922,111900,https://finance.yahoo.com/quote/PSEI.PS/history
2016-12-27,6579.209961,6658.200195,6575.850098,6658.200195,0,https://finance.yahoo.com/quote/PSEI.PS/history
2016-12-28,6688.939941,6846.439941,6677.060059,6846.439941,0,https://finance.yahoo.com/quote/PSEI.PS/history
2016-12-29,6846.549805,6855.370117,6797.660156,6840.640137,0,https://finance.yahoo.com/quote/PSEI.PS/history
2017-01-03,6840.060059,6861.310059,6746.799805,6861.310059,56100,https://finance.yahoo.com/quote/PSEI.PS/history
2017-01-04,6874.680176,7041.060059,6874.680176,7030.950195,204000,https://finance.yahoo.com/quote/PSEI.PS/history
2017-01-05,7051.859863,7279.919922,7049.339844,7209.439941,223900,https://finance.yahoo.com/quote/PSEI.PS/history
2017-01-06,7184.459961,7289.509766,7181.689941,7248.200195,205900,https://finance.yahoo.com/quote/PSEI.PS/history
2017-01-09,7255.180176,7276.339844,7210.799805,7276.339844,110300,https://finance.yahoo.com/quote/PSEI.PS/history
2017-01-10,7278.569824,7371.839844,7276.720215,7364.339844,256700,https://finance.yahoo.com/quote/PSEI.PS/history
2017-01-11,7362.240234,7402.540039,7316.779785,7321.819824,162000,https://finance.yahoo.com/quote/PSEI.PS/history
2017-01-12,7335.660156,7347.819824,7260.709961,7264.549805,127400,https://finance.yahoo.com/quote/PSEI.PS/history
2017-01-13,7256.720215,7270.850098,7227.160156,7238.520020,109400,https://finance.yahoo.com/quote/PSEI.PS/history
2017-01-16,7243.549805,7279.479980,7225.430176,7238.450195,105000,https://finance.yahoo.com/quote/PSEI.PS/history
2017-01-17,7244.029785,7244.029785,7123.330078,7123.330078,223300,https://finance.yahoo.com/quote/PSEI.PS/history
2017-01-18,7136.149902,7165.149902,7129.890137,7156.359863,91900,https://finance.yahoo.com/quote/PSEI.PS/history
2017-01-19,7183.990234,7246.080078,7172.189941,7246.080078,128200,https://finance.yahoo.com/quote/PSEI.PS/history
2017-01-20,7252.439941,7255.169922,7204.270020,7232.660156,128600,https://finance.yahoo.com/quote/PSEI.PS/history
2017-01-23,7242.620117,7374.350098,7237.330078,7374.350098,132800,https://finance.yahoo.com/quote/PSEI.PS/history
2017-01-24,7373.890137,7384.580078,7340.540039,7370.649902,180700,https://finance.yahoo.com/quote/PSEI.PS/history
2017-01-25,7383.680176,7398.290039,7323.359863,7323.359863,153100,https://finance.yahoo.com/quote/PSEI.PS/history
2017-01-26,7320.640137,7361.779785,7320.640137,7332.640137,148200,https://finance.yahoo.com/quote/PSEI.PS/history
2017-01-27,7338.220215,7366.040039,7333.669922,7333.669922,150000,https://finance.yahoo.com/quote/PSEI.PS/history
2017-01-30,7350.890137,7376.930176,7336.709961,7336.709961,79500,https://finance.yahoo.com/quote/PSEI.PS/history
2017-01-31,7327.899902,7343.930176,7229.660156,7229.660156,112000,https://finance.yahoo.com/quote/PSEI.PS/history
2017-02-01,7297.720215,7300.209961,7209.729980,7227.450195,89800,https://finance.yahoo.com/quote/PSEI.PS/history
2017-02-02,7228.850098,7282.040039,7208.140137,7225.910156,120500,https://finance.yahoo.com/quote/PSEI.PS/history
2017-02-03,7223.339844,7227.100098,7186.439941,7226.700195,140200,https://finance.yahoo.com/quote/PSEI.PS/history
2017-02-06,7244.310059,7294.399902,7243.649902,7294.399902,165300,https://finance.yahoo.com/quote/PSEI.PS/history
2017-02-07,7283.850098,7283.850098,7241.620117,7262.640137,118800,https://finance.yahoo.com/quote/PSEI.PS/history
2017-02-08,7277.890137,7286.439941,7221.439941,7234.819824,137100,https://finance.yahoo.com/quote/PSEI.PS/history
2017-02-09,7238.450195,7252.660156,7227.850098,7252.660156,109500,https://finance.yahoo.com/quote/PSEI.PS/history
2017-02-10,7257.720215,7265.520020,7196.750000,7235.209961,138500,https://finance.yahoo.com/quote/PSEI.PS/history
2017-02-13,7241.799805,7294.669922,7237.229980,7294.669922,86100,https://finance.yahoo.com/quote/PSEI.PS/history
2017-02-14,7279.850098,7282.459961,7206.839844,7206.839844,110800,https://finance.yahoo.com/quote/PSEI.PS/history
2017-02-15,7217.240234,7234.399902,7174.299805,7174.299805,185000,https://finance.yahoo.com/quote/PSEI.PS/history
2017-02-16,7176.640137,7293.160156,7176.640137,7283.250000,132900,https://finance.yahoo.com/quote/PSEI.PS/history
2017-02-17,7289.629883,7292.620117,7236.910156,7244.790039,182500,https://finance.yahoo.com/quote/PSEI.PS/history
2017-02-20,7252.540039,7281.189941,7252.540039,7281.189941,99700,https://finance.yahoo.com/quote/PSEI.PS/history
2017-02-21,7284.930176,7284.930176,7258.310059,7282.680176,99400,https://finance.yahoo.com/quote/PSEI.PS/history
2017-02-22,7275.509766,7304.450195,7263.200195,7304.450195,178000,https://finance.yahoo.com/quote/PSEI.PS/history
2017-02-23,7312.419922,7339.899902,7290.209961,7335.560059,173800,https://finance.yahoo.com/quote/PSEI.PS/history
2017-02-24,7328.950195,7331.720215,7258.990234,7258.990234,148800,https://finance.yahoo.com/quote/PSEI.PS/history
2017-02-27,7266.779785,7296.000000,7232.470215,7232.470215,94500,https://finance.yahoo.com/quote/PSEI.PS/history
2017-02-28,7239.640137,7245.600098,7152.450195,7212.089844,161300,https://finance.yahoo.com/quote/PSEI.PS/history
2017-03-01,7167.890137,7186.479980,7150.609863,7170.700195,205700,https://finance.yahoo.com/quote/PSEI.PS/history
2017-03-02,7183.450195,7244.049805,7183.450195,7234.939941,122300,https://finance.yahoo.com/quote/PSEI.PS/history
2017-03-03,7232.470215,7247.120117,7197.160156,7247.120117,100900,https://finance.yahoo.com/quote/PSEI.PS/history
2017-03-06,7228.919922,7316.569824,7216.120117,7313.870117,150300,https://finance.yahoo.com/quote/PSEI.PS/history
2017-03-07,7310.649902,7326.069824,7285.250000,7294.520020,143100,https://finance.yahoo.com/quote/PSEI.PS/history
2017-03-08,7314.419922,7341.580078,7294.560059,7294.560059,96700,https://finance.yahoo.com/quote/PSEI.PS/history
2017-03-09,7298.100098,7326.830078,7295.450195,7295.450195,112000,https://finance.yahoo.com/quote/PSEI.PS/history
2017-03-10,7298.180176,7298.740234,7146.270020,7146.270020,171500,https://finance.yahoo.com/quote/PSEI.PS/history
2017-03-13,7213.740234,7238.600098,7202.169922,7233.089844,134100,https://finance.yahoo.com/quote/PSEI.PS/history
2017-03-14,7253.129883,7281.569824,7244.000000,7261.750000,148100,https://finance.yahoo.com/quote/PSEI.PS/history
2017-03-15,7268.350098,7275.979980,7214.959961,7253.790039,191300,https://finance.yahoo.com/quote/PSEI.PS/history
2017-03-16,7279.859863,7320.500000,7268.180176,7278.600098,117400,https://finance.yahoo.com/quote/PSEI.PS/history
2017-03-17,7307.009766,7417.759766,7274.680176,7345.020020,438500,https://finance.yahoo.com/quote/PSEI.PS/history
2017-03-20,7374.450195,7380.569824,7297.319824,7316.569824,151400,https://finance.yahoo.com/quote/PSEI.PS/history
2017-03-21,7319.919922,7361.439941,7318.189941,7323.310059,191800,https://finance.yahoo.com/quote/PSEI.PS/history
2017-03-22,7300.459961,7300.459961,7230.169922,7254.930176,211500,https://finance.yahoo.com/quote/PSEI.PS/history
2017-03-23,7299.890137,7315.890137,7281.850098,7301.029785,171100,https://finance.yahoo.com/quote/PSEI.PS/history
2017-03-24,7308.649902,7317.250000,7269.620117,7269.620117,202700,https://finance.yahoo.com/quote/PSEI.PS/history
2017-03-27,7268.640137,7276.000000,7222.149902,7245.970215,186200,https://finance.yahoo.com/quote/PSEI.PS/history
2017-03-28,7276.259766,7331.459961,7274.600098,7331.459961,156400,https://finance.yahoo.com/quote/PSEI.PS/history
2017-03-29,7320.089844,7354.459961,7310.020020,7324.000000,229800,https://finance.yahoo.com/quote/PSEI.PS/history
2017-03-30,7327.000000,7360.000000,7327.000000,7332.589844,0,https://finance.yahoo.com/quote/PSEI.PS/history
2017-03-31,7336.609863,7340.640137,7301.689941,7311.720215,153400,https://finance.yahoo.com/quote/PSEI.PS/history
2017-04-03,7323.740234,7346.000000,7317.740234,7341.649902,152500,https://finance.yahoo.com/quote/PSEI.PS/history
2017-04-04,7363.879883,7456.259766,7354.569824,7446.490234,166200,https://finance.yahoo.com/quote/PSEI.PS/history
2017-04-05,7478.500000,7584.859863,7476.569824,7584.209961,245400,https://finance.yahoo.com/quote/PSEI.PS/history
2017-04-06,7580.240234,7603.899902,7529.470215,7565.319824,311100,https://finance.yahoo.com/quote/PSEI.PS/history
2017-04-07,7559.649902,7667.330078,7553.520020,7583.750000,283500,https://finance.yahoo.com/quote/PSEI.PS/history
2017-04-10,7598.240234,7624.200195,7580.359863,7617.910156,168400,https://finance.yahoo.com/quote/PSEI.PS/history
2017-04-11,7615.950195,7645.100098,7588.819824,7601.399902,151300,https://finance.yahoo.com/quote/PSEI.PS/history
2017-04-12,7600.779785,7631.799805,7594.720215,7629.640137,158100,https://finance.yahoo.com/quote/PSEI.PS/history
2017-04-17,7615.439941,7621.500000,7584.339844,7588.529785,93900,https://finance.yahoo.com/quote/PSEI.PS/history
2017-04-18,7594.919922,7607.830078,7573.709961,7588.979980,105100,https://finance.yahoo.com/quote/PSEI.PS/history
2017-04-19,7586.439941,7591.810059,7502.930176,7522.979980,103900,https://finance.yahoo.com/quote/PSEI.PS/history
2017-04-20,7502.290039,7563.450195,7493.959961,7563.450195,185000,https://finance.yahoo.com/quote/PSEI.PS/history
2017-04-21,7585.040039,7609.649902,7575.339844,7578.160156,131300,https://finance.yahoo.com/quote/PSEI.PS/history
2017-04-24,7585.359863,7599.049805,7565.020020,7588.879883,110800,https://finance.yahoo.com/quote/PSEI.PS/history
2017-04-25,7599.899902,7719.669922,7596.390137,7700.459961,171400,https://finance.yahoo.com/quote/PSEI.PS/history
2017-04-26,7708.850098,7733.779785,7683.470215,7726.450195,114000,https://finance.yahoo.com/quote/PSEI.PS/history
2017-04-27,7721.160156,7721.160156,7661.009766,7661.009766,120400,https://finance.yahoo.com/quote/PSEI.PS/history
2017-05-02,7687.290039,7720.330078,7685.540039,7703.100098,140600,https://finance.yahoo.com/quote/PSEI.PS/history
2017-05-03,7713.859863,7731.979980,7682.259766,7682.259766,125500,https://finance.yahoo.com/quote/PSEI.PS/history
2017-05-04,7696.220215,7767.910156,7689.200195,7755.750000,148500,https://finance.yahoo.com/quote/PSEI.PS/history
2017-05-05,7753.060059,7908.970215,7742.509766,7841.990234,199200,https://finance.yahoo.com/quote/PSEI.PS/history
2017-05-08,7849.890137,7962.330078,7849.890137,7962.330078,234800,https://finance.yahoo.com/quote/PSEI.PS/history
2017-05-09,7980.359863,8018.390137,7913.140137,7923.500000,182000,https://finance.yahoo.com/quote/PSEI.PS/history
2017-05-10,7915.060059,7943.720215,7794.169922,7794.169922,209900,https://finance.yahoo.com/quote/PSEI.PS/history
2017-05-11,7798.810059,7863.970215,7773.169922,7816.399902,204800,https://finance.yahoo.com/quote/PSEI.PS/history
2017-05-12,7797.839844,7815.529785,7724.370117,7815.529785,169400,https://finance.yahoo.com/quote/PSEI.PS/history
2017-05-15,7818.020020,7860.310059,7772.930176,7772.930176,147200,https://finance.yahoo.com/quote/PSEI.PS/history
2017-05-16,7805.529785,7840.680176,7789.129883,7791.069824,200000,https://finance.yahoo.com/quote/PSEI.PS/history
2017-05-17,7805.569824,7842.209961,7803.089844,7826.529785,159900,https://finance.yahoo.com/quote/PSEI.PS/history
2017-05-18,7797.520020,7797.520020,7718.959961,7757.689941,141300,https://finance.yahoo.com/quote/PSEI.PS/history
2017-05-19,7755.350098,7767.620117,7738.750000,7767.620117,117400,https://finance.yahoo.com/quote/PSEI.PS/history
2017-05-22,7795.290039,7821.279785,7795.290039,7806.569824,186900,https://finance.yahoo.com/quote/PSEI.PS/history
2017-05-23,7823.029785,7848.140137,7812.140137,7812.140137,236600,https://finance.yahoo.com/quote/PSEI.PS/history
2017-05-24,7788.109863,7837.819824,7761.609863,7837.819824,122600,https://finance.yahoo.com/quote/PSEI.PS/history
2017-05-25,7845.810059,7873.859863,7828.939941,7871.649902,131000,https://finance.yahoo.com/quote/PSEI.PS/history
2017-05-26,7870.029785,7885.419922,7858.770020,7867.490234,175600,https://finance.yahoo.com/quote/PSEI.PS/history
2017-05-29,7866.479980,7925.899902,7866.399902,7886.029785,167800,https://finance.yahoo.com/quote/PSEI.PS/history
2017-05-30,7891.750000,7897.770020,7850.470215,7860.770020,148800,https://finance.yahoo.com/quote/PSEI.PS/history
2017-05-31,7855.979980,7858.200195,7816.609863,7837.120117,455100,https://finance.yahoo.com/quote/PSEI.PS/history
2017-06-01,7835.270020,7936.029785,7835.270020,7927.490234,203800,https://finance.yahoo.com/quote/PSEI.PS/history
2017-06-02,7921.399902,8002.319824,7907.660156,7907.660156,216000,https://finance.yahoo.com/quote/PSEI.PS/history
2017-06-05,7954.620117,8040.339844,7954.620117,8001.379883,139700,https://finance.yahoo.com/quote/PSEI.PS/history
2017-06-06,8019.200195,8020.100098,7953.120117,7953.120117,142600,https://finance.yahoo.com/quote/PSEI.PS/history
2017-06-07,7964.020020,8018.250000,7964.020020,8002.319824,185000,https://finance.yahoo.com/quote/PSEI.PS/history
2017-06-08,8007.040039,8046.629883,7947.709961,7958.629883,173100,https://finance.yahoo.com/quote/PSEI.PS/history
2017-06-09,7961.459961,8026.330078,7956.709961,7990.240234,149000,https://finance.yahoo.com/quote/PSEI.PS/history
2017-06-13,7995.979980,7998.759766,7900.109863,7917.890137,202300,https://finance.yahoo.com/quote/PSEI.PS/history
2017-06-14,7933.750000,7966.009766,7901.839844,7966.009766,151500,https://finance.yahoo.com/quote/PSEI.PS/history
2017-06-15,7975.430176,8028.220215,7964.490234,7964.490234,144900,https://finance.yahoo.com/quote/PSEI.PS/history
2017-06-16,7961.939941,7961.939941,7882.220215,7882.220215,414700,https://finance.yahoo.com/quote/PSEI.PS/history
2017-06-19,7900.720215,7951.080078,7900.720215,7943.750000,97000,https://finance.yahoo.com/quote/PSEI.PS/history
2017-06-20,7944.839844,7950.569824,7917.859863,7917.859863,100200,https://finance.yahoo.com/quote/PSEI.PS/history
2017-06-21,7921.879883,7921.879883,7851.970215,7886.370117,107800,https://finance.yahoo.com/quote/PSEI.PS/history
2017-06-22,7886.589844,7886.589844,7831.819824,7858.339844,162500,https://finance.yahoo.com/quote/PSEI.PS/history
2017-06-23,7872.589844,7872.589844,7799.890137,7814.169922,91600,https://finance.yahoo.com/quote/PSEI.PS/history
2017-06-27,7851.930176,7890.629883,7837.229980,7876.370117,89500,https://finance.yahoo.com/quote/PSEI.PS/history
2017-06-28,7889.799805,7894.330078,7854.779785,7857.180176,108800,https://finance.yahoo.com/quote/PSEI.PS/history
2017-06-29,7877.350098,7877.689941,7774.490234,7788.060059,156800,https://finance.yahoo.com/quote/PSEI.PS/history
2017-06-30,7774.910156,7843.160156,7734.520020,7843.160156,209200,https://finance.yahoo.com/quote/PSEI.PS/history
2017-07-03,7840.229980,7866.520020,7797.830078,7866.520020,94000,https://finance.yahoo.com/quote/PSEI.PS/history
2017-07-04,7854.979980,7858.899902,7830.330078,7833.959961,81400,https://finance.yahoo.com/quote/PSEI.PS/history
2017-07-05,7848.029785,7848.839844,7821.370117,7848.839844,101500,https://finance.yahoo.com/quote/PSEI.PS/history
2017-07-06,7850.500000,7892.709961,7849.080078,7888.310059,167500,https://finance.yahoo.com/quote/PSEI.PS/history
2017-07-07,7887.689941,7894.609863,7880.129883,7889.330078,139700,https://finance.yahoo.com/quote/PSEI.PS/history
2017-07-10,7889.470215,7900.279785,7837.470215,7837.470215,109400,https://finance.yahoo.com/quote/PSEI.PS/history
2017-07-11,7846.839844,7863.660156,7844.629883,7858.140137,129900,https://finance.yahoo.com/quote/PSEI.PS/history
2017-07-12,7872.629883,7952.959961,7872.629883,7938.370117,231200,https://finance.yahoo.com/quote/PSEI.PS/history
2017-07-13,7963.729980,7994.270020,7911.830078,7936.850098,175400,https://finance.yahoo.com/quote/PSEI.PS/history
2017-07-14,7952.870117,7958.080078,7875.520020,7885.899902,123400,https://finance.yahoo.com/quote/PSEI.PS/history
2017-07-17,7915.430176,7955.009766,7914.439941,7934.500000,89300,https://finance.yahoo.com/quote/PSEI.PS/history
2017-07-18,7941.370117,7967.810059,7941.370117,7952.919922,134100,https://finance.yahoo.com/quote/PSEI.PS/history
2017-07-19,7974.450195,8005.310059,7967.700195,7972.899902,184100,https://finance.yahoo.com/quote/PSEI.PS/history
2017-07-20,7988.140137,8001.589844,7904.339844,7904.339844,163000,https://finance.yahoo.com/quote/PSEI.PS/history
2017-07-21,7917.259766,7989.729980,7849.259766,7989.729980,133100,https://finance.yahoo.com/quote/PSEI.PS/history
2017-07-24,7985.040039,7985.040039,7949.410156,7962.640137,90400,https://finance.yahoo.com/quote/PSEI.PS/history
2017-07-25,7985.419922,7999.000000,7958.950195,7971.720215,134100,https://finance.yahoo.com/quote/PSEI.PS/history
2017-07-26,8007.700195,8062.990234,7998.140137,8037.509766,218500,https://finance.yahoo.com/quote/PSEI.PS/history
2017-07-27,8072.209961,8106.740234,8045.779785,8045.779785,172300,https://finance.yahoo.com/quote/PSEI.PS/history
2017-07-28,8075.720215,8079.700195,8046.759766,8071.470215,115600,https://finance.yahoo.com/quote/PSEI.PS/history
2017-07-31,8068.660156,8070.040039,7953.470215,8018.049805,175300,https://finance.yahoo.com/quote/PSEI.PS/history
2017-08-01,8015.680176,8017.180176,7906.600098,7906.600098,162200,https://finance.yahoo.com/quote/PSEI.PS/history
2017-08-02,7936.890137,8037.910156,7872.649902,7872.649902,154400,https://finance.yahoo.com/quote/PSEI.PS/history
2017-08-03,7897.839844,7946.310059,7862.109863,7876.660156,114100,https://finance.yahoo.com/quote/PSEI.PS/history
2017-08-04,7918.910156,7960.799805,7918.029785,7932.819824,250700,https://finance.yahoo.com/quote/PSEI.PS/history
2017-08-07,7955.370117,7992.270020,7955.100098,7992.270020,108700,https://finance.yahoo.com/quote/PSEI.PS/history
2017-08-08,8030.069824,8039.049805,7986.509766,7986.509766,157000,https://finance.yahoo.com/quote/PSEI.PS/history
2017-08-09,8007.250000,8011.589844,7940.970215,7985.830078,148900,https://finance.yahoo.com/quote/PSEI.PS/history
2017-08-10,7966.250000,7966.250000,7966.250000,7966.250000,0,https://finance.yahoo.com/quote/PSEI.PS/history
2017-08-11,7953.890137,7953.890137,7873.310059,7928.430176,108800,https://finance.yahoo.com/quote/PSEI.PS/history
2017-08-14,7954.890137,7973.339844,7951.569824,7962.120117,105400,https://finance.yahoo.com/quote/PSEI.PS/history
2017-08-15,8003.080078,8009.410156,7964.330078,8009.410156,139300,https://finance.yahoo.com/quote/PSEI.PS/history
2017-08-16,8015.689941,8082.490234,7996.009766,8046.589844,152700,https://finance.yahoo.com/quote/PSEI.PS/history
2017-08-17,8084.410156,8105.009766,8049.609863,8072.750000,117300,https://finance.yahoo.com/quote/PSEI.PS/history
2017-08-18,8079.000000,8079.000000,8015.680176,8016.729980,78100,https://finance.yahoo.com/quote/PSEI.PS/history
2017-08-21,8079.000000,8079.000000,8015.680176,8016.729980,80514400,https://finance.yahoo.com/quote/PSEI.PS/history
2017-08-22,8018.140137,8026.310059,7969.740234,8015.930176,111500,https://finance.yahoo.com/quote/PSEI.PS/history
2017-08-23,8027.970215,8028.899902,7998.750000,7998.750000,87800,https://finance.yahoo.com/quote/PSEI.PS/history
2017-08-24,8023.399902,8023.399902,7978.859863,8004.930176,75900,https://finance.yahoo.com/quote/PSEI.PS/history
2017-08-25,8018.200195,8031.500000,8009.720215,8015.140137,88900,https://finance.yahoo.com/quote/PSEI.PS/history
2017-08-29,8036.040039,8036.040039,7931.779785,7948.390137,113000,https://finance.yahoo.com/quote/PSEI.PS/history
2017-08-30,7978.799805,7984.379883,7912.430176,7956.729980,102900,https://finance.yahoo.com/quote/PSEI.PS/history
2017-08-31,7975.509766,7976.299805,7943.209961,7958.569824,195900,https://finance.yahoo.com/quote/PSEI.PS/history
2017-09-05,8038.279785,8049.350098,7995.129883,8049.350098,152700,https://finance.yahoo.com/quote/PSEI.PS/history
2017-09-06,8025.240234,8027.220215,7972.620117,7983.970215,155800,https://finance.yahoo.com/quote/PSEI.PS/history
2017-09-07,8003.830078,8025.740234,7994.830078,8022.979980,153000,https://finance.yahoo.com/quote/PSEI.PS/history
2017-09-08,8044.600098,8048.509766,8018.910156,8022.750000,148000,https://finance.yahoo.com/quote/PSEI.PS/history
2017-09-11,8036.930176,8055.629883,8012.549805,8049.310059,96300,https://finance.yahoo.com/quote/PSEI.PS/history
2017-09-13,8097.270020,8103.680176,8047.040039,8053.879883,168400,https://finance.yahoo.com/quote/PSEI.PS/history
2017-09-14,8073.240234,8169.640137,8071.759766,8144.910156,196500,https://finance.yahoo.com/quote/PSEI.PS/history
2017-09-15,8141.390137,8180.850098,8104.950195,8180.850098,221100,https://finance.yahoo.com/quote/PSEI.PS/history
2017-09-18,8185.240234,8294.139648,8155.939941,8294.139648,152700,https://finance.yahoo.com/quote/PSEI.PS/history
2017-09-19,8299.809570,8299.849609,8162.700195,8162.700195,198000,https://finance.yahoo.com/quote/PSEI.PS/history
2017-09-20,8201.690430,8250.000000,8201.690430,8219.320312,123800,https://finance.yahoo.com/quote/PSEI.PS/history
2017-09-21,8239.219727,8321.809570,8237.830078,8286.860352,191100,https://finance.yahoo.com/quote/PSEI.PS/history
2017-09-22,8297.940430,8314.440430,8275.450195,8281.269531,97700,https://finance.yahoo.com/quote/PSEI.PS/history
2017-09-25,8247.410156,8252.200195,8195.450195,8244.730469,136100,https://finance.yahoo.com/quote/PSEI.PS/history
2017-09-26,8230.559570,8230.559570,8119.589844,8170.140137,380500,https://finance.yahoo.com/quote/PSEI.PS/history
2017-09-27,8159.180176,8221.919922,8113.299805,8221.919922,445500,https://finance.yahoo.com/quote/PSEI.PS/history
2017-09-28,8223.690430,8223.690430,8151.859863,8156.040039,176700,https://finance.yahoo.com/quote/PSEI.PS/history
2017-09-29,8151.580078,8240.519531,8151.580078,8171.430176,171600,https://finance.yahoo.com/quote/PSEI.PS/history
2017-10-02,8210.759766,8257.830078,8197.889648,8256.280273,110100,https://finance.yahoo.com/quote/PSEI.PS/history
2017-10-03,8261.290039,8321.219727,8261.290039,8312.929688,112300,https://finance.yahoo.com/quote/PSEI.PS/history
2017-10-04,8328.740234,8377.790039,8328.740234,8344.049805,96200,https://finance.yahoo.com/quote/PSEI.PS/history
2017-10-05,8353.230469,8355.629883,8294.009766,8294.009766,86100,https://finance.yahoo.com/quote/PSEI.PS/history
2017-10-06,8332.559570,8406.339844,8297.019531,8310.879883,109600,https://finance.yahoo.com/quote/PSEI.PS/history
2017-10-09,8333.700195,8367.379883,8326.780273,8367.379883,59200,https://finance.yahoo.com/quote/PSEI.PS/history
2017-10-10,8354.879883,8409.919922,8340.169922,8398.040039,79300,https://finance.yahoo.com/quote/PSEI.PS/history
2017-10-11,8418.330078,8427.129883,8353.110352,8358.469727,156600,https://finance.yahoo.com/quote/PSEI.PS/history
2017-10-12,8367.089844,8406.360352,8361.440430,8402.809570,111400,https://finance.yahoo.com/quote/PSEI.PS/history
2017-10-13,8422.219727,8447.940430,8399.839844,8447.940430,132200,https://finance.yahoo.com/quote/PSEI.PS/history
2017-10-17,8484.940430,8586.730469,8484.940430,8497.740234,174100,https://finance.yahoo.com/quote/PSEI.PS/history
2017-10-18,8537.660156,8548.580078,8332.299805,8431.730469,129200,https://finance.yahoo.com/quote/PSEI.PS/history
2017-10-19,8441.360352,8487.370117,8375.089844,8487.370117,85500,https://finance.yahoo.com/quote/PSEI.PS/history
2017-10-20,8465.639648,8474.179688,8415.900391,8420.950195,78200,https://finance.yahoo.com/quote/PSEI.PS/history
2017-10-23,8429.889648,8456.980469,8342.200195,8348.320312,94600,https://finance.yahoo.com/quote/PSEI.PS/history
2017-10-24,8351.030273,8373.450195,8279.919922,8279.919922,88000,https://finance.yahoo.com/quote/PSEI.PS/history
2017-10-25,8299.679688,8327.759766,8244.110352,8303.349609,106100,https://finance.yahoo.com/quote/PSEI.PS/history
2017-10-26,8301.169922,8313.480469,8225.950195,8267.919922,78200,https://finance.yahoo.com/quote/PSEI.PS/history
2017-10-27,8260.599609,8295.950195,8209.879883,8295.950195,72000,https://finance.yahoo.com/quote/PSEI.PS/history
2017-10-30,8332.330078,8365.259766,8305.650391,8365.259766,66000,https://finance.yahoo.com/quote/PSEI.PS/history
2017-11-02,8342.980469,8543.799805,8321.650391,8516.019531,153100,https://finance.yahoo.com/quote/PSEI.PS/history
2017-11-03,8544.019531,8605.150391,8376.129883,8376.129883,163200,https://finance.yahoo.com/quote/PSEI.PS/history
2017-11-06,8523.070312,8523.070312,8523.070312,8523.070312,0,https://finance.yahoo.com/quote/PSEI.PS/history
2017-11-07,8519.660156,8543.410156,8462.219727,8521.809570,0,https://finance.yahoo.com/quote/PSEI.PS/history
2017-11-08,8525.040039,8532.450195,8486.519531,8508.490234,0,https://finance.yahoo.com/quote/PSEI.PS/history
2017-11-09,8515.400391,8563.509766,8506.769531,8519.820312,0,https://finance.yahoo.com/quote/PSEI.PS/history
2017-11-10,8548.070312,8548.209961,8433.480469,8433.480469,101100,https://finance.yahoo.com/quote/PSEI.PS/history
2017-11-13,8460.620117,8486.610352,8330.019531,8330.019531,0,https://finance.yahoo.com/quote/PSEI.PS/history
2017-11-14,8349.610352,8379.639648,8280.429688,8379.639648,0,https://finance.yahoo.com/quote/PSEI.PS/history
2017-11-15,8335.870117,8348.519531,8260.610352,8273.440430,0,https://finance.yahoo.com/quote/PSEI.PS/history
2017-11-16,8211.030273,8332.940430,8206.440430,8206.440430,0,https://finance.yahoo.com/quote/PSEI.PS/history
2017-11-17,8274.889648,8326.809570,8262.900391,8311.080078,101500,https://finance.yahoo.com/quote/PSEI.PS/history
2017-11-20,8332.709961,8371.950195,8321.980469,8321.980469,0,https://finance.yahoo.com/quote/PSEI.PS/history
2017-11-21,8339.809570,8340.629883,8289.190430,8289.190430,0,https://finance.yahoo.com/quote/PSEI.PS/history
2017-11-22,8306.719727,8346.919922,8265.679688,8265.679688,0,https://finance.yahoo.com/quote/PSEI.PS/history
2017-11-23,8291.860352,8343.230469,8278.509766,8343.230469,0,https://finance.yahoo.com/quote/PSEI.PS/history
2017-11-24,8330.089844,8365.110352,8261.150391,8365.110352,123000,https://finance.yahoo.com/quote/PSEI.PS/history
2017-11-27,8358.349609,8361.690430,8261.280273,8361.690430,0,https://finance.yahoo.com/quote/PSEI.PS/history
2017-11-28,8341.769531,8341.769531,8254.250000,8291.879883,0,https://finance.yahoo.com/quote/PSEI.PS/history
2017-11-29,8272.070312,8304.379883,8213.650391,8254.030273,206300,https://finance.yahoo.com/quote/PSEI.PS/history
2017-11-30,8272.070312,8304.379883,8213.650391,8254.030273,0,https://finance.yahoo.com/quote/PSEI.PS/history
2017-12-01,8236.150391,8236.150391,8122.319824,8144.020020,153000,https://finance.yahoo.com/quote/PSEI.PS/history
2017-12-04,8108.209961,8126.970215,8051.859863,8084.450195,0,https://finance.yahoo.com/quote/PSEI.PS/history
2017-12-05,8093.629883,8149.220215,8085.439941,8093.629883,0,https://finance.yahoo.com/quote/PSEI.PS/history
2017-12-06,8157.600098,8197.389648,8119.370117,8129.620117,0,https://finance.yahoo.com/quote/PSEI.PS/history
2017-12-07,8128.060059,8174.930176,8109.569824,8174.930176,0,https://finance.yahoo.com/quote/PSEI.PS/history
2017-12-08,8176.209961,8304.700195,8167.600098,8304.700195,115600,https://finance.yahoo.com/quote/PSEI.PS/history
2017-12-11,8296.230469,8358.570312,8277.259766,8358.570312,0,https://finance.yahoo.com/quote/PSEI.PS/history
2017-12-12,8346.269531,8362.280273,8311.679688,8334.059570,0,https://finance.yahoo.com/quote/PSEI.PS/history
2017-12-13,8341.809570,8363.150391,8321.589844,8359.610352,0,https://finance.yahoo.com/quote/PSEI.PS/history
2017-12-14,8366.599609,8461.059570,8344.019531,8461.059570,0,https://finance.yahoo.com/quote/PSEI.PS/history
2017-12-15,8425.660156,8425.660156,8337.040039,8337.040039,220000,https://finance.yahoo.com/quote/PSEI.PS/history
2017-12-18,8422.820312,8422.820312,8422.820312,8422.820312,0,https://finance.yahoo.com/quote/PSEI.PS/history
2017-12-19,8422.089844,8422.769531,8348.879883,8365.959961,0,https://finance.yahoo.com/quote/PSEI.PS/history
2017-12-20,8376.320312,8377.570312,8343.990234,8362.610352,0,https://finance.yahoo.com/quote/PSEI.PS/history
2017-12-21,8371.910156,8378.280273,8323.009766,8378.280273,0,https://finance.yahoo.com/quote/PSEI.PS/history
2017-12-22,8377.919922,8432.309570,8364.419922,8432.309570,45600,https://finance.yahoo.com/quote/PSEI.PS/history
2017-12-27,8427.049805,8490.910156,8412.889648,8490.910156,0,https://finance.yahoo.com/quote/PSEI.PS/history
2017-12-28,8474.990234,8571.459961,8468.190430,8535.089844,0,https://finance.yahoo.com/quote/PSEI.PS/history
2017-12-29,8562.860352,8640.040039,8535.099609,8558.419922,165400,https://finance.yahoo.com/quote/PSEI.PS/history
2018-01-03,8584.459961,8724.129883,8580.500000,8724.129883,0,https://finance.yahoo.com/quote/PSEI.PS/history
2018-01-04,8710.000000,8760.259766,8690.339844,8739.830078,0,https://finance.yahoo.com/quote/PSEI.PS/history
2018-01-05,8743.410156,8858.070312,8739.740234,8770.000000,153500,https://finance.yahoo.com/quote/PSEI.PS/history
2018-01-08,8818.900391,8820.530273,8713.860352,8745.120117,0,https://finance.yahoo.com/quote/PSEI.PS/history
2018-01-09,8758.959961,8923.719727,8755.400391,8923.719727,0,https://finance.yahoo.com/quote/PSEI.PS/history
2018-01-10,8914.250000,8926.780273,8877.980469,8920.290039,0,https://finance.yahoo.com/quote/PSEI.PS/history
2018-01-11,8908.639648,8909.000000,8745.629883,8813.250000,0,https://finance.yahoo.com/quote/PSEI.PS/history
2018-01-12,8836.290039,8868.559570,8803.620117,8814.620117,122000,https://finance.yahoo.com/quote/PSEI.PS/history
2018-01-15,8844.349609,8897.559570,8809.530273,8857.719727,0,https://finance.yahoo.com/quote/PSEI.PS/history
2018-01-16,8890.740234,8969.179688,8865.129883,8865.129883,0,https://finance.yahoo.com/quote/PSEI.PS/history
2018-01-17,8879.669922,8902.269531,8821.410156,8848.990234,0,https://finance.yahoo.com/quote/PSEI.PS/history
2018-01-18,8790.049805,8822.400391,8772.450195,8820.740234,0,https://finance.yahoo.com/quote/PSEI.PS/history
2018-01-19,8824.719727,8915.919922,8802.780273,8915.919922,120800,https://finance.yahoo.com/quote/PSEI.PS/history
2018-01-22,8893.139648,8975.120117,8883.000000,8950.620117,0,https://finance.yahoo.com/quote/PSEI.PS/history
2018-01-23,8952.809570,8999.019531,8916.070312,8999.019531,0,https://finance.yahoo.com/quote/PSEI.PS/history
2018-01-24,8992.370117,8992.370117,8898.209961,8920.230469,0,https://finance.yahoo.com/quote/PSEI.PS/history
2018-01-25,8907.450195,8999.169922,8907.240234,8999.169922,0,https://finance.yahoo.com/quote/PSEI.PS/history
2018-01-26,8995.610352,9041.200195,8945.320312,9041.200195,113200,https://finance.yahoo.com/quote/PSEI.PS/history
2018-01-29,9061.750000,9078.370117,9008.410156,9058.620117,0,https://finance.yahoo.com/quote/PSEI.PS/history
2018-01-30,9025.290039,9025.290039,8838.690430,8910.480469,0,https://finance.yahoo.com/quote/PSEI.PS/history
2018-01-31,8831.830078,8831.830078,8721.849609,8764.009766,0,https://finance.yahoo.com/quote/PSEI.PS/history
2018-02-01,8748.379883,8818.099609,8738.719727,8738.719727,0,https://finance.yahoo.com/quote/PSEI.PS/history
2018-02-02,8746.860352,8810.750000,8746.860352,8810.750000,142600,https://finance.yahoo.com/quote/PSEI.PS/history
2018-02-05,8680.589844,8680.589844,8555.549805,8616.000000,0,https://finance.yahoo.com/quote/PSEI.PS/history
2018-02-06,8475.080078,8550.419922,8379.830078,8550.419922,0,https://finance.yahoo.com/quote/PSEI.PS/history
2018-02-07,8648.000000,9700.559570,8603.179688,8667.559570,0,https://finance.yahoo.com/quote/PSEI.PS/history
2018-02-08,8679.370117,8679.370117,8601.530273,8645.080078,0,https://finance.yahoo.com/quote/PSEI.PS/history
2018-02-09,8545.879883,8546.019531,8421.740234,8503.690430,110800,https://finance.yahoo.com/quote/PSEI.PS/history
2018-02-12,8533.799805,8554.509766,8460.559570,8487.910156,0,https://finance.yahoo.com/quote/PSEI.PS/history
2018-02-13,8514.059570,8570.139648,8476.459961,8570.139648,0,https://finance.yahoo.com/quote/PSEI.PS/history
2018-02-14,8563.570312,8598.110352,8498.570312,8598.110352,0,https://finance.yahoo.com/quote/PSEI.PS/history
2018-02-15,8603.709961,8612.440430,8505.860352,8612.440430,174300,https://finance.yahoo.com/quote/PSEI.PS/history
2018-02-19,8593.870117,8757.830078,8538.200195,8710.219727,0,https://finance.yahoo.com/quote/PSEI.PS/history
2018-02-20,8727.160156,8728.080078,8637.769531,8722.700195,0,https://finance.yahoo.com/quote/PSEI.PS/history
2018-02-21,8677.509766,8677.509766,8613.500000,8613.650391,0,https://finance.yahoo.com/quote/PSEI.PS/history
2018-02-22,8598.500000,8605.929688,8472.889648,8515.570312,0,https://finance.yahoo.com/quote/PSEI.PS/history
2018-02-23,8520.730469,8526.230469,8465.790039,8467.559570,111100,https://finance.yahoo.com/quote/PSEI.PS/history
2018-02-26,8450.150391,8499.980469,8373.679688,8499.980469,0,https://finance.yahoo.com/quote/PSEI.PS/history
2018-02-27,8507.679688,8592.379883,8507.450195,8592.379883,0,https://finance.yahoo.com/quote/PSEI.PS/history
2018-02-28,8538.530273,8575.440430,8475.290039,8475.290039,0,https://finance.yahoo.com/quote/PSEI.PS/history
2018-03-01,8471.219727,8503.679688,8429.750000,8465.769531,0,https://finance.yahoo.com/quote/PSEI.PS/history
2018-03-02,8414.940430,8458.570312,8337.690430,8458.570312,83800,https://finance.yahoo.com/quote/PSEI.PS/history
2018-03-05,8434.669922,8449.820312,8350.530273,8386.169922,0,https://finance.yahoo.com/quote/PSEI.PS/history
2018-03-06,8388.019531,8411.759766,8344.839844,8360.219727,0,https://finance.yahoo.com/quote/PSEI.PS/history
2018-03-07,8373.620117,8404.690430,8333.110352,8404.690430,0,https://finance.yahoo.com/quote/PSEI.PS/history
2018-03-08,8388.080078,8389.740234,8350.530273,8381.849609,0,https://finance.yahoo.com/quote/PSEI.PS/history
2018-03-09,8401.330078,8409.750000,8367.629883,8372.509766,97800,https://finance.yahoo.com/quote/PSEI.PS/history
2018-03-12,8442.250000,8484.650391,8425.929688,8453.500000,132000,https://finance.yahoo.com/quote/PSEI.PS/history
2018-03-13,8454.089844,8462.250000,8397.959961,8419.570312,93100,https://finance.yahoo.com/quote/PSEI.PS/history
2018-03-14,8430.030273,8430.030273,8284.759766,8348.740234,98200,https://finance.yahoo.com/quote/PSEI.PS/history
2018-03-15,8322.099609,8326.009766,8190.009766,8190.009766,107600,https://finance.yahoo.com/quote/PSEI.PS/history
2018-03-16,8200.139648,8258.089844,8156.189941,8238.150391,280800,https://finance.yahoo.com/quote/PSEI.PS/history
2018-03-19,8236.540039,8240.129883,8169.000000,8235.540039,148100,https://finance.yahoo.com/quote/PSEI.PS/history
2018-03-20,8180.250000,8180.250000,8015.490234,8059.600098,130700,https://finance.yahoo.com/quote/PSEI.PS/history
2018-03-21,8097.589844,8097.589844,7909.069824,7909.069824,152900,https://finance.yahoo.com/quote/PSEI.PS/history
2018-03-22,7934.830078,8124.450195,7928.750000,8124.450195,126600,https://finance.yahoo.com/quote/PSEI.PS/history
2018-03-23,7980.660156,7980.660156,7923.649902,7970.799805,102000,https://finance.yahoo.com/quote/PSEI.PS/history
2018-03-26,7948.049805,7949.609863,7834.109863,7932.379883,85100,https://finance.yahoo.com/quote/PSEI.PS/history
2018-03-27,7947.209961,8047.029785,7947.209961,8047.029785,94700,https://finance.yahoo.com/quote/PSEI.PS/history
2018-03-28,8016.350098,8056.220215,7967.279785,7979.830078,118100,https://finance.yahoo.com/quote/PSEI.PS/history
2018-04-02,7993.629883,8039.450195,7944.859863,8039.450195,60000,https://finance.yahoo.com/quote/PSEI.PS/history
2018-04-03,7976.330078,8071.680176,7976.330078,8048.720215,117400,https://finance.yahoo.com/quote/PSEI.PS/history
2018-04-04,8084.930176,8084.930176,7991.600098,7997.669922,83500,https://finance.yahoo.com/quote/PSEI.PS/history
2018-04-05,8035.640137,8043.660156,7988.370117,8022.160156,57700,https://finance.yahoo.com/quote/PSEI.PS/history
2018-04-06,8018.770020,8047.700195,7901.790039,7945.660156,74400,https://finance.yahoo.com/quote/PSEI.PS/history
2018-04-10,7946.450195,7984.640137,7890.310059,7934.680176,115900,https://finance.yahoo.com/quote/PSEI.PS/history
2018-04-11,7958.330078,7990.979980,7930.660156,7943.930176,89900,https://finance.yahoo.com/quote/PSEI.PS/history
2018-04-12,7962.660156,8043.069824,7951.089844,8043.069824,83000,https://finance.yahoo.com/quote/PSEI.PS/history
2018-04-13,8031.229980,8031.229980,7899.979980,7899.979980,123200,https://finance.yahoo.com/quote/PSEI.PS/history
2018-04-16,7928.990234,7928.990234,7845.470215,7870.250000,80900,https://finance.yahoo.com/quote/PSEI.PS/history
2018-04-17,7861.720215,7861.720215,7691.790039,7723.390137,124500,https://finance.yahoo.com/quote/PSEI.PS/history
2018-04-18,7743.140137,7828.850098,7743.140137,7793.129883,121500,https://finance.yahoo.com/quote/PSEI.PS/history
2018-04-19,7689.350098,7756.399902,7537.419922,7682.240234,294800,https://finance.yahoo.com/quote/PSEI.PS/history
2018-04-20,7698.080078,7783.549805,7691.930176,7726.720215,115500,https://finance.yahoo.com/quote/PSEI.PS/history
2018-04-23,7736.089844,7746.859863,7663.529785,7719.470215,93800,https://finance.yahoo.com/quote/PSEI.PS/history
2018-04-24,7704.180176,7704.270020,7600.359863,7600.359863,101100,https://finance.yahoo.com/quote/PSEI.PS/history
2018-04-25,7595.490234,7636.569824,7526.299805,7557.910156,108800,https://finance.yahoo.com/quote/PSEI.PS/history
2018-04-26,7544.020020,7617.419922,7529.129883,7617.419922,79300,https://finance.yahoo.com/quote/PSEI.PS/history
2018-04-27,7631.439941,7721.020020,7604.540039,7721.020020,125500,https://finance.yahoo.com/quote/PSEI.PS/history
2018-04-30,7726.959961,7822.839844,7726.270020,7819.250000,131400,https://finance.yahoo.com/quote/PSEI.PS/history
2018-05-02,7791.629883,7856.500000,7736.069824,7736.069824,98800,https://finance.yahoo.com/quote/PSEI.PS/history
2018-05-03,7792.410156,7792.410156,7535.100098,7535.100098,140500,https://finance.yahoo.com/quote/PSEI.PS/history
2018-05-04,7541.000000,7558.310059,7499.259766,7546.189941,91700,https://finance.yahoo.com/quote/PSEI.PS/history
2018-05-07,7578.799805,7581.720215,7517.089844,7533.279785,58800,https://finance.yahoo.com/quote/PSEI.PS/history
2018-05-08,7544.100098,7615.220215,7543.350098,7577.569824,105500,https://finance.yahoo.com/quote/PSEI.PS/history
2018-05-09,7587.680176,7590.799805,7535.930176,7555.270020,104800,https://finance.yahoo.com/quote/PSEI.PS/history
2018-05-10,7547.459961,7630.290039,7531.660156,7571.000000,95400,https://finance.yahoo.com/quote/PSEI.PS/history
2018-05-11,7625.100098,7760.259766,7625.100098,7752.109863,115100,https://finance.yahoo.com/quote/PSEI.PS/history
2018-05-15,7771.899902,7906.450195,7765.459961,7885.970215,158700,https://finance.yahoo.com/quote/PSEI.PS/history
2018-05-16,7869.479980,7869.560059,7751.330078,7869.560059,155200,https://finance.yahoo.com/quote/PSEI.PS/history
2018-05-17,7855.899902,7855.899902,7694.120117,7694.120117,130800,https://finance.yahoo.com/quote/PSEI.PS/history
2018-05-18,7742.390137,7742.390137,7639.149902,7672.279785,79800,https://finance.yahoo.com/quote/PSEI.PS/history
2018-05-21,7693.220215,7715.660156,7658.049805,7658.049805,66800,https://finance.yahoo.com/quote/PSEI.PS/history
2018-05-22,7698.229980,7698.649902,7633.520020,7646.200195,80900,https://finance.yahoo.com/quote/PSEI.PS/history
2018-05-23,7673.620117,7673.620117,7517.560059,7560.470215,99000,https://finance.yahoo.com/quote/PSEI.PS/history
2018-05-24,7573.669922,7652.529785,7555.450195,7652.529785,70200,https://finance.yahoo.com/quote/PSEI.PS/history
2018-05-25,7673.819824,7674.290039,7605.979980,7647.509766,77700,https://finance.yahoo.com/quote/PSEI.PS/history
2018-05-28,7669.959961,7669.959961,7598.129883,7642.899902,74600,https://finance.yahoo.com/quote/PSEI.PS/history
2018-05-29,7662.370117,7662.370117,7585.160156,7602.359863,91500,https://finance.yahoo.com/quote/PSEI.PS/history
2018-05-30,7575.379883,7575.379883,7461.729980,7470.140137,112200,https://finance.yahoo.com/quote/PSEI.PS/history
2018-05-31,7496.109863,7537.629883,7457.049805,7497.169922,376200,https://finance.yahoo.com/quote/PSEI.PS/history
2018-06-01,7499.899902,7630.259766,7487.370117,7630.259766,109900,https://finance.yahoo.com/quote/PSEI.PS/history
2018-06-04,7619.379883,7620.129883,7551.890137,7579.609863,75300,https://finance.yahoo.com/quote/PSEI.PS/history
2018-06-05,7594.549805,7685.759766,7550.640137,7685.759766,129300,https://finance.yahoo.com/quote/PSEI.PS/history
2018-06-06,7666.770020,7702.330078,7654.129883,7689.140137,102400,https://finance.yahoo.com/quote/PSEI.PS/history
2018-06-07,7693.299805,7814.879883,7687.939941,7803.310059,152900,https://finance.yahoo.com/quote/PSEI.PS/history
2018-06-08,7803.350098,7803.350098,7718.330078,7740.740234,80000,https://finance.yahoo.com/quote/PSEI.PS/history
2018-06-11,7738.279785,7779.259766,7699.669922,7771.299805,58900,https://finance.yahoo.com/quote/PSEI.PS/history
2018-06-13,7722.430176,7723.850098,7553.740234,7602.979980,121100,https://finance.yahoo.com/quote/PSEI.PS/history
2018-06-14,7553.799805,7561.439941,7479.569824,7529.540039,272100,https://finance.yahoo.com/quote/PSEI.PS/history
2018-06-18,7403.930176,7414.109863,7328.299805,7414.109863,133400,https://finance.yahoo.com/quote/PSEI.PS/history
2018-06-19,7347.439941,7348.229980,7253.120117,7312.609863,120500,https://finance.yahoo.com/quote/PSEI.PS/history
2018-06-20,7316.290039,7349.740234,7261.009766,7261.620117,112700,https://finance.yahoo.com/quote/PSEI.PS/history
2018-06-21,7262.729980,7271.209961,7092.160156,7098.149902,143000,https://finance.yahoo.com/quote/PSEI.PS/history
2018-06-22,7092.040039,7132.709961,6923.669922,7063.200195,170000,https://finance.yahoo.com/quote/PSEI.PS/history
2018-06-25,7240.060059,7240.060059,6986.879883,6986.879883,118100,https://finance.yahoo.com/quote/PSEI.PS/history
2018-06-26,7014.049805,7021.259766,6929.859863,7007.209961,111900,https://finance.yahoo.com/quote/PSEI.PS/history
2018-06-27,6997.990234,7176.430176,6984.140137,7176.430176,119600,https://finance.yahoo.com/quote/PSEI.PS/history
2018-06-28,7128.509766,7128.509766,7055.629883,7066.569824,90200,https://finance.yahoo.com/quote/PSEI.PS/history
2018-06-29,7061.479980,7193.680176,7061.479980,7193.680176,132400,https://finance.yahoo.com/quote/PSEI.PS/history
2018-07-02,7184.620117,7261.290039,7160.830078,7227.959961,100900,https://finance.yahoo.com/quote/PSEI.PS/history
2018-07-03,7223.040039,7267.339844,7194.549805,7267.339844,68200,https://finance.yahoo.com/quote/PSEI.PS/history
2018-07-04,7272.029785,7348.419922,7227.290039,7348.419922,99100,https://finance.yahoo.com/quote/PSEI.PS/history
2018-07-05,7306.009766,7306.009766,7225.069824,7233.569824,94400,https://finance.yahoo.com/quote/PSEI.PS/history
2018-07-06,7225.950195,7225.950195,7143.569824,7186.709961,69000,https://finance.yahoo.com/quote/PSEI.PS/history
2018-07-09,7196.830078,7214.569824,7162.640137,7186.620117,71400,https://finance.yahoo.com/quote/PSEI.PS/history
2018-07-10,7218.250000,7233.290039,7192.580078,7233.290039,75400,https://finance.yahoo.com/quote/PSEI.PS/history
2018-07-11,7245.729980,7333.729980,7239.109863,7333.729980,76200,https://finance.yahoo.com/quote/PSEI.PS/history
2018-07-12,7328.040039,7370.459961,7307.600098,7350.580078,91000,https://finance.yahoo.com/quote/PSEI.PS/history
2018-07-13,7372.479980,7405.419922,7366.500000,7399.180176,74000,https://finance.yahoo.com/quote/PSEI.PS/history
2018-07-16,7388.979980,7390.000000,7334.879883,7369.439941,47300,https://finance.yahoo.com/quote/PSEI.PS/history
2018-07-17,7375.100098,7385.950195,7346.779785,7381.680176,51300,https://finance.yahoo.com/quote/PSEI.PS/history
2018-07-18,7381.740234,7451.370117,7379.970215,7451.370117,59200,https://finance.yahoo.com/quote/PSEI.PS/history
2018-07-19,7443.939941,7459.140137,7365.689941,7387.870117,69600,https://finance.yahoo.com/quote/PSEI.PS/history
2018-07-20,7390.569824,7411.450195,7327.350098,7399.609863,87400,https://finance.yahoo.com/quote/PSEI.PS/history
2018-07-23,7388.500000,7408.160156,7368.520020,7376.799805,84700,https://finance.yahoo.com/quote/PSEI.PS/history
2018-07-24,7362.979980,7447.020020,7362.979980,7447.020020,89500,https://finance.yahoo.com/quote/PSEI.PS/history
2018-07-25,7438.850098,7620.390137,7438.850098,7514.000000,149100,https://finance.yahoo.com/quote/PSEI.PS/history
2018-07-26,7557.859863,7665.850098,7557.859863,7665.850098,160600,https://finance.yahoo.com/quote/PSEI.PS/history
2018-07-27,7661.660156,7701.379883,7586.339844,7701.379883,132900,https://finance.yahoo.com/quote/PSEI.PS/history
2018-07-30,7693.450195,7773.319824,7683.100098,7773.319824,96200,https://finance.yahoo.com/quote/PSEI.PS/history
2018-07-31,7730.089844,7742.850098,7623.770020,7672.000000,153400,https://finance.yahoo.com/quote/PSEI.PS/history
2018-08-01,7664.990234,7838.220215,7655.299805,7838.220215,137400,https://finance.yahoo.com/quote/PSEI.PS/history
2018-08-02,7824.520020,7824.520020,7746.089844,7759.549805,92600,https://finance.yahoo.com/quote/PSEI.PS/history
2018-08-03,7763.490234,7819.390137,7709.859863,7819.390137,99500,https://finance.yahoo.com/quote/PSEI.PS/history
2018-08-06,7809.379883,7843.589844,7784.049805,7817.310059,79000,https://finance.yahoo.com/quote/PSEI.PS/history
2018-08-07,7813.379883,7814.890137,7725.850098,7725.850098,85000,https://finance.yahoo.com/quote/PSEI.PS/history
2018-08-08,7737.490234,7851.459961,7737.490234,7851.459961,126600,https://finance.yahoo.com/quote/PSEI.PS/history
2018-08-09,7856.700195,7879.270020,7751.419922,7820.709961,143900,https://finance.yahoo.com/quote/PSEI.PS/history
2018-08-10,7804.020020,7840.629883,7781.819824,7804.979980,98300,https://finance.yahoo.com/quote/PSEI.PS/history
2018-08-13,7782.109863,7782.109863,7634.600098,7635.270020,78500,https://finance.yahoo.com/quote/PSEI.PS/history
2018-08-14,7623.109863,7623.109863,7508.830078,7527.779785,77300,https://finance.yahoo.com/quote/PSEI.PS/history
2018-08-15,7520.990234,7566.620117,7513.439941,7540.919922,54400,https://finance.yahoo.com/quote/PSEI.PS/history
2018-08-16,7534.569824,7541.919922,7478.939941,7517.359863,75700,https://finance.yahoo.com/quote/PSEI.PS/history
2018-08-17,7529.959961,7617.490234,7529.959961,7583.520020,94500,https://finance.yahoo.com/quote/PSEI.PS/history
2018-08-20,7592.169922,7606.810059,7500.529785,7500.529785,43600,https://finance.yahoo.com/quote/PSEI.PS/history
2018-08-22,7551.649902,7632.259766,7529.640137,7632.259766,73400,https://finance.yahoo.com/quote/PSEI.PS/history
2018-08-23,7623.770020,7804.029785,7623.770020,7804.029785,121500,https://finance.yahoo.com/quote/PSEI.PS/history
2018-08-24,7775.520020,7783.290039,7718.169922,7766.470215,131000,https://finance.yahoo.com/quote/PSEI.PS/history
2018-08-28,7769.810059,7861.600098,7769.810059,7844.609863,123400,https://finance.yahoo.com/quote/PSEI.PS/history
2018-08-29,7803.040039,7831.339844,7773.069824,7830.959961,159700,https://finance.yahoo.com/quote/PSEI.PS/history
2018-08-30,7818.270020,7875.160156,7818.270020,7853.160156,151000,https://finance.yahoo.com/quote/PSEI.PS/history
2018-08-31,7838.060059,7855.709961,7776.850098,7855.709961,174700,https://finance.yahoo.com/quote/PSEI.PS/history
2018-09-03,7879.000000,7879.000000,7820.919922,7832.220215,147800,https://finance.yahoo.com/quote/PSEI.PS/history
2018-09-04,7842.680176,7881.819824,7828.379883,7881.819824,89700,https://finance.yahoo.com/quote/PSEI.PS/history
2018-09-05,7859.759766,7861.399902,7699.020020,7752.270020,120200,https://finance.yahoo.com/quote/PSEI.PS/history
2018-09-06,7715.140137,7715.140137,7552.240234,7638.709961,121200,https://finance.yahoo.com/quote/PSEI.PS/history
2018-09-07,7597.419922,7620.879883,7526.729980,7598.640137,112000,https://finance.yahoo.com/quote/PSEI.PS/history
2018-09-10,7591.509766,7605.569824,7466.270020,7596.149902,111600,https://finance.yahoo.com/quote/PSEI.PS/history
2018-09-11,7582.810059,7582.810059,7492.399902,7518.009766,77400,https://finance.yahoo.com/quote/PSEI.PS/history
2018-09-12,7505.200195,7534.229980,7449.200195,7449.200195,88900,https://finance.yahoo.com/quote/PSEI.PS/history
2018-09-13,7473.399902,7517.370117,7452.810059,7517.370117,87000,https://finance.yahoo.com/quote/PSEI.PS/history
2018-09-14,7508.339844,7517.629883,7413.149902,7413.149902,88300,https://finance.yahoo.com/quote/PSEI.PS/history
2018-09-17,7424.879883,7433.689941,7399.189941,7413.560059,53600,https://finance.yahoo.com/quote/PSEI.PS/history
2018-09-18,7411.770020,7418.540039,7273.979980,7286.339844,96700,https://finance.yahoo.com/quote/PSEI.PS/history
2018-09-19,7285.569824,7337.680176,7203.359863,7221.229980,100500,https://finance.yahoo.com/quote/PSEI.PS/history
2018-09-20,7256.529785,7259.759766,7134.729980,7134.729980,90400,https://finance.yahoo.com/quote/PSEI.PS/history
2018-09-21,7184.569824,7383.000000,7180.000000,7383.000000,194300,https://finance.yahoo.com/quote/PSEI.PS/history
2018-09-24,7361.580078,7433.609863,7361.580078,7433.609863,67700,https://finance.yahoo.com/quote/PSEI.PS/history
2018-09-25,7426.660156,7426.660156,7331.750000,7332.169922,57200,https://finance.yahoo.com/quote/PSEI.PS/history
2018-09-26,7342.609863,7342.609863,7205.040039,7268.209961,136300,https://finance.yahoo.com/quote/PSEI.PS/history
2018-09-27,7272.439941,7320.589844,7215.669922,7320.589844,78900,https://finance.yahoo.com/quote/PSEI.PS/history
2018-09-28,7313.669922,7375.520020,7276.819824,7276.819824,103200,https://finance.yahoo.com/quote/PSEI.PS/history
2018-10-01,7256.540039,7261.399902,7176.200195,7222.080078,63300,https://finance.yahoo.com/quote/PSEI.PS/history
2018-10-02,7237.410156,7237.410156,7093.919922,7132.359863,101400,https://finance.yahoo.com/quote/PSEI.PS/history
2018-10-03,7129.399902,7210.870117,7095.259766,7210.870117,56300,https://finance.yahoo.com/quote/PSEI.PS/history
2018-10-04,7190.830078,7194.060059,7093.339844,7093.339844,60100,https://finance.yahoo.com/quote/PSEI.PS/history
2018-10-05,7093.919922,7102.330078,7072.279785,7078.200195,59600,https://finance.yahoo.com/quote/PSEI.PS/history
2018-10-08,7079.879883,7123.290039,7050.819824,7050.819824,56300,https://finance.yahoo.com/quote/PSEI.PS/history
2018-10-09,7063.910156,7066.109863,7016.479980,7059.379883,59800,https://finance.yahoo.com/quote/PSEI.PS/history
2018-10-10,7092.799805,7092.799805,6960.430176,7001.140137,86300,https://finance.yahoo.com/quote/PSEI.PS/history
2018-10-11,6934.759766,6934.759766,6790.580078,6884.379883,96400,https://finance.yahoo.com/quote/PSEI.PS/history
2018-10-12,6872.890137,7004.770020,6847.859863,7004.770020,87000,https://finance.yahoo.com/quote/PSEI.PS/history
2018-10-15,7035.970215,7063.379883,6926.509766,6926.509766,72300,https://finance.yahoo.com/quote/PSEI.PS/history
2018-10-16,6936.169922,6987.020020,6894.290039,6987.020020,82500,https://finance.yahoo.com/quote/PSEI.PS/history
2018-10-17,7015.549805,7140.080078,7015.549805,7099.680176,99600,https://finance.yahoo.com/quote/PSEI.PS/history
2018-10-18,7095.890137,7141.250000,7060.839844,7141.250000,47700,https://finance.yahoo.com/quote/PSEI.PS/history
2018-10-19,7122.500000,7162.680176,7086.569824,7151.520020,88100,https://finance.yahoo.com/quote/PSEI.PS/history
2018-10-22,7144.979980,7251.080078,7124.700195,7236.160156,79300,https://finance.yahoo.com/quote/PSEI.PS/history
2018-10-23,7262.709961,7265.109863,7159.720215,7197.620117,66100,https://finance.yahoo.com/quote/PSEI.PS/history
2018-10-24,7185.830078,7186.319824,7129.419922,7129.419922,77900,https://finance.yahoo.com/quote/PSEI.PS/history
2018-10-25,7086.169922,7086.169922,6941.100098,6966.839844,108300,https://finance.yahoo.com/quote/PSEI.PS/history
2018-10-26,6987.799805,7065.379883,6979.069824,7064.330078,59300,https://finance.yahoo.com/quote/PSEI.PS/history
2018-10-29,7054.649902,7109.029785,7046.109863,7109.029785,51300,https://finance.yahoo.com/quote/PSEI.PS/history
2018-10-30,7093.750000,7097.390137,7016.060059,7016.060059,47000,https://finance.yahoo.com/quote/PSEI.PS/history
2018-10-31,7032.629883,7140.290039,7032.629883,7140.290039,150600,https://finance.yahoo.com/quote/PSEI.PS/history
2018-11-05,7204.129883,7242.990234,7189.629883,7213.439941,71402900,https://finance.yahoo.com/quote/PSEI.PS/history
2018-11-06,7213.209961,7276.540039,7162.169922,7180.109863,0,https://finance.yahoo.com/quote/PSEI.PS/history
2018-11-07,7181.259766,7185.609863,6994.259766,7133.930176,0,https://finance.yahoo.com/quote/PSEI.PS/history
2018-11-08,7025.080078,7027.000000,6946.830078,7006.540039,0,https://finance.yahoo.com/quote/PSEI.PS/history
2018-11-09,7039.390137,7039.390137,6941.990234,6968.819824,84800,https://finance.yahoo.com/quote/PSEI.PS/history
2018-11-12,6926.200195,6926.200195,6926.200195,6926.200195,0,https://finance.yahoo.com/quote/PSEI.PS/history
2018-11-13,6912.140137,6913.509766,6820.220215,6843.830078,0,https://finance.yahoo.com/quote/PSEI.PS/history
2018-11-14,6867.330078,6932.399902,6861.089844,6923.080078,0,https://finance.yahoo.com/quote/PSEI.PS/history
2018-11-15,6912.189941,6971.629883,6898.549805,6952.589844,0,https://finance.yahoo.com/quote/PSEI.PS/history
2018-11-16,7009.080078,7121.850098,7009.080078,7083.339844,162700,https://finance.yahoo.com/quote/PSEI.PS/history
2018-11-19,7105.810059,7270.259766,7099.680176,7270.259766,0,https://finance.yahoo.com/quote/PSEI.PS/history
2018-11-20,7234.810059,7311.540039,7171.799805,7302.939941,0,https://finance.yahoo.com/quote/PSEI.PS/history
2018-11-21,7262.240234,7267.129883,7202.939941,7265.450195,0,https://finance.yahoo.com/quote/PSEI.PS/history
2018-11-22,7260.810059,7278.879883,7228.350098,7268.379883,0,https://finance.yahoo.com/quote/PSEI.PS/history
2018-11-23,7277.919922,7348.140137,7264.370117,7340.180176,87300,https://finance.yahoo.com/quote/PSEI.PS/history
2018-11-26,7352.290039,7428.290039,7332.430176,7397.870117,0,https://finance.yahoo.com/quote/PSEI.PS/history
2018-11-27,7399.890137,7413.629883,7349.720215,7413.629883,0,https://finance.yahoo.com/quote/PSEI.PS/history
2018-11-28,7420.259766,7423.779785,7350.279785,7382.430176,0,https://finance.yahoo.com/quote/PSEI.PS/history
2018-11-29,7409.350098,7482.350098,7367.850098,7367.850098,344400,https://finance.yahoo.com/quote/PSEI.PS/history
2018-12-03,7468.620117,7539.669922,7468.620117,7532.899902,0,https://finance.yahoo.com/quote/PSEI.PS/history
2018-12-04,7537.410156,7703.919922,7522.970215,7703.919922,0,https://finance.yahoo.com/quote/PSEI.PS/history
2018-12-05,7579.959961,7634.089844,7550.959961,7630.899902,0,https://finance.yahoo.com/quote/PSEI.PS/history
2018-12-06,7633.919922,7637.180176,7535.319824,7535.319824,0,https://finance.yahoo.com/quote/PSEI.PS/history
2018-12-07,7529.950195,7538.189941,7449.950195,7461.060059,88300,https://finance.yahoo.com/quote/PSEI.PS/history
2018-12-10,7445.509766,7445.509766,7348.209961,7348.209961,0,https://finance.yahoo.com/quote/PSEI.PS/history
2018-12-11,7386.109863,7451.080078,7379.049805,7451.080078,0,https://finance.yahoo.com/quote/PSEI.PS/history
2018-12-12,7455.979980,7488.240234,7425.660156,7488.240234,0,https://finance.yahoo.com/quote/PSEI.PS/history
2018-12-13,7514.350098,7556.240234,7513.560059,7522.919922,0,https://finance.yahoo.com/quote/PSEI.PS/history
2018-12-14,7506.399902,7559.270020,7503.089844,7524.370117,128800,https://finance.yahoo.com/quote/PSEI.PS/history
2018-12-17,7501.270020,7538.140137,7490.560059,7520.399902,0,https://finance.yahoo.com/quote/PSEI.PS/history
2018-12-18,7478.359863,7482.209961,7397.229980,7420.399902,0,https://finance.yahoo.com/quote/PSEI.PS/history
2018-12-19,7412.279785,7579.620117,7406.529785,7579.620117,0,https://finance.yahoo.com/quote/PSEI.PS/history
2018-12-20,7514.069824,7584.439941,7498.189941,7563.410156,0,https://finance.yahoo.com/quote/PSEI.PS/history
2018-12-21,7536.870117,7548.129883,7452.240234,7479.709961,123500,https://finance.yahoo.com/quote/PSEI.PS/history
2018-12-26,7436.729980,7453.220215,7378.879883,7450.009766,0,https://finance.yahoo.com/quote/PSEI.PS/history
2018-12-27,7465.040039,7514.330078,7447.220215,7482.660156,0,https://finance.yahoo.com/quote/PSEI.PS/history
2018-12-28,7497.160156,7507.290039,7466.020020,7466.020020,82400,https://finance.yahoo.com/quote/PSEI.PS/history
2019-01-02,7496.569824,7540.259766,7465.759766,7489.200195,0,https://finance.yahoo.com/quote/PSEI.PS/history
2019-01-03,7507.479980,7680.600098,7490.279785,7680.600098,0,https://finance.yahoo.com/quote/PSEI.PS/history
2019-01-04,7657.180176,7801.500000,7657.180176,7761.109863,160400,https://finance.yahoo.com/quote/PSEI.PS/history
2019-01-07,7800.879883,7900.700195,7787.660156,7787.660156,0,https://finance.yahoo.com/quote/PSEI.PS/history
2019-01-08,7820.259766,7826.080078,7702.120117,7702.120117,0,https://finance.yahoo.com/quote/PSEI.PS/history
2019-01-09,7775.209961,7858.359863,7765.910156,7855.220215,0,https://finance.yahoo.com/quote/PSEI.PS/history
2019-01-10,7931.870117,7992.330078,7898.629883,7985.229980,0,https://finance.yahoo.com/quote/PSEI.PS/history
2019-01-11,7965.439941,7965.439941,7855.689941,7904.089844,138400,https://finance.yahoo.com/quote/PSEI.PS/history
2019-01-14,7886.399902,8024.140137,7818.950195,8024.140137,0,https://finance.yahoo.com/quote/PSEI.PS/history
2019-01-15,8009.080078,8027.919922,7976.430176,8013.419922,0,https://finance.yahoo.com/quote/PSEI.PS/history
2019-01-16,7983.459961,7990.649902,7848.700195,7864.700195,0,https://finance.yahoo.com/quote/PSEI.PS/history
2019-01-17,7866.419922,7937.979980,7865.129883,7927.200195,0,https://finance.yahoo.com/quote/PSEI.PS/history
2019-01-18,7932.109863,8057.569824,7919.500000,8047.120117,169200,https://finance.yahoo.com/quote/PSEI.PS/history
2019-01-21,8055.479980,8067.080078,7964.060059,8007.459961,0,https://finance.yahoo.com/quote/PSEI.PS/history
2019-01-22,8023.839844,8029.799805,7979.140137,8008.669922,0,https://finance.yahoo.com/quote/PSEI.PS/history
2019-01-23,7941.049805,7989.649902,7901.640137,7989.649902,0,https://finance.yahoo.com/quote/PSEI.PS/history
2019-01-24,8000.649902,8068.479980,8000.649902,8064.899902,0,https://finance.yahoo.com/quote/PSEI.PS/history
2019-01-25,8075.660156,8116.229980,8038.939941,8053.200195,76400,https://finance.yahoo.com/quote/PSEI.PS/history
2019-01-28,8071.120117,8143.609863,8042.200195,8053.919922,0,https://finance.yahoo.com/quote/PSEI.PS/history
2019-01-29,8086.930176,8087.390137,8014.939941,8050.819824,0,https://finance.yahoo.com/quote/PSEI.PS/history
2019-01-30,8038.770020,8046.950195,7912.160156,7979.950195,0,https://finance.yahoo.com/quote/PSEI.PS/history
2019-01-31,7999.410156,8099.229980,7999.410156,8007.479980,0,https://finance.yahoo.com/quote/PSEI.PS/history
2019-02-01,8038.649902,8165.660156,8038.649902,8144.160156,107200,https://finance.yahoo.com/quote/PSEI.PS/history
2019-02-04,8131.549805,8148.879883,8068.740234,8069.479980,46700,https://finance.yahoo.com/quote/PSEI.PS/history
2019-02-06,8091.450195,8213.709961,8058.450195,8058.450195,0,https://finance.yahoo.com/quote/PSEI.PS/history
2019-02-07,8093.169922,8127.080078,8087.729980,8100.299805,0,https://finance.yahoo.com/quote/PSEI.PS/history
2019-02-08,8091.700195,8096.470215,8035.839844,8070.890137,108500,https://finance.yahoo.com/quote/PSEI.PS/history
2019-02-11,8088.339844,8105.580078,8061.540039,8061.540039,0,https://finance.yahoo.com/quote/PSEI.PS/history
2019-02-12,8076.600098,8083.529785,7984.419922,8009.919922,0,https://finance.yahoo.com/quote/PSEI.PS/history
2019-02-13,8040.339844,8040.430176,7889.459961,7920.240234,0,https://finance.yahoo.com/quote/PSEI.PS/history
2019-02-14,7960.189941,7996.209961,7920.620117,7991.250000,0,https://finance.yahoo.com/quote/PSEI.PS/history
2019-02-15,7965.169922,7999.839844,7908.890137,7908.890137,153100,https://finance.yahoo.com/quote/PSEI.PS/history
2019-02-18,7924.600098,7964.049805,7910.580078,7910.580078,0,https://finance.yahoo.com/quote/PSEI.PS/history
2019-02-19,7923.359863,7938.790039,7830.629883,7833.750000,0,https://finance.yahoo.com/quote/PSEI.PS/history
2019-02-20,7849.080078,7944.589844,7848.470215,7939.240234,0,https://finance.yahoo.com/quote/PSEI.PS/history
2019-02-21,7946.660156,7946.660156,7892.580078,7931.299805,0,https://finance.yahoo.com/quote/PSEI.PS/history
2019-02-22,7940.290039,7962.129883,7894.560059,7962.129883,73500,https://finance.yahoo.com/quote/PSEI.PS/history
2019-02-26,7996.149902,7996.149902,7945.029785,7988.160156,0,https://finance.yahoo.com/quote/PSEI.PS/history
2019-02-27,7962.100098,7972.689941,7877.629883,7889.120117,0,https://finance.yahoo.com/quote/PSEI.PS/history
2019-02-28,7919.990234,7919.990234,7705.490234,7705.490234,0,https://finance.yahoo.com/quote/PSEI.PS/history
2019-03-01,7711.700195,7754.450195,7587.990234,7641.770020,144200,https://finance.yahoo.com/quote/PSEI.PS/history
2019-03-04,7631.899902,7698.439941,7595.919922,7675.470215,0,https://finance.yahoo.com/quote/PSEI.PS/history
2019-03-05,7700.379883,7734.709961,7667.140137,7670.620117,0,https://finance.yahoo.com/quote/PSEI.PS/history
2019-03-06,7674.560059,7821.339844,7674.560059,7821.339844,0,https://finance.yahoo.com/quote/PSEI.PS/history
2019-03-07,7806.500000,7881.790039,7795.209961,7881.790039,0,https://finance.yahoo.com/quote/PSEI.PS/history
2019-03-08,7868.500000,7884.459961,7797.109863,7797.109863,77300,https://finance.yahoo.com/quote/PSEI.PS/history
2019-03-11,7815.279785,7823.799805,7708.720215,7708.720215,127600,https://finance.yahoo.com/quote/PSEI.PS/history
2019-03-12,7728.270020,7773.609863,7728.270020,7747.540039,0,https://finance.yahoo.com/quote/PSEI.PS/history
2019-03-13,7725.620117,7766.149902,7724.790039,7766.149902,85400,https://finance.yahoo.com/quote/PSEI.PS/history
2019-03-14,7741.779785,7763.970215,7718.770020,7750.419922,109900,https://finance.yahoo.com/quote/PSEI.PS/history
2019-03-15,7748.069824,7798.279785,7701.740234,7798.279785,340800,https://finance.yahoo.com/quote/PSEI.PS/history
2019-03-18,7794.580078,7873.020020,7760.509766,7873.020020,83500,https://finance.yahoo.com/quote/PSEI.PS/history
2019-03-19,7863.700195,7878.799805,7843.410156,7843.410156,98600,https://finance.yahoo.com/quote/PSEI.PS/history
2019-03-20,7848.160156,7875.620117,7823.600098,7858.200195,87800,https://finance.yahoo.com/quote/PSEI.PS/history
2019-03-21,7875.779785,7954.720215,7869.310059,7954.720215,134100,https://finance.yahoo.com/quote/PSEI.PS/history
2019-03-22,7956.669922,8032.399902,7951.060059,8013.419922,166500,https://finance.yahoo.com/quote/PSEI.PS/history
2019-03-25,7994.339844,7994.339844,7808.319824,7863.020020,87100,https://finance.yahoo.com/quote/PSEI.PS/history
2019-03-26,7875.299805,7910.689941,7869.430176,7907.029785,76200,https://finance.yahoo.com/quote/PSEI.PS/history
2019-03-27,7915.910156,7915.910156,7840.640137,7861.049805,83500,https://finance.yahoo.com/quote/PSEI.PS/history
2019-03-28,7897.720215,7898.470215,7856.089844,7876.399902,87900,https://finance.yahoo.com/quote/PSEI.PS/history
2019-03-29,7891.089844,7920.930176,7887.470215,7920.930176,129100,https://finance.yahoo.com/quote/PSEI.PS/history
2019-04-01,7923.160156,7923.830078,7809.609863,7840.310059,90900,https://finance.yahoo.com/quote/PSEI.PS/history
2019-04-02,7854.350098,7893.500000,7854.350098,7879.209961,93500,https://finance.yahoo.com/quote/PSEI.PS/history
2019-04-03,7880.479980,7895.060059,7860.509766,7895.060059,74400,https://finance.yahoo.com/quote/PSEI.PS/history
2019-04-04,7892.620117,7897.609863,7835.740234,7854.129883,128600,https://finance.yahoo.com/quote/PSEI.PS/history
2019-04-05,7866.410156,7886.629883,7866.410156,7873.180176,96700,https://finance.yahoo.com/quote/PSEI.PS/history
2019-04-08,7879.470215,7955.270020,7879.470215,7915.629883,132600,https://finance.yahoo.com/quote/PSEI.PS/history
2019-04-10,7976.439941,8008.529785,7953.140137,8008.529785,172600,https://finance.yahoo.com/quote/PSEI.PS/history
2019-04-11,7990.709961,7999.520020,7955.799805,7955.799805,104500,https://finance.yahoo.com/quote/PSEI.PS/history
2019-04-12,7970.959961,7979.529785,7880.819824,7880.819824,93500,https://finance.yahoo.com/quote/PSEI.PS/history
2019-04-15,7887.779785,7914.750000,7787.979980,7787.979980,112000,https://finance.yahoo.com/quote/PSEI.PS/history
2019-04-16,7800.060059,7859.720215,7799.129883,7826.459961,163500,https://finance.yahoo.com/quote/PSEI.PS/history
2019-04-17,7832.709961,7860.740234,7823.859863,7835.149902,129800,https://finance.yahoo.com/quote/PSEI.PS/history
2019-04-22,7840.229980,7858.839844,7818.040039,7832.430176,84200,https://finance.yahoo.com/quote/PSEI.PS/history
2019-04-23,7827.029785,7834.779785,7769.720215,7818.930176,90800,https://finance.yahoo.com/quote/PSEI.PS/history
2019-04-24,7799.060059,7846.990234,7799.060059,7846.990234,166600,https://finance.yahoo.com/quote/PSEI.PS/history
2019-04-25,7848.450195,7894.450195,7831.620117,7894.450195,133200,https://finance.yahoo.com/quote/PSEI.PS/history
2019-04-26,7892.899902,7899.569824,7839.520020,7868.279785,104900,https://finance.yahoo.com/quote/PSEI.PS/history
2019-04-29,7861.220215,7897.020020,7846.330078,7897.020020,0,https://finance.yahoo.com/quote/PSEI.PS/history
2019-04-30,7891.569824,7952.720215,7888.870117,7952.720215,106600,https://finance.yahoo.com/quote/PSEI.PS/history
2019-05-02,7952.520020,8040.779785,7946.790039,8001.569824,131000,https://finance.yahoo.com/quote/PSEI.PS/history
2019-05-03,8004.270020,8077.509766,7967.979980,7967.979980,168900,https://finance.yahoo.com/quote/PSEI.PS/history
2019-05-06,7972.859863,7974.359863,7851.160156,7862.299805,121700,https://finance.yahoo.com/quote/PSEI.PS/history
2019-05-07,7871.509766,7922.049805,7861.339844,7910.629883,0,https://finance.yahoo.com/quote/PSEI.PS/history
2019-05-08,7902.640137,7926.689941,7754.950195,7926.689941,143900,https://finance.yahoo.com/quote/PSEI.PS/history
2019-05-09,7857.750000,7864.020020,7755.620117,7755.620117,168200,https://finance.yahoo.com/quote/PSEI.PS/history
2019-05-10,7755.939941,7841.649902,7719.430176,7742.200195,117200,https://finance.yahoo.com/quote/PSEI.PS/history
2019-05-14,7718.310059,7718.310059,7577.720215,7646.660156,182100,https://finance.yahoo.com/quote/PSEI.PS/history
2019-05-15,7671.160156,7711.189941,7576.709961,7576.709961,116000,https://finance.yahoo.com/quote/PSEI.PS/history
2019-05-16,7559.950195,7586.120117,7475.160156,7475.160156,178700,https://finance.yahoo.com/quote/PSEI.PS/history
2019-05-17,7482.470215,7636.910156,7482.470215,7583.819824,134400,https://finance.yahoo.com/quote/PSEI.PS/history
2019-05-20,7586.950195,7660.140137,7533.950195,7660.140137,83800,https://finance.yahoo.com/quote/PSEI.PS/history
2019-05-21,7662.479980,7740.879883,7639.589844,7721.560059,96500,https://finance.yahoo.com/quote/PSEI.PS/history
2019-05-22,7731.029785,7838.549805,7725.430176,7815.069824,111600,https://finance.yahoo.com/quote/PSEI.PS/history
2019-05-23,7807.500000,7821.890137,7764.109863,7804.029785,82300,https://finance.yahoo.com/quote/PSEI.PS/history
2019-05-24,7770.629883,7770.629883,7664.520020,7747.089844,85800,https://finance.yahoo.com/quote/PSEI.PS/history
2019-05-27,7718.799805,7742.450195,7693.939941,7725.009766,69900,https://finance.yahoo.com/quote/PSEI.PS/history
2019-05-28,7728.390137,7784.660156,7702.899902,7761.290039,350900,https://finance.yahoo.com/quote/PSEI.PS/history
2019-05-29,7778.479980,7816.379883,7778.479980,7797.750000,96800,https://finance.yahoo.com/quote/PSEI.PS/history
2019-05-30,7810.560059,7908.500000,7809.109863,7836.549805,159300,https://finance.yahoo.com/quote/PSEI.PS/history
2019-05-31,7872.770020,7970.020020,7872.770020,7970.020020,148600,https://finance.yahoo.com/quote/PSEI.PS/history
2019-06-03,7963.330078,8139.740234,7951.870117,8084.879883,166500,https://finance.yahoo.com/quote/PSEI.PS/history
2019-06-04,8075.779785,8083.370117,7945.370117,7945.370117,105000,https://finance.yahoo.com/quote/PSEI.PS/history
2019-06-06,7980.390137,7980.390137,7937.729980,7959.859863,119900,https://finance.yahoo.com/quote/PSEI.PS/history
2019-06-07,7955.799805,7983.979980,7921.799805,7983.979980,60300,https://finance.yahoo.com/quote/PSEI.PS/history
2019-06-10,7981.589844,8055.049805,7967.240234,8045.390137,90200,https://finance.yahoo.com/quote/PSEI.PS/history
2019-06-11,8045.979980,8108.259766,8030.979980,8030.979980,106100,https://finance.yahoo.com/quote/PSEI.PS/history
2019-06-13,8032.220215,8051.759766,7953.279785,8051.759766,113400,https://finance.yahoo.com/quote/PSEI.PS/history
2019-06-14,8058.209961,8058.209961,7944.819824,7990.200195,96300,https://finance.yahoo.com/quote/PSEI.PS/history
2019-06-17,7991.779785,7991.779785,7908.990234,7908.990234,59500,https://finance.yahoo.com/quote/PSEI.PS/history
2019-06-18,7898.439941,7935.140137,7875.500000,7922.040039,73900,https://finance.yahoo.com/quote/PSEI.PS/history
2019-06-19,7941.490234,8017.009766,7937.959961,8017.009766,84200,https://finance.yahoo.com/quote/PSEI.PS/history
2019-06-20,7984.799805,8022.419922,7952.859863,8022.419922,109900,https://finance.yahoo.com/quote/PSEI.PS/history
2019-06-21,8032.859863,8055.470215,7999.020020,8055.470215,219200,https://finance.yahoo.com/quote/PSEI.PS/history
2019-06-24,8067.580078,8103.910156,8060.580078,8060.580078,101300,https://finance.yahoo.com/quote/PSEI.PS/history
2019-06-25,8074.149902,8100.080078,8034.089844,8034.089844,105100,https://finance.yahoo.com/quote/PSEI.PS/history
2019-06-26,8025.040039,8051.589844,7983.140137,8013.569824,114400,https://finance.yahoo.com/quote/PSEI.PS/history
2019-06-27,8003.370117,8057.640137,8003.220215,8057.640137,104800,https://finance.yahoo.com/quote/PSEI.PS/history
2019-06-28,8032.299805,8042.220215,7951.339844,7999.709961,122000,https://finance.yahoo.com/quote/PSEI.PS/history
2019-07-01,8011.470215,8043.709961,7993.660156,8043.709961,75200,https://finance.yahoo.com/quote/PSEI.PS/history
2019-07-02,8038.220215,8093.600098,8022.520020,8093.600098,119000,https://finance.yahoo.com/quote/PSEI.PS/history
2019-07-03,8100.350098,8122.390137,8092.259766,8092.680176,101300,https://finance.yahoo.com/quote/PSEI.PS/history
2019-07-04,8096.279785,8112.839844,8064.919922,8064.919922,69800,https://finance.yahoo.com/quote/PSEI.PS/history
2019-07-05,8072.209961,8125.160156,8072.209961,8117.939941,84800,https://finance.yahoo.com/quote/PSEI.PS/history
2019-07-08,8108.250000,8108.540039,8051.520020,8051.520020,82400,https://finance.yahoo.com/quote/PSEI.PS/history
2019-07-09,8045.120117,8053.620117,8010.689941,8042.040039,89300,https://finance.yahoo.com/quote/PSEI.PS/history
2019-07-10,8051.450195,8078.209961,8020.870117,8078.209961,86800,https://finance.yahoo.com/quote/PSEI.PS/history
2019-07-11,8098.370117,8154.490234,8083.220215,8154.490234,89700,https://finance.yahoo.com/quote/PSEI.PS/history
2019-07-12,8159.629883,8197.519531,8141.819824,8141.819824,142200,https://finance.yahoo.com/quote/PSEI.PS/history
2019-07-15,8153.879883,8365.290039,8153.879883,8365.290039,139400,https://finance.yahoo.com/quote/PSEI.PS/history
2019-07-16,8354.839844,8419.589844,8263.570312,8263.570312,179700,https://finance.yahoo.com/quote/PSEI.PS/history
2019-07-17,8286.860352,8311.679688,8232.099609,8233.480469,87300,https://finance.yahoo.com/quote/PSEI.PS/history
2019-07-18,8241.589844,8300.490234,8241.589844,8258.049805,70100,https://finance.yahoo.com/quote/PSEI.PS/history
2019-07-19,8280.230469,8311.919922,8264.559570,8270.070312,110600,https://finance.yahoo.com/quote/PSEI.PS/history
2019-07-22,8163.000000,8246.830078,8163.000000,8246.830078,76600,https://finance.yahoo.com/quote/PSEI.PS/history
2019-07-23,8247.929688,8264.889648,8226.230469,8251.459961,92600,https://finance.yahoo.com/quote/PSEI.PS/history
2019-07-24,8217.639648,8243.830078,8161.490234,8161.490234,72500,https://finance.yahoo.com/quote/PSEI.PS/history
2019-07-25,8169.919922,8272.179688,8115.439941,8272.179688,96200,https://finance.yahoo.com/quote/PSEI.PS/history
2019-07-26,8210.519531,8235.459961,8177.040039,8183.990234,75500,https://finance.yahoo.com/quote/PSEI.PS/history
2019-07-29,8190.020020,8205.150391,8116.060059,8188.520020,54600,https://finance.yahoo.com/quote/PSEI.PS/history
2019-07-30,8176.600098,8176.600098,8120.720215,8150.459961,118900,https://finance.yahoo.com/quote/PSEI.PS/history
2019-07-31,8142.160156,8142.160156,8023.450195,8045.799805,105100,https://finance.yahoo.com/quote/PSEI.PS/history
2019-08-01,8035.750000,8098.160156,7975.529785,8098.160156,90800,https://finance.yahoo.com/quote/PSEI.PS/history
2019-08-02,8083.319824,8129.930176,8006.549805,8129.930176,75200,https://finance.yahoo.com/quote/PSEI.PS/history
2019-08-05,8102.000000,8102.000000,7890.020020,7890.020020,124800,https://finance.yahoo.com/quote/PSEI.PS/history
2019-08-06,7832.689941,7832.689941,7720.020020,7766.750000,163600,https://finance.yahoo.com/quote/PSEI.PS/history
2019-08-07,7792.310059,7917.390137,7792.310059,7917.390137,96000,https://finance.yahoo.com/quote/PSEI.PS/history
2019-08-08,7931.910156,7959.339844,7910.459961,7914.160156,136100,https://finance.yahoo.com/quote/PSEI.PS/history
2019-08-09,7918.540039,7941.959961,7854.390137,7854.390137,101200,https://finance.yahoo.com/quote/PSEI.PS/history
2019-08-13,7849.430176,7850.870117,7622.270020,7788.450195,235500,https://finance.yahoo.com/quote/PSEI.PS/history
2019-08-14,7858.649902,7858.649902,7858.649902,7858.649902,0,https://finance.yahoo.com/quote/PSEI.PS/history
2019-08-15,7719.020020,7828.859863,7624.200195,7828.859863,198000,https://finance.yahoo.com/quote/PSEI.PS/history
2019-08-16,7802.560059,7885.939941,7777.069824,7795.979980,167300,https://finance.yahoo.com/quote/PSEI.PS/history
2019-08-19,7813.919922,7938.350098,7765.149902,7938.350098,214000,https://finance.yahoo.com/quote/PSEI.PS/history
2019-08-20,7917.589844,7917.589844,7845.149902,7886.910156,123600,https://finance.yahoo.com/quote/PSEI.PS/history
2019-08-22,7842.089844,7848.830078,7755.419922,7848.830078,268000,https://finance.yahoo.com/quote/PSEI.PS/history
2019-08-23,7806.049805,7889.410156,7747.390137,7889.410156,159400,https://finance.yahoo.com/quote/PSEI.PS/history
2019-08-27,7832.419922,7832.419922,7723.939941,7747.379883,282700,https://finance.yahoo.com/quote/PSEI.PS/history
2019-08-28,7762.580078,7847.500000,7734.419922,7847.500000,180200,https://finance.yahoo.com/quote/PSEI.PS/history
2019-08-29,7851.259766,7892.810059,7800.970215,7892.810059,132300,https://finance.yahoo.com/quote/PSEI.PS/history
2019-08-30,7918.439941,7986.259766,7903.009766,7979.660156,235800,https://finance.yahoo.com/quote/PSEI.PS/history
2019-09-02,7954.149902,7956.680176,7918.529785,7918.529785,88800,https://finance.yahoo.com/quote/PSEI.PS/history
2019-09-03,7804.709961,7804.709961,7804.709961,7804.709961,0,https://finance.yahoo.com/quote/PSEI.PS/history
2019-09-04,7838.770020,7852.160156,7794.580078,7840.859863,101200,https://finance.yahoo.com/quote/PSEI.PS/history
2019-09-05,7861.830078,7916.959961,7854.160156,7898.189941,230800,https://finance.yahoo.com/quote/PSEI.PS/history
2019-09-06,7915.620117,7969.339844,7915.620117,7933.470215,104900,https://finance.yahoo.com/quote/PSEI.PS/history
2019-09-09,7952.879883,7961.009766,7927.890137,7960.120117,52800,https://finance.yahoo.com/quote/PSEI.PS/history
2019-09-10,7933.220215,7938.330078,7893.740234,7929.479980,77700,https://finance.yahoo.com/quote/PSEI.PS/history
2019-09-11,7931.379883,7967.899902,7921.589844,7967.899902,107400,https://finance.yahoo.com/quote/PSEI.PS/history
2019-09-12,7947.250000,7960.240234,7937.990234,7944.430176,110100,https://finance.yahoo.com/quote/PSEI.PS/history
2019-09-13,7950.160156,7995.129883,7941.529785,7992.319824,92800,https://finance.yahoo.com/quote/PSEI.PS/history
2019-09-16,7981.609863,7996.899902,7911.689941,7996.899902,85700,https://finance.yahoo.com/quote/PSEI.PS/history
2019-09-17,7969.669922,7969.669922,7910.250000,7932.229980,76700,https://finance.yahoo.com/quote/PSEI.PS/history
2019-09-18,7932.689941,7932.689941,7892.950195,7915.290039,76200,https://finance.yahoo.com/quote/PSEI.PS/history
2019-09-19,7911.879883,7919.850098,7885.180176,7911.319824,62600,https://finance.yahoo.com/quote/PSEI.PS/history
2019-09-20,7902.330078,7906.250000,7864.109863,7871.109863,168900,https://finance.yahoo.com/quote/PSEI.PS/history
2019-09-23,7872.120117,7877.439941,7823.129883,7867.509766,88400,https://finance.yahoo.com/quote/PSEI.PS/history
2019-09-24,7865.379883,7893.939941,7850.270020,7893.939941,171700,https://finance.yahoo.com/quote/PSEI.PS/history
2019-09-25,7890.000000,7896.240234,7790.290039,7896.240234,109700,https://finance.yahoo.com/quote/PSEI.PS/history
2019-09-26,7893.669922,7905.740234,7865.100098,7896.479980,92500,https://finance.yahoo.com/quote/PSEI.PS/history
2019-09-27,7908.390137,7908.390137,7808.189941,7819.220215,167300,https://finance.yahoo.com/quote/PSEI.PS/history
2019-09-30,7825.200195,7825.200195,7775.509766,7779.069824,156900,https://finance.yahoo.com/quote/PSEI.PS/history
2019-10-01,7785.240234,7792.580078,7710.549805,7739.859863,119400,https://finance.yahoo.com/quote/PSEI.PS/history
2019-10-02,7721.560059,7721.560059,7610.680176,7610.680176,136700,https://finance.yahoo.com/quote/PSEI.PS/history
2019-10-03,7587.689941,7587.689941,7514.049805,7545.549805,116800,https://finance.yahoo.com/quote/PSEI.PS/history
2019-10-04,7570.430176,7704.600098,7570.430176,7704.600098,137100,https://finance.yahoo.com/quote/PSEI.PS/history
2019-10-07,7697.419922,7715.850098,7655.459961,7683.220215,88800,https://finance.yahoo.com/quote/PSEI.PS/history
2019-10-08,7706.770020,7792.549805,7691.049805,7756.720215,167400,https://finance.yahoo.com/quote/PSEI.PS/history
2019-10-09,7742.459961,7742.459961,7676.470215,7681.250000,66000,https://finance.yahoo.com/quote/PSEI.PS/history
2019-10-10,7711.220215,7765.029785,7706.779785,7765.029785,97200,https://finance.yahoo.com/quote/PSEI.PS/history
2019-10-11,7766.720215,7874.160156,7749.549805,7849.939941,78800,https://finance.yahoo.com/quote/PSEI.PS/history
2019-10-14,7854.040039,7908.339844,7853.919922,7884.290039,119800,https://finance.yahoo.com/quote/PSEI.PS/history
2019-10-15,7887.459961,7887.459961,7816.080078,7840.310059,153200,https://finance.yahoo.com/quote/PSEI.PS/history
2019-10-16,7838.830078,7915.299805,7814.470215,7915.299805,169400,https://finance.yahoo.com/quote/PSEI.PS/history
2019-10-17,7913.549805,7930.549805,7894.580078,7930.549805,77600,https://finance.yahoo.com/quote/PSEI.PS/history
2019-10-18,7934.089844,7934.089844,7885.229980,7885.229980,122600,https://finance.yahoo.com/quote/PSEI.PS/history
2019-10-21,7874.799805,7891.950195,7849.790039,7891.129883,61600,https://finance.yahoo.com/quote/PSEI.PS/history
2019-10-22,7884.990234,7955.240234,7884.020020,7955.240234,106000,https://finance.yahoo.com/quote/PSEI.PS/history
2019-10-23,7929.089844,7933.759766,7890.649902,7933.759766,74300,https://finance.yahoo.com/quote/PSEI.PS/history
2019-10-24,7927.600098,7968.140137,7914.580078,7950.979980,86600,https://finance.yahoo.com/quote/PSEI.PS/history
2019-10-25,7985.520020,7985.520020,7917.160156,7922.500000,170300,https://finance.yahoo.com/quote/PSEI.PS/history
2019-10-28,7935.009766,7954.709961,7912.870117,7946.529785,88000,https://finance.yahoo.com/quote/PSEI.PS/history
2019-10-29,7947.560059,7991.189941,7928.729980,7991.189941,141700,https://finance.yahoo.com/quote/PSEI.PS/history
2019-10-30,8020.770020,8020.770020,7965.770020,8020.060059,104300,https://finance.yahoo.com/quote/PSEI.PS/history
2019-10-31,8020.430176,8020.680176,7967.540039,7977.120117,133700,https://finance.yahoo.com/quote/PSEI.PS/history
2019-11-04,8002.470215,8059.819824,8002.470215,8059.649902,109100,https://finance.yahoo.com/quote/PSEI.PS/history
2019-11-05,8055.879883,8216.679688,8055.560059,8104.850098,133300,https://finance.yahoo.com/quote/PSEI.PS/history
2019-11-06,8216.919922,8216.919922,8025.879883,8025.879883,153700,https://finance.yahoo.com/quote/PSEI.PS/history
2019-11-07,8083.040039,8083.040039,8020.910156,8073.810059,92700,https://finance.yahoo.com/quote/PSEI.PS/history
2019-11-08,8044.899902,8065.759766,7989.479980,8065.759766,245300,https://finance.yahoo.com/quote/PSEI.PS/history
2019-11-11,8055.240234,8059.580078,8002.770020,8009.379883,105400,https://finance.yahoo.com/quote/PSEI.PS/history
2019-11-12,8009.970215,8012.339844,7962.720215,8012.339844,96700,https://finance.yahoo.com/quote/PSEI.PS/history
2019-11-13,7988.779785,7988.779785,7914.450195,7947.470215,95000,https://finance.yahoo.com/quote/PSEI.PS/history
2019-11-14,7926.069824,7933.709961,7881.240234,7933.709961,106800,https://finance.yahoo.com/quote/PSEI.PS/history
2019-11-15,7938.589844,7946.419922,7905.529785,7932.959961,120500,https://finance.yahoo.com/quote/PSEI.PS/history
2019-11-18,7925.189941,7925.189941,7859.040039,7880.939941,67000,https://finance.yahoo.com/quote/PSEI.PS/history
2019-11-19,7882.259766,7912.140137,7882.259766,7912.140137,296600,https://finance.yahoo.com/quote/PSEI.PS/history
2019-11-20,7896.560059,7898.060059,7851.850098,7898.060059,120500,https://finance.yahoo.com/quote/PSEI.PS/history
2019-11-21,7882.040039,7882.040039,7744.180176,7818.890137,139300,https://finance.yahoo.com/quote/PSEI.PS/history
2019-11-22,7882.040039,7882.040039,7744.180176,7818.890137,141800,https://finance.yahoo.com/quote/PSEI.PS/history
2019-11-25,7787.479980,7803.870117,7750.229980,7771.620117,151300,https://finance.yahoo.com/quote/PSEI.PS/history
2019-11-26,7760.379883,7817.200195,7707.799805,7707.799805,934800,https://finance.yahoo.com/quote/PSEI.PS/history
2019-11-27,7747.430176,7842.520020,7744.029785,7836.890137,0,https://finance.yahoo.com/quote/PSEI.PS/history
2019-11-28,7808.580078,7826.819824,7748.950195,7768.660156,157200,https://finance.yahoo.com/quote/PSEI.PS/history
2019-11-29,7754.700195,7773.830078,7712.390137,7738.959961,115000,https://finance.yahoo.com/quote/PSEI.PS/history
2019-12-02,7769.259766,7877.189941,7753.759766,7877.189941,112900,https://finance.yahoo.com/quote/PSEI.PS/history
2019-12-03,7858.959961,7888.459961,7829.350098,7855.180176,123600,https://finance.yahoo.com/quote/PSEI.PS/history
2019-12-04,7848.529785,7848.529785,7772.049805,7815.930176,250600,https://finance.yahoo.com/quote/PSEI.PS/history
2019-12-05,7789.740234,7817.970215,7777.069824,7790.910156,171400,https://finance.yahoo.com/quote/PSEI.PS/history
2019-12-06,7796.439941,7811.189941,7760.750000,7801.720215,152400,https://finance.yahoo.com/quote/PSEI.PS/history
2019-12-09,7825.129883,7838.490234,7779.799805,7779.799805,171600,https://finance.yahoo.com/quote/PSEI.PS/history
2019-12-10,7760.169922,7777.450195,7735.609863,7736.180176,117800,https://finance.yahoo.com/quote/PSEI.PS/history
2019-12-11,7752.229980,7801.100098,7751.529785,7786.410156,254700,https://finance.yahoo.com/quote/PSEI.PS/history
2019-12-12,7744.149902,7787.740234,7720.500000,7741.069824,327800,https://finance.yahoo.com/quote/PSEI.PS/history
2019-12-13,7818.399902,7884.169922,7804.979980,7877.629883,390100,https://finance.yahoo.com/quote/PSEI.PS/history
2019-12-16,7882.759766,7892.290039,7701.600098,7701.600098,0,https://finance.yahoo.com/quote/PSEI.PS/history
2019-12-17,7708.069824,7730.450195,7631.080078,7730.450195,0,https://finance.yahoo.com/quote/PSEI.PS/history
2019-12-18,7751.290039,7751.290039,7682.939941,7733.669922,0,https://finance.yahoo.com/quote/PSEI.PS/history
2019-12-19,7751.209961,7751.209961,7617.750000,7653.939941,194600,https://finance.yahoo.com/quote/PSEI.PS/history
2019-12-20,7643.990234,7773.120117,7469.410156,7773.120117,303800,https://finance.yahoo.com/quote/PSEI.PS/history
2019-12-23,7745.959961,7872.600098,7745.259766,7872.600098,124400,https://finance.yahoo.com/quote/PSEI.PS/history
2019-12-26,7794.529785,7842.279785,7772.970215,7842.279785,96200,https://finance.yahoo.com/quote/PSEI.PS/history
2019-12-27,7848.390137,7891.990234,7815.259766,7815.259766,177800,https://finance.yahoo.com/quote/PSEI.PS/history
2020-01-02,7721.259766,7742.529785,7643.979980,7742.529785,101100,https://finance.yahoo.com/quote/PSEI.PS/history
2020-01-03,7737.700195,7890.939941,7737.700195,7839.790039,118900,https://finance.yahoo.com/quote/PSEI.PS/history
2020-01-06,7802.859863,7802.859863,7697.890137,7797.870117,102100,https://finance.yahoo.com/quote/PSEI.PS/history
2020-01-07,7787.319824,7840.700195,7781.209961,7840.700195,248600,https://finance.yahoo.com/quote/PSEI.PS/history
2020-01-08,7762.479980,7767.620117,7721.290039,7736.240234,122300,https://finance.yahoo.com/quote/PSEI.PS/history
2020-01-09,7736.629883,7797.640137,7736.629883,7797.640137,135500,https://finance.yahoo.com/quote/PSEI.PS/history
2020-01-10,7794.899902,7794.899902,7729.049805,7776.770020,102200,https://finance.yahoo.com/quote/PSEI.PS/history
2020-01-14,7761.589844,7793.250000,7684.279785,7793.250000,187100,https://finance.yahoo.com/quote/PSEI.PS/history
2020-01-15,7784.140137,7784.140137,7664.399902,7664.399902,132800,https://finance.yahoo.com/quote/PSEI.PS/history
2020-01-16,7674.479980,7679.279785,7614.729980,7653.180176,121400,https://finance.yahoo.com/quote/PSEI.PS/history
2020-01-17,7691.870117,7722.580078,7648.939941,7722.580078,109300,https://finance.yahoo.com/quote/PSEI.PS/history
2020-01-20,7727.450195,7727.450195,7513.950195,7552.600098,149200,https://finance.yahoo.com/quote/PSEI.PS/history
2020-01-21,7570.200195,7586.589844,7442.129883,7466.649902,152700,https://finance.yahoo.com/quote/PSEI.PS/history
2020-01-22,7469.140137,7478.100098,7425.859863,7468.729980,140400,https://finance.yahoo.com/quote/PSEI.PS/history
2020-01-23,7503.640137,7616.350098,7495.600098,7616.350098,119100,https://finance.yahoo.com/quote/PSEI.PS/history
2020-01-24,7622.120117,7635.620117,7581.120117,7623.410156,106100,https://finance.yahoo.com/quote/PSEI.PS/history
2020-01-27,7616.899902,7624.370117,7580.669922,7587.629883,0,https://finance.yahoo.com/quote/PSEI.PS/history
2020-01-28,7563.120117,7563.120117,7468.700195,7468.700195,101500,https://finance.yahoo.com/quote/PSEI.PS/history
2020-01-29,7472.529785,7472.529785,7423.669922,7462.310059,120400,https://finance.yahoo.com/quote/PSEI.PS/history
2020-01-30,7466.450195,7484.649902,7392.680176,7392.680176,0,https://finance.yahoo.com/quote/PSEI.PS/history
2020-01-31,7413.169922,7446.259766,7200.790039,7200.790039,219400,https://finance.yahoo.com/quote/PSEI.PS/history
2020-02-03,7206.220215,7219.609863,7129.189941,7137.029785,128900,https://finance.yahoo.com/quote/PSEI.PS/history
2020-02-04,7172.410156,7276.399902,7158.200195,7226.899902,132800,https://finance.yahoo.com/quote/PSEI.PS/history
2020-02-05,7291.439941,7352.850098,7281.419922,7352.850098,137600,https://finance.yahoo.com/quote/PSEI.PS/history
2020-02-06,7373.589844,7506.509766,7373.589844,7506.209961,141000,https://finance.yahoo.com/quote/PSEI.PS/history
2020-02-07,7447.330078,7507.200195,7429.609863,7507.200195,96700,https://finance.yahoo.com/quote/PSEI.PS/history
2020-02-10,7510.839844,7510.839844,7414.009766,7430.859863,119500,https://finance.yahoo.com/quote/PSEI.PS/history
2020-02-11,7444.660156,7444.660156,7403.229980,7439.399902,104800,https://finance.yahoo.com/quote/PSEI.PS/history
2020-02-12,7435.250000,7440.310059,7383.100098,7383.100098,0,https://finance.yahoo.com/quote/PSEI.PS/history
2020-02-13,7390.100098,7403.120117,7332.910156,7403.120117,119200,https://finance.yahoo.com/quote/PSEI.PS/history
2020-02-14,7405.149902,7405.149902,7282.000000,7282.000000,145100,https://finance.yahoo.com/quote/PSEI.PS/history
2020-02-17,7305.660156,7348.040039,7292.950195,7326.850098,92800,https://finance.yahoo.com/quote/PSEI.PS/history
2020-02-18,7329.029785,7346.000000,7311.500000,7322.890137,92400,https://finance.yahoo.com/quote/PSEI.PS/history
2020-02-19,7319.990234,7396.939941,7319.990234,7396.939941,114200,https://finance.yahoo.com/quote/PSEI.PS/history
2020-02-20,7426.910156,7472.990234,7413.000000,7413.000000,0,https://finance.yahoo.com/quote/PSEI.PS/history
2020-02-21,7430.569824,7431.029785,7366.799805,7369.779785,183300,https://finance.yahoo.com/quote/PSEI.PS/history
2020-02-24,7267.859863,7270.470215,7180.100098,7187.439941,120700,https://finance.yahoo.com/quote/PSEI.PS/history
2020-02-26,7101.879883,7101.879883,6879.089844,6909.839844,225400,https://finance.yahoo.com/quote/PSEI.PS/history
2020-02-27,6890.020020,6979.569824,6890.020020,6967.839844,215900,https://finance.yahoo.com/quote/PSEI.PS/history
2020-02-28,6858.910156,6858.910156,6769.970215,6787.910156,247900,https://finance.yahoo.com/quote/PSEI.PS/history
2020-03-02,6759.370117,6866.129883,6700.750000,6749.279785,155300,https://finance.yahoo.com/quote/PSEI.PS/history
2020-03-03,6854.899902,6886.109863,6790.540039,6790.540039,170500,https://finance.yahoo.com/quote/PSEI.PS/history
2020-03-04,6791.140137,6867.259766,6710.180176,6867.259766,171100,https://finance.yahoo.com/quote/PSEI.PS/history
2020-03-05,6899.020020,6941.200195,6872.970215,6884.770020,0,https://finance.yahoo.com/quote/PSEI.PS/history
2020-03-06,6871.140137,6871.140137,6745.319824,6770.379883,227000,https://finance.yahoo.com/quote/PSEI.PS/history
2020-03-09,6575.540039,6575.540039,6312.609863,6312.609863,242800,https://finance.yahoo.com/quote/PSEI.PS/history
2020-03-10,6165.819824,6387.529785,6103.750000,6318.379883,240000,https://finance.yahoo.com/quote/PSEI.PS/history
2020-03-11,6384.279785,6495.709961,6336.680176,6353.259766,192100,https://finance.yahoo.com/quote/PSEI.PS/history
2020-03-12,6235.850098,6235.850098,5697.129883,5736.270020,265100,https://finance.yahoo.com/quote/PSEI.PS/history
2020-03-13,5362.919922,5878.399902,5097.899902,5793.939941,334700,https://finance.yahoo.com/quote/PSEI.PS/history
2020-03-16,5506.959961,5533.169922,5335.370117,5335.370117,246600,https://finance.yahoo.com/quote/PSEI.PS/history
2020-03-19,4623.419922,4623.419922,4623.419922,4623.419922,0,https://finance.yahoo.com/quote/PSEI.PS/history
2020-03-20,4761.890137,4936.200195,4677.660156,4778.759766,217900,https://finance.yahoo.com/quote/PSEI.PS/history
2020-03-23,4527.290039,4743.370117,4509.220215,4743.370117,217800,https://finance.yahoo.com/quote/PSEI.PS/history
2020-03-24,4817.060059,4864.859863,4771.779785,4774.270020,0,https://finance.yahoo.com/quote/PSEI.PS/history
2020-03-25,5006.759766,5073.580078,4964.000000,5027.759766,446800,https://finance.yahoo.com/quote/PSEI.PS/history
2020-03-26,5128.270020,5401.580078,5076.259766,5401.580078,262200,https://finance.yahoo.com/quote/PSEI.PS/history
2020-03-27,5493.580078,5641.939941,5266.620117,5266.620117,275100,https://finance.yahoo.com/quote/PSEI.PS/history
2020-03-30,5234.990234,5234.990234,4984.790039,5131.160156,0,https://finance.yahoo.com/quote/PSEI.PS/history
2020-03-31,5227.370117,5340.089844,5226.270020,5321.229980,0,https://finance.yahoo.com/quote/PSEI.PS/history
2020-04-01,5321.790039,5408.520020,5290.850098,5408.520020,163800,https://finance.yahoo.com/quote/PSEI.PS/history
2020-04-02,5280.129883,5342.310059,5247.569824,5342.310059,131200,https://finance.yahoo.com/quote/PSEI.PS/history
2020-04-03,5370.850098,5372.700195,5315.399902,5346.970215,123300,https://finance.yahoo.com/quote/PSEI.PS/history
2020-04-06,5380.509766,5570.810059,5345.939941,5570.810059,220400,https://finance.yahoo.com/quote/PSEI.PS/history
2020-04-07,5694.680176,5713.629883,5597.979980,5650.009766,231100,https://finance.yahoo.com/quote/PSEI.PS/history
2020-04-08,5593.709961,5593.709961,5498.540039,5510.830078,186900,https://finance.yahoo.com/quote/PSEI.PS/history
2020-04-13,5551.959961,5610.979980,5521.490234,5610.979980,169100,https://finance.yahoo.com/quote/PSEI.PS/history
2020-04-14,5657.759766,5780.879883,5640.850098,5780.879883,205000,https://finance.yahoo.com/quote/PSEI.PS/history
2020-04-15,5824.759766,5946.049805,5807.680176,5946.049805,279200,https://finance.yahoo.com/quote/PSEI.PS/history
2020-04-16,5828.759766,5828.759766,5525.600098,5525.600098,251800,https://finance.yahoo.com/quote/PSEI.PS/history
2020-04-17,5704.399902,5789.970215,5694.939941,5789.970215,197200,https://finance.yahoo.com/quote/PSEI.PS/history
2020-04-20,5813.930176,5816.899902,5704.200195,5733.649902,121500,https://finance.yahoo.com/quote/PSEI.PS/history
2020-04-21,5704.299805,5704.299805,5571.080078,5592.250000,139200,https://finance.yahoo.com/quote/PSEI.PS/history
2020-04-22,5517.669922,5577.910156,5461.939941,5573.750000,113900,https://finance.yahoo.com/quote/PSEI.PS/history
2020-04-23,5631.839844,5672.080078,5599.549805,5599.549805,82000,https://finance.yahoo.com/quote/PSEI.PS/history
2020-04-24,5622.759766,5622.759766,5464.979980,5464.979980,135700,https://finance.yahoo.com/quote/PSEI.PS/history
2020-04-27,5493.209961,5493.209961,5390.970215,5450.450195,86600,https://finance.yahoo.com/quote/PSEI.PS/history
2020-04-28,5470.830078,5574.979980,5466.470215,5574.979980,126700,https://finance.yahoo.com/quote/PSEI.PS/history
2020-04-29,5589.270020,5656.009766,5556.229980,5643.970215,127400,https://finance.yahoo.com/quote/PSEI.PS/history
2020-04-30,5695.129883,5716.879883,5654.959961,5700.709961,161300,https://finance.yahoo.com/quote/PSEI.PS/history
2020-05-04,5601.390137,5601.390137,5502.049805,5572.089844,135600,https://finance.yahoo.com/quote/PSEI.PS/history
2020-05-05,5610.000000,5703.959961,5603.399902,5671.669922,263900,https://finance.yahoo.com/quote/PSEI.PS/history
2020-05-06,5689.779785,5702.580078,5594.810059,5639.270020,269200,https://finance.yahoo.com/quote/PSEI.PS/history
2020-05-07,5661.950195,5670.339844,5599.819824,5653.160156,171900,https://finance.yahoo.com/quote/PSEI.PS/history
2020-05-08,5674.470215,5696.310059,5621.939941,5621.939941,174600,https://finance.yahoo.com/quote/PSEI.PS/history
2020-05-11,5641.529785,5681.680176,5627.189941,5667.930176,116800,https://finance.yahoo.com/quote/PSEI.PS/history
2020-05-12,5667.419922,5668.359863,5633.819824,5651.669922,130000,https://finance.yahoo.com/quote/PSEI.PS/history
2020-05-13,5656.189941,5661.180176,5607.770020,5626.250000,144200,https://finance.yahoo.com/quote/PSEI.PS/history
2020-05-14,5612.970215,5654.700195,5556.810059,5654.700195,86900,https://finance.yahoo.com/quote/PSEI.PS/history
2020-05-15,5612.970215,5654.700195,5556.810059,5654.700195,121300,https://finance.yahoo.com/quote/PSEI.PS/history
2020-05-18,5557.990234,5557.990234,5466.879883,5479.350098,81300,https://finance.yahoo.com/quote/PSEI.PS/history
2020-05-19,5543.589844,5571.399902,5537.020020,5555.850098,115500,https://finance.yahoo.com/quote/PSEI.PS/history
2020-05-20,5568.399902,5581.959961,5518.520020,5581.959961,71700,https://finance.yahoo.com/quote/PSEI.PS/history
2020-05-21,5582.270020,5613.899902,5557.080078,5604.490234,101500,https://finance.yahoo.com/quote/PSEI.PS/history
2020-05-22,5582.270020,5613.899902,5557.080078,5604.490234,116500,https://finance.yahoo.com/quote/PSEI.PS/history
2020-05-26,5526.990234,5533.649902,5396.129883,5496.830078,129600,https://finance.yahoo.com/quote/PSEI.PS/history
2020-05-27,5499.970215,5523.779785,5423.779785,5523.779785,136000,https://finance.yahoo.com/quote/PSEI.PS/history
2020-05-28,5533.220215,5574.220215,5492.089844,5570.220215,158400,https://finance.yahoo.com/quote/PSEI.PS/history
2020-05-29,5600.720215,5838.839844,5600.720215,5838.839844,484200,https://finance.yahoo.com/quote/PSEI.PS/history
2020-06-01,5791.319824,5931.649902,5750.000000,5930.169922,192500,https://finance.yahoo.com/quote/PSEI.PS/history
2020-06-02,5933.430176,6043.089844,5930.049805,6025.169922,221100,https://finance.yahoo.com/quote/PSEI.PS/history
2020-06-03,6064.669922,6245.649902,6062.049805,6245.649902,227700,https://finance.yahoo.com/quote/PSEI.PS/history
2020-06-04,6231.560059,6517.490234,6231.560059,6517.490234,330100,https://finance.yahoo.com/quote/PSEI.PS/history
2020-06-05,6452.640137,6465.129883,6299.830078,6465.129883,219600,https://finance.yahoo.com/quote/PSEI.PS/history
2020-06-08,6487.759766,6551.259766,6430.720215,6514.000000,264900,https://finance.yahoo.com/quote/PSEI.PS/history
2020-06-09,6527.359863,6583.839844,6438.970215,6583.839844,252500,https://finance.yahoo.com/quote/PSEI.PS/history
2020-06-10,6551.319824,6551.319824,6349.200195,6439.370117,221000,https://finance.yahoo.com/quote/PSEI.PS/history
2020-06-11,6398.189941,6476.240234,6263.200195,6476.240234,211100,https://finance.yahoo.com/quote/PSEI.PS/history
2020-06-15,6340.319824,6340.319824,6163.819824,6163.819824,211000,https://finance.yahoo.com/quote/PSEI.PS/history
2020-06-16,6226.959961,6316.229980,6197.290039,6281.750000,163600,https://finance.yahoo.com/quote/PSEI.PS/history
2020-06-17,6348.879883,6352.899902,6278.020020,6282.009766,240200,https://finance.yahoo.com/quote/PSEI.PS/history
2020-06-18,6258.879883,6348.450195,6205.250000,6348.450195,162200,https://finance.yahoo.com/quote/PSEI.PS/history
2020-06-19,6293.180176,6375.029785,6260.180176,6315.069824,335200,https://finance.yahoo.com/quote/PSEI.PS/history
2020-06-22,6316.200195,6347.430176,6249.470215,6347.430176,226800,https://finance.yahoo.com/quote/PSEI.PS/history
2020-06-23,6324.520020,6324.520020,6258.370117,6297.779785,219500,https://finance.yahoo.com/quote/PSEI.PS/history
2020-06-24,6304.330078,6306.209961,6188.830078,6188.830078,209500,https://finance.yahoo.com/quote/PSEI.PS/history
2020-06-25,6156.790039,6162.220215,6109.220215,6118.259766,253400,https://finance.yahoo.com/quote/PSEI.PS/history
2020-06-26,6137.609863,6191.839844,6092.009766,6191.839844,151500,https://finance.yahoo.com/quote/PSEI.PS/history
2020-06-29,6125.569824,6125.569824,6040.430176,6105.180176,188500,https://finance.yahoo.com/quote/PSEI.PS/history
2020-06-30,6134.490234,6207.720215,6131.220215,6207.720215,152300,https://finance.yahoo.com/quote/PSEI.PS/history
2020-07-01,6223.540039,6223.540039,6139.439941,6209.709961,104900,https://finance.yahoo.com/quote/PSEI.PS/history
2020-07-02,6211.509766,6382.600098,6183.029785,6364.080078,164400,https://finance.yahoo.com/quote/PSEI.PS/history
2020-07-03,6383.370117,6398.790039,6322.919922,6372.660156,114800,https://finance.yahoo.com/quote/PSEI.PS/history
2020-07-06,6378.290039,6381.060059,6299.979980,6328.410156,119000,https://finance.yahoo.com/quote/PSEI.PS/history
2020-07-07,6349.120117,6349.609863,6267.399902,6267.399902,121800,https://finance.yahoo.com/quote/PSEI.PS/history
2020-07-08,6265.430176,6287.740234,6227.740234,6285.500000,347400,https://finance.yahoo.com/quote/PSEI.PS/history
2020-07-09,6282.430176,6282.430176,6192.580078,6192.580078,100000,https://finance.yahoo.com/quote/PSEI.PS/history
2020-07-10,6157.470215,6197.379883,6098.529785,6197.379883,121500,https://finance.yahoo.com/quote/PSEI.PS/history
2020-07-13,6187.779785,6187.779785,6151.109863,6172.569824,124800,https://finance.yahoo.com/quote/PSEI.PS/history
2020-07-14,6158.399902,6178.680176,6135.290039,6172.810059,122800,https://finance.yahoo.com/quote/PSEI.PS/history
2020-07-15,6166.319824,6166.319824,6010.879883,6016.509766,204800,https://finance.yahoo.com/quote/PSEI.PS/history
2020-07-16,6034.759766,6147.660156,6034.759766,6147.660156,103000,https://finance.yahoo.com/quote/PSEI.PS/history
2020-07-17,6116.200195,6141.229980,6032.299805,6088.750000,93400,https://finance.yahoo.com/quote/PSEI.PS/history
2020-07-20,6112.580078,6150.700195,6070.189941,6150.700195,80300,https://finance.yahoo.com/quote/PSEI.PS/history
2020-07-21,6114.089844,6152.060059,6095.740234,6136.310059,99400,https://finance.yahoo.com/quote/PSEI.PS/history
2020-07-22,6138.379883,6149.200195,6064.259766,6064.259766,135100,https://finance.yahoo.com/quote/PSEI.PS/history
2020-07-23,6076.899902,6076.899902,5915.830078,6029.009766,120900,https://finance.yahoo.com/quote/PSEI.PS/history
2020-07-24,6002.200195,6024.649902,5968.720215,6003.259766,61800,https://finance.yahoo.com/quote/PSEI.PS/history
2020-07-27,5985.240234,5985.240234,5858.279785,5860.939941,108700,https://finance.yahoo.com/quote/PSEI.PS/history
2020-07-28,5849.830078,5939.600098,5799.109863,5927.109863,105000,https://finance.yahoo.com/quote/PSEI.PS/history
2020-07-29,5923.100098,5966.270020,5870.830078,5966.270020,80500,https://finance.yahoo.com/quote/PSEI.PS/history
2020-07-30,5968.129883,5968.129883,5928.450195,5928.450195,120600,https://finance.yahoo.com/quote/PSEI.PS/history
2020-08-03,5816.229980,5816.229980,5695.529785,5715.919922,0,https://finance.yahoo.com/quote/PSEI.PS/history
2020-08-04,5691.740234,5802.490234,5691.740234,5775.500000,130800,https://finance.yahoo.com/quote/PSEI.PS/history
2020-08-05,5812.220215,5888.850098,5803.580078,5833.580078,161800,https://finance.yahoo.com/quote/PSEI.PS/history
2020-08-06,5860.359863,5902.580078,5819.370117,5902.580078,151500,https://finance.yahoo.com/quote/PSEI.PS/history
2020-08-07,5906.870117,5906.870117,5834.859863,5846.020020,129400,https://finance.yahoo.com/quote/PSEI.PS/history
2020-08-10,5853.120117,5930.919922,5832.600098,5930.919922,89900,https://finance.yahoo.com/quote/PSEI.PS/history
2020-08-11,5934.910156,5984.350098,5913.589844,5953.939941,136900,https://finance.yahoo.com/quote/PSEI.PS/history
2020-08-12,5980.490234,5995.000000,5966.970215,5995.000000,0,https://finance.yahoo.com/quote/PSEI.PS/history
2020-08-13,6015.259766,6097.779785,6010.600098,6097.779785,110700,https://finance.yahoo.com/quote/PSEI.PS/history
2020-08-14,6069.669922,6076.910156,6014.779785,6076.910156,251900,https://finance.yahoo.com/quote/PSEI.PS/history
2020-08-17,6081.109863,6081.109863,6012.140137,6068.779785,119400,https://finance.yahoo.com/quote/PSEI.PS/history
2020-08-18,6098.080078,6156.450195,6058.979980,6156.450195,135000,https://finance.yahoo.com/quote/PSEI.PS/history
2020-08-19,6167.129883,6167.129883,6042.120117,6042.120117,115500,https://finance.yahoo.com/quote/PSEI.PS/history
2020-08-20,6058.350098,6064.089844,5962.640137,6005.399902,73500,https://finance.yahoo.com/quote/PSEI.PS/history
2020-08-24,5997.549805,5997.549805,5925.799805,5943.580078,626500,https://finance.yahoo.com/quote/PSEI.PS/history
2020-08-25,5934.259766,5962.890137,5893.140137,5953.439941,80700,https://finance.yahoo.com/quote/PSEI.PS/history
2020-08-26,5935.830078,5935.830078,5895.700195,5931.330078,118100,https://finance.yahoo.com/quote/PSEI.PS/history
2020-08-27,5930.040039,5950.529785,5919.740234,5921.549805,116200,https://finance.yahoo.com/quote/PSEI.PS/history
2020-08-28,5917.709961,5931.390137,5872.259766,5884.180176,203000,https://finance.yahoo.com/quote/PSEI.PS/history
2020-09-01,5922.060059,5946.220215,5799.240234,5799.240234,149300,https://finance.yahoo.com/quote/PSEI.PS/history
2020-09-02,5820.700195,5820.700195,5703.589844,5738.390137,140800,https://finance.yahoo.com/quote/PSEI.PS/history
2020-09-03,5751.140137,5775.970215,5723.459961,5772.859863,121100,https://finance.yahoo.com/quote/PSEI.PS/history
2020-09-04,5750.160156,5785.089844,5695.779785,5785.089844,92800,https://finance.yahoo.com/quote/PSEI.PS/history
2020-09-07,5787.700195,5935.850098,5772.009766,5935.850098,115600,https://finance.yahoo.com/quote/PSEI.PS/history
2020-09-08,5917.540039,6034.029785,5908.470215,6034.029785,141500,https://finance.yahoo.com/quote/PSEI.PS/history
2020-09-09,6000.160156,6000.160156,5932.839844,5932.839844,120400,https://finance.yahoo.com/quote/PSEI.PS/history
2020-09-10,5955.549805,5973.589844,5902.390137,5902.390137,117600,https://finance.yahoo.com/quote/PSEI.PS/history
2020-09-11,5906.939941,5967.959961,5888.359863,5967.959961,92200,https://finance.yahoo.com/quote/PSEI.PS/history
2020-09-14,5954.229980,5997.140137,5934.470215,5997.140137,105400,https://finance.yahoo.com/quote/PSEI.PS/history
2020-09-15,5989.439941,6018.209961,5947.850098,6018.209961,102700,https://finance.yahoo.com/quote/PSEI.PS/history
2020-09-16,5996.990234,5996.990234,5943.919922,5946.620117,84400,https://finance.yahoo.com/quote/PSEI.PS/history
2020-09-17,5946.049805,5946.049805,5886.330078,5943.520020,92800,https://finance.yahoo.com/quote/PSEI.PS/history
2020-09-18,5945.250000,5952.100098,5886.370117,5908.899902,170600,https://finance.yahoo.com/quote/PSEI.PS/history
2020-09-21,5913.600098,5925.310059,5879.759766,5909.319824,60400,https://finance.yahoo.com/quote/PSEI.PS/history
2020-09-22,5893.189941,5894.279785,5837.029785,5894.279785,78600,https://finance.yahoo.com/quote/PSEI.PS/history
2020-09-23,5900.879883,5903.580078,5876.779785,5892.720215,83100,https://finance.yahoo.com/quote/PSEI.PS/history
2020-09-24,5888.200195,5888.200195,5845.799805,5845.799805,102000,https://finance.yahoo.com/quote/PSEI.PS/history
2020-09-25,5842.810059,5880.180176,5829.660156,5838.660156,89300,https://finance.yahoo.com/quote/PSEI.PS/history
2020-09-28,5870.520020,5872.189941,5846.229980,5861.390137,77100,https://finance.yahoo.com/quote/PSEI.PS/history
2020-09-29,5878.279785,5878.319824,5841.600098,5841.600098,91500,https://finance.yahoo.com/quote/PSEI.PS/history
2020-09-30,5863.500000,5878.529785,5849.500000,5864.229980,98100,https://finance.yahoo.com/quote/PSEI.PS/history
2020-10-01,5881.899902,5944.870117,5857.379883,5944.870117,77200,https://finance.yahoo.com/quote/PSEI.PS/history
2020-10-02,5942.149902,5999.399902,5924.859863,5999.399902,164000,https://finance.yahoo.com/quote/PSEI.PS/history
2020-10-05,6005.580078,6010.759766,5938.950195,5938.950195,181400,https://finance.yahoo.com/quote/PSEI.PS/history
2020-10-06,5938.410156,5949.669922,5850.850098,5910.640137,152000,https://finance.yahoo.com/quote/PSEI.PS/history
2020-10-07,5904.910156,5904.910156,5845.680176,5867.879883,175900,https://finance.yahoo.com/quote/PSEI.PS/history
2020-10-08,5888.450195,5942.660156,5825.479980,5942.660156,189500,https://finance.yahoo.com/quote/PSEI.PS/history
2020-10-09,5943.709961,5943.709961,5908.520020,5931.609863,175200,https://finance.yahoo.com/quote/PSEI.PS/history
2020-10-12,5935.399902,5954.470215,5910.729980,5937.049805,146600,https://finance.yahoo.com/quote/PSEI.PS/history
2020-10-13,5938.609863,5946.069824,5920.770020,5923.229980,128600,https://finance.yahoo.com/quote/PSEI.PS/history
2020-10-14,5923.919922,5933.830078,5913.009766,5925.299805,133800,https://finance.yahoo.com/quote/PSEI.PS/history
2020-10-15,5930.430176,5950.500000,5919.549805,5938.330078,152800,https://finance.yahoo.com/quote/PSEI.PS/history
2020-10-16,5921.339844,5939.620117,5898.470215,5898.470215,140600,https://finance.yahoo.com/quote/PSEI.PS/history
2020-10-19,5913.779785,6019.259766,5913.779785,6019.259766,112200,https://finance.yahoo.com/quote/PSEI.PS/history
2020-10-20,6022.609863,6133.000000,6018.330078,6112.709961,183300,https://finance.yahoo.com/quote/PSEI.PS/history
2020-10-21,6146.040039,6290.680176,6146.040039,6278.589844,287400,https://finance.yahoo.com/quote/PSEI.PS/history
2020-10-22,6309.870117,6344.629883,6241.310059,6344.629883,258300,https://finance.yahoo.com/quote/PSEI.PS/history
2020-10-23,6370.919922,6484.450195,6370.919922,6484.060059,203800,https://finance.yahoo.com/quote/PSEI.PS/history
2020-10-26,6496.189941,6517.259766,6453.200195,6491.189941,141900,https://finance.yahoo.com/quote/PSEI.PS/history
2020-10-27,6467.450195,6467.450195,6381.189941,6415.080078,150500,https://finance.yahoo.com/quote/PSEI.PS/history
2020-10-28,6413.600098,6415.029785,6377.790039,6377.790039,129000,https://finance.yahoo.com/quote/PSEI.PS/history
2020-10-29,6326.310059,6326.310059,6248.479980,6249.390137,164500,https://finance.yahoo.com/quote/PSEI.PS/history
2020-10-30,6233.600098,6328.379883,6202.899902,6324.000000,147400,https://finance.yahoo.com/quote/PSEI.PS/history
2020-11-03,6282.890137,6358.419922,6250.870117,6335.560059,92400,https://finance.yahoo.com/quote/PSEI.PS/history
2020-11-04,6374.470215,6464.049805,6334.089844,6464.049805,126900,https://finance.yahoo.com/quote/PSEI.PS/history
2020-11-05,6477.160156,6702.750000,6477.160156,6644.770020,202300,https://finance.yahoo.com/quote/PSEI.PS/history
2020-11-06,6686.129883,6709.729980,6571.000000,6685.689941,196100,https://finance.yahoo.com/quote/PSEI.PS/history
2020-11-09,6665.080078,6685.850098,6619.589844,6685.850098,148700,https://finance.yahoo.com/quote/PSEI.PS/history
2020-11-10,6792.580078,7035.479980,6792.580078,7035.479980,273800,https://finance.yahoo.com/quote/PSEI.PS/history
2020-11-11,6968.930176,7079.180176,6944.109863,7024.259766,296400,https://finance.yahoo.com/quote/PSEI.PS/history
2020-11-13,6933.890137,6972.660156,6917.020020,6969.879883,191300,https://finance.yahoo.com/quote/PSEI.PS/history
2020-11-16,6991.390137,6991.390137,6857.890137,6918.049805,174100,https://finance.yahoo.com/quote/PSEI.PS/history
2020-11-17,6950.520020,6971.600098,6921.120117,6959.140137,172000,https://finance.yahoo.com/quote/PSEI.PS/history
2020-11-18,6971.899902,7051.779785,6970.490234,7051.779785,181900,https://finance.yahoo.com/quote/PSEI.PS/history
2020-11-19,7008.959961,7012.540039,6974.649902,6997.620117,0,https://finance.yahoo.com/quote/PSEI.PS/history
2020-11-20,7024.229980,7169.790039,7021.180176,7169.790039,226700,https://finance.yahoo.com/quote/PSEI.PS/history
2020-11-23,7163.979980,7263.709961,7158.680176,7178.620117,414300,https://finance.yahoo.com/quote/PSEI.PS/history
2020-11-24,7211.129883,7228.120117,7016.109863,7108.669922,210400,https://finance.yahoo.com/quote/PSEI.PS/history
2020-11-25,7125.439941,7146.129883,6994.790039,7001.509766,268200,https://finance.yahoo.com/quote/PSEI.PS/history
2020-11-26,6987.319824,6987.319824,6843.109863,6927.750000,186000,https://finance.yahoo.com/quote/PSEI.PS/history
2020-11-27,6885.069824,6909.029785,6791.459961,6791.459961,594700,https://finance.yahoo.com/quote/PSEI.PS/history
2020-12-01,6740.299805,7009.560059,6740.299805,7009.560059,172400,https://finance.yahoo.com/quote/PSEI.PS/history
2020-12-02,7019.250000,7080.620117,6988.270020,7080.620117,0,https://finance.yahoo.com/quote/PSEI.PS/history
2020-12-03,7077.629883,7194.129883,7022.859863,7194.129883,0,https://finance.yahoo.com/quote/PSEI.PS/history
2020-12-04,7184.569824,7196.959961,7097.350098,7134.560059,176200,https://finance.yahoo.com/quote/PSEI.PS/history
2020-12-07,7173.700195,7203.669922,7142.299805,7203.669922,150500,https://finance.yahoo.com/quote/PSEI.PS/history
2020-12-09,7197.069824,7247.339844,7102.660156,7102.660156,226200,https://finance.yahoo.com/quote/PSEI.PS/history
2020-12-10,7114.689941,7166.850098,7114.689941,7154.430176,127900,https://finance.yahoo.com/quote/PSEI.PS/history
2020-12-11,7183.879883,7304.899902,7181.220215,7246.160156,167300,https://finance.yahoo.com/quote/PSEI.PS/history
2020-12-14,7244.379883,7311.209961,7214.939941,7281.350098,176200,https://finance.yahoo.com/quote/PSEI.PS/history
2020-12-15,7281.910156,7290.600098,7214.140137,7227.729980,203800,https://finance.yahoo.com/quote/PSEI.PS/history
2020-12-16,7242.470215,7299.700195,7202.490234,7299.700195,138900,https://finance.yahoo.com/quote/PSEI.PS/history
2020-12-17,7271.649902,7298.020020,7236.819824,7298.020020,111000,https://finance.yahoo.com/quote/PSEI.PS/history
2020-12-18,7266.959961,7286.669922,7222.009766,7272.799805,149700,https://finance.yahoo.com/quote/PSEI.PS/history
2020-12-21,7244.850098,7251.020020,7157.879883,7224.890137,111000,https://finance.yahoo.com/quote/PSEI.PS/history
2020-12-22,7206.330078,7206.540039,7081.140137,7202.390137,172600,https://finance.yahoo.com/quote/PSEI.PS/history
2020-12-23,7169.049805,7206.459961,7075.180176,7204.379883,99900,https://finance.yahoo.com/quote/PSEI.PS/history
2020-12-24,7169.049805,7206.459961,7075.180176,7204.379883,0,https://finance.yahoo.com/quote/PSEI.PS/history
2020-12-28,7142.950195,7142.950195,7058.660156,7122.250000,89200,https://finance.yahoo.com/quote/PSEI.PS/history
2020-12-29,7123.120117,7173.270020,7120.819824,7139.709961,118100,https://finance.yahoo.com/quote/PSEI.PS/history
2021-01-04,7149.640137,7207.790039,7137.910156,7197.500000,9100,https://finance.yahoo.com/quote/PSEI.PS/history
2021-01-05,7186.720215,7186.720215,7104.000000,7134.180176,123300,https://finance.yahoo.com/quote/PSEI.PS/history
2021-01-06,7126.910156,7127.009766,6928.899902,7047.850098,112000,https://finance.yahoo.com/quote/PSEI.PS/history
2021-01-07,7054.390137,7126.069824,7028.060059,7119.609863,92700,https://finance.yahoo.com/quote/PSEI.PS/history
2021-01-08,7141.350098,7289.879883,7134.750000,7289.879883,159000,https://finance.yahoo.com/quote/PSEI.PS/history
2021-01-11,7292.990234,7432.399902,7285.080078,7304.790039,121200,https://finance.yahoo.com/quote/PSEI.PS/history
2021-01-12,7326.540039,7326.540039,7253.810059,7258.109863,102000,https://finance.yahoo.com/quote/PSEI.PS/history
2021-01-13,7259.459961,7284.600098,7233.990234,7242.850098,104100,https://finance.yahoo.com/quote/PSEI.PS/history
2021-01-14,7183.950195,7308.439941,7180.879883,7273.149902,122600,https://finance.yahoo.com/quote/PSEI.PS/history
2021-01-15,7282.259766,7297.410156,7238.459961,7238.459961,90700,https://finance.yahoo.com/quote/PSEI.PS/history
2021-01-18,7230.049805,7230.049805,7157.629883,7203.439941,85700,https://finance.yahoo.com/quote/PSEI.PS/history
2021-01-19,7158.729980,7198.450195,7137.560059,7198.450195,73600,https://finance.yahoo.com/quote/PSEI.PS/history
2021-01-20,7164.060059,7172.160156,7082.750000,7143.299805,103600,https://finance.yahoo.com/quote/PSEI.PS/history
2021-01-21,7161.069824,7161.069824,7112.330078,7140.290039,77800,https://finance.yahoo.com/quote/PSEI.PS/history
2021-01-22,7116.759766,7116.759766,7007.200195,7045.830078,110200,https://finance.yahoo.com/quote/PSEI.PS/history
2021-01-25,7026.770020,7071.500000,7012.759766,7071.500000,82900,https://finance.yahoo.com/quote/PSEI.PS/history
2021-01-26,7039.169922,7039.169922,6961.060059,6977.160156,114700,https://finance.yahoo.com/quote/PSEI.PS/history
2021-01-27,6947.520020,6949.479980,6824.879883,6863.609863,120000,https://finance.yahoo.com/quote/PSEI.PS/history
2021-01-28,6808.720215,6918.299805,6770.750000,6851.839844,82300,https://finance.yahoo.com/quote/PSEI.PS/history
2021-01-29,6826.649902,6827.379883,6612.620117,6612.620117,175300,https://finance.yahoo.com/quote/PSEI.PS/history
2021-02-01,6634.589844,6814.759766,6634.589844,6814.759766,107300,https://finance.yahoo.com/quote/PSEI.PS/history
2021-02-02,6838.259766,6917.919922,6837.310059,6867.879883,80800,https://finance.yahoo.com/quote/PSEI.PS/history
2021-02-03,6895.430176,6913.299805,6819.419922,6859.459961,105600,https://finance.yahoo.com/quote/PSEI.PS/history
2021-02-04,6858.040039,6903.750000,6809.410156,6903.750000,79200,https://finance.yahoo.com/quote/PSEI.PS/history
2021-02-05,6899.149902,7019.180176,6843.830078,7019.180176,96100,https://finance.yahoo.com/quote/PSEI.PS/history
2021-02-08,6997.279785,7032.120117,6965.930176,7024.479980,102200,https://finance.yahoo.com/quote/PSEI.PS/history
2021-02-09,7014.790039,7091.919922,7014.790039,7065.549805,101500,https://finance.yahoo.com/quote/PSEI.PS/history
2021-02-10,7076.379883,7159.109863,7073.779785,7082.149902,115800,https://finance.yahoo.com/quote/PSEI.PS/history
2021-02-11,7059.479980,7076.009766,6991.009766,6991.009766,132200,https://finance.yahoo.com/quote/PSEI.PS/history
2021-02-15,6996.580078,7026.399902,6959.209961,6959.209961,79100,https://finance.yahoo.com/quote/PSEI.PS/history
2021-02-16,6969.930176,7044.060059,6969.629883,7044.060059,92300,https://finance.yahoo.com/quote/PSEI.PS/history
2021-02-17,6991.359863,6995.600098,6916.709961,6966.430176,88300,https://finance.yahoo.com/quote/PSEI.PS/history
2021-02-18,6954.370117,6972.259766,6849.640137,6849.640137,111400,https://finance.yahoo.com/quote/PSEI.PS/history
2021-02-19,6858.720215,6926.410156,6841.479980,6926.410156,103200,https://finance.yahoo.com/quote/PSEI.PS/history
2021-02-22,6901.930176,6907.470215,6810.339844,6810.339844,78900,https://finance.yahoo.com/quote/PSEI.PS/history
2021-02-23,6808.129883,6814.669922,6736.419922,6814.669922,111800,https://finance.yahoo.com/quote/PSEI.PS/history
2021-02-24,6808.419922,6808.419922,6735.839844,6755.950195,85000,https://finance.yahoo.com/quote/PSEI.PS/history
2021-02-26,6718.060059,6827.169922,6681.140137,6794.859863,198600,https://finance.yahoo.com/quote/PSEI.PS/history
2021-03-01,6828.700195,6874.399902,6798.810059,6872.970215,107500,https://finance.yahoo.com/quote/PSEI.PS/history
2021-03-02,6862.640137,6919.540039,6848.810059,6919.540039,113400,https://finance.yahoo.com/quote/PSEI.PS/history
2021-03-03,6918.740234,6942.759766,6871.180176,6942.759766,80100,https://finance.yahoo.com/quote/PSEI.PS/history
2021-03-04,6911.169922,6921.100098,6839.339844,6882.490234,87500,https://finance.yahoo.com/quote/PSEI.PS/history
2021-03-05,6864.580078,6896.250000,6829.209961,6881.370117,77500,https://finance.yahoo.com/quote/PSEI.PS/history
2021-03-08,6879.770020,6879.770020,6745.750000,6756.919922,106300,https://finance.yahoo.com/quote/PSEI.PS/history
2021-03-09,6738.830078,6769.379883,6668.330078,6766.830078,92600,https://finance.yahoo.com/quote/PSEI.PS/history
2021-03-10,6752.899902,6808.319824,6727.100098,6808.319824,114000,https://finance.yahoo.com/quote/PSEI.PS/history
2021-03-11,6782.569824,6782.569824,6705.669922,6719.180176,59000,https://finance.yahoo.com/quote/PSEI.PS/history
2021-03-12,6734.399902,6749.129883,6693.910156,6728.549805,60800,https://finance.yahoo.com/quote/PSEI.PS/history
2021-03-15,6694.089844,6694.089844,6489.790039,6552.459961,126900,https://finance.yahoo.com/quote/PSEI.PS/history
2021-03-16,6529.100098,6610.529785,6519.180176,6559.080078,74800,https://finance.yahoo.com/quote/PSEI.PS/history
2021-03-17,6574.310059,6593.529785,6548.540039,6566.830078,88600,https://finance.yahoo.com/quote/PSEI.PS/history
2021-03-18,6581.470215,6675.839844,6577.640137,6630.850098,94200,https://finance.yahoo.com/quote/PSEI.PS/history
2021-03-19,6628.740234,6638.930176,6436.100098,6436.100098,149900,https://finance.yahoo.com/quote/PSEI.PS/history
2021-03-22,6381.589844,6444.580078,6325.640137,6395.169922,77100,https://finance.yahoo.com/quote/PSEI.PS/history
2021-03-23,6381.819824,6446.350098,6381.819824,6446.350098,83600,https://finance.yahoo.com/quote/PSEI.PS/history
2021-03-24,6427.720215,6497.009766,6393.140137,6497.009766,83800,https://finance.yahoo.com/quote/PSEI.PS/history
2021-03-25,6498.509766,6603.549805,6498.509766,6581.000000,125600,https://finance.yahoo.com/quote/PSEI.PS/history
2021-03-26,6567.890137,6576.600098,6526.290039,6544.629883,104300,https://finance.yahoo.com/quote/PSEI.PS/history
2021-03-29,6469.259766,6653.520020,6432.069824,6607.779785,107000,https://finance.yahoo.com/quote/PSEI.PS/history
2021-03-30,6586.930176,6603.060059,6504.180176,6545.549805,82200,https://finance.yahoo.com/quote/PSEI.PS/history
2021-03-31,6554.430176,6557.040039,6443.089844,6443.089844,114900,https://finance.yahoo.com/quote/PSEI.PS/history
2021-04-05,6447.399902,6500.350098,6446.040039,6495.149902,77800,https://finance.yahoo.com/quote/PSEI.PS/history
2021-04-06,6521.259766,6590.109863,6518.490234,6590.109863,78800,https://finance.yahoo.com/quote/PSEI.PS/history
2021-04-07,6591.049805,6651.709961,6578.120117,6651.709961,133700,https://finance.yahoo.com/quote/PSEI.PS/history
2021-04-08,6648.709961,6648.709961,6542.270020,6545.169922,93600,https://finance.yahoo.com/quote/PSEI.PS/history
2021-04-12,6562.109863,6566.669922,6504.589844,6518.640137,93700,https://finance.yahoo.com/quote/PSEI.PS/history
2021-04-13,6520.029785,6520.029785,6431.709961,6457.790039,129700,https://finance.yahoo.com/quote/PSEI.PS/history
2021-04-14,6474.250000,6523.209961,6453.259766,6523.209961,117900,https://finance.yahoo.com/quote/PSEI.PS/history
2021-04-15,6505.129883,6539.959961,6464.490234,6539.959961,140500,https://finance.yahoo.com/quote/PSEI.PS/history
2021-04-16,6533.560059,6533.560059,6490.680176,6494.810059,85300,https://finance.yahoo.com/quote/PSEI.PS/history
2021-04-19,6503.770020,6503.770020,6459.759766,6459.759766,131600,https://finance.yahoo.com/quote/PSEI.PS/history
2021-04-20,6464.649902,6500.419922,6459.439941,6500.419922,105600,https://finance.yahoo.com/quote/PSEI.PS/history
2021-04-21,6492.520020,6494.779785,6439.390137,6439.390137,140000,https://finance.yahoo.com/quote/PSEI.PS/history
2021-04-22,6451.229980,6451.649902,6374.330078,6415.529785,146000,https://finance.yahoo.com/quote/PSEI.PS/history
2021-04-23,6423.299805,6424.549805,6371.430176,6378.069824,125700,https://finance.yahoo.com/quote/PSEI.PS/history
2021-04-26,6417.770020,6417.770020,6348.560059,6389.379883,107600,https://finance.yahoo.com/quote/PSEI.PS/history
2021-04-27,6387.149902,6397.740234,6356.470215,6356.470215,139900,https://finance.yahoo.com/quote/PSEI.PS/history
2021-04-28,6381.740234,6469.140137,6375.290039,6469.140137,139200,https://finance.yahoo.com/quote/PSEI.PS/history
2021-04-29,6453.259766,6487.509766,6420.939941,6487.509766,118700,https://finance.yahoo.com/quote/PSEI.PS/history
2021-04-30,6475.609863,6476.109863,6370.870117,6370.870117,116900,https://finance.yahoo.com/quote/PSEI.PS/history
2021-05-03,6392.970215,6419.520020,6369.279785,6369.279785,77800,https://finance.yahoo.com/quote/PSEI.PS/history
2021-05-04,6391.830078,6397.189941,6356.140137,6359.149902,90400,https://finance.yahoo.com/quote/PSEI.PS/history
2021-05-05,6352.549805,6354.810059,6299.689941,6299.689941,109900,https://finance.yahoo.com/quote/PSEI.PS/history
2021-05-06,6310.370117,6322.169922,6233.330078,6282.779785,107300,https://finance.yahoo.com/quote/PSEI.PS/history
2021-05-07,6278.700195,6305.990234,6257.500000,6258.709961,86900,https://finance.yahoo.com/quote/PSEI.PS/history
2021-05-10,6279.790039,6321.509766,6279.790039,6317.410156,88700,https://finance.yahoo.com/quote/PSEI.PS/history
2021-05-11,6298.919922,6341.120117,6281.609863,6326.830078,128700,https://finance.yahoo.com/quote/PSEI.PS/history
2021-05-12,6310.330078,6310.330078,6221.930176,6236.399902,199300,https://finance.yahoo.com/quote/PSEI.PS/history
2021-05-14,6262.310059,6269.359863,6080.939941,6269.359863,286100,https://finance.yahoo.com/quote/PSEI.PS/history
2021-05-17,6226.830078,6283.580078,6188.740234,6283.580078,139300,https://finance.yahoo.com/quote/PSEI.PS/history
2021-05-18,6230.540039,6258.770020,6210.000000,6244.740234,124200,https://finance.yahoo.com/quote/PSEI.PS/history
2021-05-19,6262.520020,6269.990234,6204.450195,6245.709961,113600,https://finance.yahoo.com/quote/PSEI.PS/history
2021-05-20,6253.020020,6253.020020,6197.640137,6197.640137,111000,https://finance.yahoo.com/quote/PSEI.PS/history
2021-05-21,6201.879883,6218.410156,6172.180176,6199.250000,115700,https://finance.yahoo.com/quote/PSEI.PS/history
2021-05-24,6195.870117,6209.049805,6156.200195,6164.890137,165100,https://finance.yahoo.com/quote/PSEI.PS/history
2021-05-25,6173.250000,6203.000000,6164.899902,6196.709961,176300,https://finance.yahoo.com/quote/PSEI.PS/history
2021-05-26,6223.669922,6377.100098,6213.439941,6341.240234,235800,https://finance.yahoo.com/quote/PSEI.PS/history
2021-05-27,6665.140137,6665.140137,6665.140137,6665.140137,0,https://finance.yahoo.com/quote/PSEI.PS/history
2021-05-28,6622.180176,6688.069824,6597.500000,6674.509766,301800,https://finance.yahoo.com/quote/PSEI.PS/history
2021-05-31,6656.879883,6687.640137,6588.040039,6628.490234,122400,https://finance.yahoo.com/quote/PSEI.PS/history
2021-06-01,6619.020020,6644.819824,6576.640137,6627.430176,79100,https://finance.yahoo.com/quote/PSEI.PS/history
2021-06-02,6631.720215,6841.689941,6631.720215,6841.689941,226900,https://finance.yahoo.com/quote/PSEI.PS/history
2021-06-03,6835.240234,6835.240234,6760.189941,6791.870117,138900,https://finance.yahoo.com/quote/PSEI.PS/history
2021-06-04,6789.029785,6810.759766,6761.910156,6796.339844,110600,https://finance.yahoo.com/quote/PSEI.PS/history
2021-06-07,6801.359863,6801.359863,6758.089844,6763.919922,88800,https://finance.yahoo.com/quote/PSEI.PS/history
2021-06-08,6781.040039,6809.720215,6767.339844,6809.720215,83200,https://finance.yahoo.com/quote/PSEI.PS/history
2021-06-09,6811.459961,6922.870117,6805.000000,6902.540039,184100,https://finance.yahoo.com/quote/PSEI.PS/history
2021-06-10,6923.950195,6925.140137,6872.720215,6875.709961,164100,https://finance.yahoo.com/quote/PSEI.PS/history
2021-06-11,6890.029785,6910.330078,6872.589844,6907.790039,120700,https://finance.yahoo.com/quote/PSEI.PS/history
2021-06-14,6898.200195,6917.490234,6871.709961,6917.490234,108300,https://finance.yahoo.com/quote/PSEI.PS/history
2021-06-15,6908.810059,6976.729980,6893.450195,6976.729980,118000,https://finance.yahoo.com/quote/PSEI.PS/history
2021-06-16,6957.950195,7001.209961,6957.950195,6973.350098,153400,https://finance.yahoo.com/quote/PSEI.PS/history
2021-06-17,6968.560059,6974.560059,6878.470215,6887.919922,111500,https://finance.yahoo.com/quote/PSEI.PS/history
2021-06-18,6878.990234,6896.359863,6800.700195,6851.379883,167100,https://finance.yahoo.com/quote/PSEI.PS/history
2021-06-21,6840.220215,6849.450195,6783.189941,6827.169922,120700,https://finance.yahoo.com/quote/PSEI.PS/history
2021-06-22,6834.189941,6910.169922,6834.189941,6870.410156,77100,https://finance.yahoo.com/quote/PSEI.PS/history
2021-06-23,6871.830078,6918.959961,6871.830078,6918.410156,80900,https://finance.yahoo.com/quote/PSEI.PS/history
2021-06-24,6917.899902,6919.129883,6886.000000,6886.000000,109600,https://finance.yahoo.com/quote/PSEI.PS/history
2021-06-25,6894.270020,6950.509766,6894.270020,6950.509766,92600,https://finance.yahoo.com/quote/PSEI.PS/history
2021-06-28,6949.529785,6954.609863,6901.890137,6937.959961,139900,https://finance.yahoo.com/quote/PSEI.PS/history
2021-06-29,6939.250000,6956.649902,6921.069824,6956.649902,119300,https://finance.yahoo.com/quote/PSEI.PS/history
2021-06-30,6941.160156,6957.560059,6901.910156,6901.910156,140500,https://finance.yahoo.com/quote/PSEI.PS/history
2021-07-01,6949.979980,7002.229980,6946.209961,6964.009766,108700,https://finance.yahoo.com/quote/PSEI.PS/history
2021-07-02,6976.270020,7002.259766,6963.439941,7002.259766,156300,https://finance.yahoo.com/quote/PSEI.PS/history
2021-07-05,6993.680176,7037.140137,6992.700195,7036.379883,89900,https://finance.yahoo.com/quote/PSEI.PS/history
2021-07-06,7064.240234,7064.240234,6992.430176,6992.430176,120200,https://finance.yahoo.com/quote/PSEI.PS/history
2021-07-07,6994.129883,6994.129883,6924.209961,6943.000000,141900,https://finance.yahoo.com/quote/PSEI.PS/history
2021-07-08,6945.990234,6966.529785,6917.379883,6924.990234,116700,https://finance.yahoo.com/quote/PSEI.PS/history
2021-07-09,6900.339844,6900.339844,6745.850098,6834.919922,179100,https://finance.yahoo.com/quote/PSEI.PS/history
2021-07-12,6838.180176,6913.870117,6838.180176,6913.870117,83300,https://finance.yahoo.com/quote/PSEI.PS/history
2021-07-13,6907.479980,6907.479980,6795.129883,6795.129883,116500,https://finance.yahoo.com/quote/PSEI.PS/history
2021-07-14,6811.589844,6835.410156,6785.839844,6835.410156,120800,https://finance.yahoo.com/quote/PSEI.PS/history
2021-07-15,6829.049805,6832.689941,6727.930176,6727.930176,80900,https://finance.yahoo.com/quote/PSEI.PS/history
2021-07-16,6743.779785,6783.910156,6653.529785,6693.830078,142900,https://finance.yahoo.com/quote/PSEI.PS/history
2021-07-19,6665.540039,6665.540039,6510.430176,6587.200195,148000,https://finance.yahoo.com/quote/PSEI.PS/history
2021-07-21,6611.669922,6611.669922,6451.120117,6476.209961,147800,https://finance.yahoo.com/quote/PSEI.PS/history
2021-07-22,6496.970215,6586.009766,6496.970215,6576.620117,88000,https://finance.yahoo.com/quote/PSEI.PS/history
2021-07-23,6600.879883,6611.310059,6461.750000,6520.740234,86600,https://finance.yahoo.com/quote/PSEI.PS/history
2021-07-26,6509.740234,6509.740234,6372.609863,6372.609863,73400,https://finance.yahoo.com/quote/PSEI.PS/history
2021-07-27,6404.209961,6522.580078,6401.660156,6522.580078,74100,https://finance.yahoo.com/quote/PSEI.PS/history
2021-07-28,6511.830078,6511.830078,6370.250000,6473.029785,117600,https://finance.yahoo.com/quote/PSEI.PS/history
2021-07-29,6465.209961,6523.560059,6442.509766,6496.529785,116900,https://finance.yahoo.com/quote/PSEI.PS/history
2021-07-30,6520.120117,6520.120117,6270.229980,6270.229980,145800,https://finance.yahoo.com/quote/PSEI.PS/history
2021-08-02,6304.029785,6446.310059,6293.660156,6446.310059,91200,https://finance.yahoo.com/quote/PSEI.PS/history
2021-08-03,6442.399902,6560.060059,6376.109863,6560.060059,114000,https://finance.yahoo.com/quote/PSEI.PS/history
2021-08-04,6570.939941,6598.180176,6545.560059,6585.209961,90900,https://finance.yahoo.com/quote/PSEI.PS/history
2021-08-05,6605.459961,6605.459961,6539.910156,6547.270020,134200,https://finance.yahoo.com/quote/PSEI.PS/history
2021-08-06,6549.890137,6578.410156,6539.910156,6539.910156,137200,https://finance.yahoo.com/quote/PSEI.PS/history
2021-08-09,6555.740234,6637.430176,6537.200195,6632.569824,133200,https://finance.yahoo.com/quote/PSEI.PS/history
2021-08-10,6644.390137,6644.390137,6584.629883,6623.229980,150400,https://finance.yahoo.com/quote/PSEI.PS/history
2021-08-11,6630.060059,6666.859863,6630.060059,6666.859863,142200,https://finance.yahoo.com/quote/PSEI.PS/history
2021-08-12,6648.229980,6648.229980,6546.089844,6556.569824,119000,https://finance.yahoo.com/quote/PSEI.PS/history
2021-08-13,6564.779785,6588.439941,6320.189941,6320.189941,381400,https://finance.yahoo.com/quote/PSEI.PS/history
2021-08-16,6420.310059,6513.680176,6413.770020,6513.680176,131900,https://finance.yahoo.com/quote/PSEI.PS/history
2021-08-17,6511.020020,6589.350098,6511.020020,6561.410156,129200,https://finance.yahoo.com/quote/PSEI.PS/history
2021-08-18,6568.720215,6680.180176,6567.520020,6680.180176,126000,https://finance.yahoo.com/quote/PSEI.PS/history
2021-08-19,6678.430176,6718.509766,6615.240234,6718.509766,113200,https://finance.yahoo.com/quote/PSEI.PS/history
2021-08-20,6717.939941,6743.279785,6633.220215,6633.220215,143800,https://finance.yahoo.com/quote/PSEI.PS/history
2021-08-23,6679.520020,6690.180176,6591.669922,6591.669922,107900,https://finance.yahoo.com/quote/PSEI.PS/history
2021-08-24,6631.870117,6678.819824,6628.399902,6678.819824,126300,https://finance.yahoo.com/quote/PSEI.PS/history
2021-08-25,6682.930176,6822.149902,6666.930176,6822.149902,98900,https://finance.yahoo.com/quote/PSEI.PS/history
2021-08-26,6822.830078,6850.180176,6808.939941,6820.529785,191300,https://finance.yahoo.com/quote/PSEI.PS/history
2021-08-27,6799.080078,6831.259766,6774.020020,6786.620117,91700,https://finance.yahoo.com/quote/PSEI.PS/history
2021-08-31,6786.109863,6855.439941,6651.009766,6855.439941,286100,https://finance.yahoo.com/quote/PSEI.PS/history
2021-09-01,6829.580078,6868.790039,6779.740234,6785.939941,170300,https://finance.yahoo.com/quote/PSEI.PS/history
2021-09-02,6831.959961,6887.120117,6828.890137,6834.660156,185900,https://finance.yahoo.com/quote/PSEI.PS/history
2021-09-03,6841.129883,6897.129883,6841.129883,6897.129883,168600,https://finance.yahoo.com/quote/PSEI.PS/history
2021-09-06,6884.629883,6898.919922,6867.120117,6877.100098,130500,https://finance.yahoo.com/quote/PSEI.PS/history
2021-09-07,6892.799805,6924.140137,6884.049805,6912.709961,125200,https://finance.yahoo.com/quote/PSEI.PS/history
2021-09-08,6893.160156,6949.390137,6865.029785,6949.390137,115500,https://finance.yahoo.com/quote/PSEI.PS/history
2021-09-09,6939.100098,6949.600098,6897.120117,6924.020020,139700,https://finance.yahoo.com/quote/PSEI.PS/history
2021-09-10,6914.970215,6970.509766,6908.669922,6970.509766,146300,https://finance.yahoo.com/quote/PSEI.PS/history
2021-09-13,6960.979980,6973.080078,6937.250000,6968.140137,115600,https://finance.yahoo.com/quote/PSEI.PS/history
2021-09-14,6976.890137,7033.060059,6920.359863,6920.359863,151600,https://finance.yahoo.com/quote/PSEI.PS/history
2021-09-15,6927.479980,6974.970215,6861.009766,6880.200195,160300,https://finance.yahoo.com/quote/PSEI.PS/history
2021-09-16,6893.540039,6968.430176,6885.700195,6968.430176,159200,https://finance.yahoo.com/quote/PSEI.PS/history
2021-09-17,6962.040039,6979.919922,6912.850098,6912.850098,368200,https://finance.yahoo.com/quote/PSEI.PS/history
2021-09-20,6922.520020,6928.830078,6824.600098,6857.899902,156900,https://finance.yahoo.com/quote/PSEI.PS/history
2021-09-21,6794.129883,6890.970215,6779.189941,6881.200195,127900,https://finance.yahoo.com/quote/PSEI.PS/history
2021-09-22,6891.439941,6934.410156,6890.669922,6890.729980,162100,https://finance.yahoo.com/quote/PSEI.PS/history
2021-09-23,6904.500000,6974.000000,6904.500000,6915.279785,128700,https://finance.yahoo.com/quote/PSEI.PS/history
2021-09-24,6940.220215,6985.990234,6939.979980,6951.529785,139800,https://finance.yahoo.com/quote/PSEI.PS/history
2021-09-27,6965.859863,6987.259766,6947.339844,6956.259766,181900,https://finance.yahoo.com/quote/PSEI.PS/history
2021-09-28,6984.540039,6984.540039,6868.339844,6885.359863,168100,https://finance.yahoo.com/quote/PSEI.PS/history
2021-09-29,6875.160156,6934.109863,6771.759766,6934.109863,224200,https://finance.yahoo.com/quote/PSEI.PS/history
2021-09-30,6916.819824,6984.140137,6904.689941,6952.879883,174800,https://finance.yahoo.com/quote/PSEI.PS/history
2021-10-01,6964.490234,6984.790039,6923.600098,6923.600098,92200,https://finance.yahoo.com/quote/PSEI.PS/history
2021-10-04,6929.709961,6964.040039,6929.709961,6960.890137,103500,https://finance.yahoo.com/quote/PSEI.PS/history
2021-10-05,6946.759766,6981.240234,6921.649902,6981.240234,103200,https://finance.yahoo.com/quote/PSEI.PS/history
2021-10-06,6989.540039,7073.100098,6973.279785,7057.450195,197000,https://finance.yahoo.com/quote/PSEI.PS/history
2021-10-07,7049.169922,7098.299805,6951.299805,6951.299805,215700,https://finance.yahoo.com/quote/PSEI.PS/history
2021-10-08,6972.180176,7076.009766,6906.859863,6906.859863,266400,https://finance.yahoo.com/quote/PSEI.PS/history
2021-10-11,6936.459961,7171.430176,6936.459961,7124.009766,187400,https://finance.yahoo.com/quote/PSEI.PS/history
2021-10-12,7115.240234,7166.629883,7095.910156,7107.819824,172300,https://finance.yahoo.com/quote/PSEI.PS/history
2021-10-13,7121.589844,7159.419922,7030.680176,7068.919922,262900,https://finance.yahoo.com/quote/PSEI.PS/history
2021-10-14,7132.189941,7194.589844,7132.189941,7183.109863,217100,https://finance.yahoo.com/quote/PSEI.PS/history
2021-10-15,7194.990234,7228.589844,7168.419922,7213.459961,227800,https://finance.yahoo.com/quote/PSEI.PS/history
2021-10-18,7193.569824,7225.740234,7158.240234,7219.810059,240900,https://finance.yahoo.com/quote/PSEI.PS/history
2021-10-19,7236.259766,7289.970215,7236.259766,7266.310059,230900,https://finance.yahoo.com/quote/PSEI.PS/history
2021-10-20,7250.459961,7297.080078,7250.459961,7297.080078,169100,https://finance.yahoo.com/quote/PSEI.PS/history
2021-10-21,7321.250000,7326.100098,7279.910156,7311.720215,283000,https://finance.yahoo.com/quote/PSEI.PS/history
2021-10-22,7305.220215,7305.220215,7265.419922,7289.609863,139000,https://finance.yahoo.com/quote/PSEI.PS/history
2021-10-25,7277.819824,7295.350098,7198.419922,7211.540039,162400,https://finance.yahoo.com/quote/PSEI.PS/history
2021-10-26,7221.490234,7252.100098,7181.470215,7252.100098,156400,https://finance.yahoo.com/quote/PSEI.PS/history
2021-10-27,7254.200195,7287.029785,7218.609863,7230.149902,180900,https://finance.yahoo.com/quote/PSEI.PS/history
2021-10-28,7235.220215,7251.479980,7144.439941,7157.729980,160200,https://finance.yahoo.com/quote/PSEI.PS/history
2021-10-29,7159.660156,7182.609863,7043.680176,7054.700195,179200,https://finance.yahoo.com/quote/PSEI.PS/history
2021-11-02,7159.660156,7182.609863,7043.680176,7106.009766,0,https://finance.yahoo.com/quote/PSEI.PS/history
2021-11-03,7136.669922,7210.959961,7136.669922,7184.720215,136500,https://finance.yahoo.com/quote/PSEI.PS/history
2021-11-04,7221.470215,7224.049805,7176.640137,7203.720215,101100,https://finance.yahoo.com/quote/PSEI.PS/history
2021-11-05,7247.209961,7354.370117,7243.279785,7340.770020,189900,https://finance.yahoo.com/quote/PSEI.PS/history
2021-11-08,7374.419922,7424.939941,7373.529785,7396.220215,168500,https://finance.yahoo.com/quote/PSEI.PS/history
2021-11-09,7415.970215,7441.669922,7407.279785,7441.669922,192700,https://finance.yahoo.com/quote/PSEI.PS/history
2021-11-10,7454.490234,7475.750000,7361.299805,7375.680176,131900,https://finance.yahoo.com/quote/PSEI.PS/history
2021-11-11,7360.890137,7376.720215,7315.220215,7331.649902,119800,https://finance.yahoo.com/quote/PSEI.PS/history
2021-11-12,7329.810059,7387.819824,7329.250000,7382.839844,184200,https://finance.yahoo.com/quote/PSEI.PS/history
2021-11-15,7378.729980,7378.729980,7333.310059,7342.370117,109100,https://finance.yahoo.com/quote/PSEI.PS/history
2021-11-16,7343.240234,7367.419922,7307.709961,7367.419922,184400,https://finance.yahoo.com/quote/PSEI.PS/history
2021-11-17,7356.870117,7381.459961,7344.359863,7349.819824,105500,https://finance.yahoo.com/quote/PSEI.PS/history
2021-11-18,7358.069824,7358.069824,7292.779785,7299.339844,108600,https://finance.yahoo.com/quote/PSEI.PS/history
2021-11-19,7298.089844,7298.089844,7209.669922,7280.569824,140000,https://finance.yahoo.com/quote/PSEI.PS/history
2021-11-22,7268.740234,7282.669922,7231.899902,7282.669922,122600,https://finance.yahoo.com/quote/PSEI.PS/history
2021-11-23,7272.700195,7401.160156,7261.109863,7401.160156,172700,https://finance.yahoo.com/quote/PSEI.PS/history
2021-11-24,7395.490234,7419.100098,7365.770020,7419.100098,135200,https://finance.yahoo.com/quote/PSEI.PS/history
2021-11-25,7389.109863,7397.580078,7335.459961,7369.270020,135500,https://finance.yahoo.com/quote/PSEI.PS/history
2021-11-26,7346.069824,7346.069824,7263.430176,7278.439941,218500,https://finance.yahoo.com/quote/PSEI.PS/history
2021-11-29,7151.660156,7202.720215,7000.000000,7200.879883,795500,https://finance.yahoo.com/quote/PSEI.PS/history
2021-12-01,7194.089844,7194.089844,6928.299805,6947.060059,296500,https://finance.yahoo.com/quote/PSEI.PS/history
2021-12-02,6952.479980,7065.890137,6945.990234,7032.540039,168900,https://finance.yahoo.com/quote/PSEI.PS/history
2021-12-03,7074.009766,7120.069824,7055.189941,7055.189941,105200,https://finance.yahoo.com/quote/PSEI.PS/history
2021-12-06,7075.759766,7151.759766,7075.759766,7130.740234,119600,https://finance.yahoo.com/quote/PSEI.PS/history
2021-12-07,7153.419922,7170.819824,7098.029785,7147.299805,179700,https://finance.yahoo.com/quote/PSEI.PS/history
2021-12-09,7124.660156,7234.919922,7113.720215,7234.919922,180400,https://finance.yahoo.com/quote/PSEI.PS/history
2021-12-10,7231.240234,7231.240234,7180.359863,7192.169922,100500,https://finance.yahoo.com/quote/PSEI.PS/history
2021-12-13,7192.799805,7226.819824,7165.629883,7197.609863,115600,https://finance.yahoo.com/quote/PSEI.PS/history
2021-12-14,7252.009766,7252.009766,7158.649902,7241.990234,115900,https://finance.yahoo.com/quote/PSEI.PS/history
2021-12-15,7234.970215,7263.270020,7096.149902,7132.580078,225500,https://finance.yahoo.com/quote/PSEI.PS/history
2021-12-16,7132.580078,7233.259766,7132.580078,7233.259766,144300,https://finance.yahoo.com/quote/PSEI.PS/history
2021-12-17,7195.439941,7297.660156,7188.709961,7297.660156,130700,https://finance.yahoo.com/quote/PSEI.PS/history
2021-12-20,7236.120117,7239.850098,7179.410156,7237.609863,83900,https://finance.yahoo.com/quote/PSEI.PS/history
2021-12-21,7226.000000,7234.899902,7167.060059,7167.060059,197400,https://finance.yahoo.com/quote/PSEI.PS/history
2021-12-22,7119.189941,7119.189941,7119.189941,7119.189941,0,https://finance.yahoo.com/quote/PSEI.PS/history
2021-12-23,7143.669922,7248.049805,7143.669922,7248.049805,131800,https://finance.yahoo.com/quote/PSEI.PS/history
2021-12-24,7257.720215,7257.720215,7181.859863,7181.859863,45000,https://finance.yahoo.com/quote/PSEI.PS/history
2021-12-27,7184.879883,7254.799805,7166.930176,7254.799805,53100,https://finance.yahoo.com/quote/PSEI.PS/history
2021-12-28,7239.779785,7288.580078,7239.779785,7286.560059,90800,https://finance.yahoo.com/quote/PSEI.PS/history
2021-12-29,7277.080078,7334.560059,7237.009766,7334.560059,161400,https://finance.yahoo.com/quote/PSEI.PS/history
2021-12-31,7274.689941,7274.689941,7119.439941,7122.629883,108200,https://finance.yahoo.com/quote/PSEI.PS/history
2022-01-03,7101.640137,7101.640137,7041.270020,7041.270020,86300,https://finance.yahoo.com/quote/PSEI.PS/history
2022-01-05,7069.169922,7131.000000,6999.169922,7091.399902,167200,https://finance.yahoo.com/quote/PSEI.PS/history
2022-01-06,7037.990234,7085.520020,7008.069824,7085.520020,114900,https://finance.yahoo.com/quote/PSEI.PS/history
2022-01-07,7074.990234,7077.250000,6978.080078,7011.109863,152300,https://finance.yahoo.com/quote/PSEI.PS/history
2022-01-10,6990.069824,7156.839844,6966.850098,7140.669922,123400,https://finance.yahoo.com/quote/PSEI.PS/history
2022-01-11,7114.870117,7160.799805,7067.979980,7085.689941,111400,https://finance.yahoo.com/quote/PSEI.PS/history
2022-01-12,7142.529785,7215.129883,7134.000000,7215.129883,123100,https://finance.yahoo.com/quote/PSEI.PS/history
2022-01-13,7217.379883,7317.089844,7217.379883,7307.750000,129200,https://finance.yahoo.com/quote/PSEI.PS/history
2022-01-14,7281.450195,7293.439941,7261.339844,7261.339844,89300,https://finance.yahoo.com/quote/PSEI.PS/history
2022-01-17,7266.410156,7280.109863,7223.830078,7223.830078,72900,https://finance.yahoo.com/quote/PSEI.PS/history
2022-01-18,7246.350098,7343.959961,7244.839844,7343.959961,70000,https://finance.yahoo.com/quote/PSEI.PS/history
2022-01-19,7304.620117,7304.620117,7242.279785,7261.540039,101500,https://finance.yahoo.com/quote/PSEI.PS/history
2022-01-20,7258.169922,7281.560059,7218.680176,7239.279785,182000,https://finance.yahoo.com/quote/PSEI.PS/history
2022-01-21,7225.220215,7293.520020,7204.270020,7293.520020,77900,https://finance.yahoo.com/quote/PSEI.PS/history
2022-01-24,7256.399902,7256.850098,7215.270020,7252.640137,76900,https://finance.yahoo.com/quote/PSEI.PS/history
2022-01-25,7262.629883,7288.209961,7242.080078,7288.209961,83400,https://finance.yahoo.com/quote/PSEI.PS/history
2022-01-26,7283.149902,7283.149902,7210.209961,7253.609863,108000,https://finance.yahoo.com/quote/PSEI.PS/history
2022-01-27,7243.689941,7275.279785,7237.799805,7273.520020,79200,https://finance.yahoo.com/quote/PSEI.PS/history
2022-01-28,7266.959961,7315.310059,7251.970215,7251.970215,132500,https://finance.yahoo.com/quote/PSEI.PS/history
2022-01-31,7279.049805,7369.939941,7279.049805,7361.649902,114000,https://finance.yahoo.com/quote/PSEI.PS/history
2022-02-02,7380.140137,7517.500000,7380.140137,7458.990234,127100,https://finance.yahoo.com/quote/PSEI.PS/history
2022-02-03,7460.589844,7460.589844,7382.770020,7382.770020,101900,https://finance.yahoo.com/quote/PSEI.PS/history
2022-02-04,7407.970215,7470.129883,7394.439941,7456.350098,129600,https://finance.yahoo.com/quote/PSEI.PS/history
2022-02-07,7469.290039,7474.529785,7378.700195,7380.299805,166500,https://finance.yahoo.com/quote/PSEI.PS/history
2022-02-08,7400.899902,7473.709961,7400.899902,7458.229980,98100,https://finance.yahoo.com/quote/PSEI.PS/history
2022-02-09,7475.209961,7552.200195,7475.209961,7502.479980,158900,https://finance.yahoo.com/quote/PSEI.PS/history
2022-02-10,7508.729980,7538.779785,7427.439941,7432.620117,173800,https://finance.yahoo.com/quote/PSEI.PS/history
2022-02-11,7446.209961,7446.209961,7270.359863,7270.359863,425900,https://finance.yahoo.com/quote/PSEI.PS/history
2022-02-14,7276.629883,7361.149902,7276.629883,7361.149902,179500,https://finance.yahoo.com/quote/PSEI.PS/history
2022-02-15,7338.279785,7372.649902,7292.950195,7309.939941,218800,https://finance.yahoo.com/quote/PSEI.PS/history
2022-02-16,7324.879883,7452.819824,7324.879883,7452.819824,214500,https://finance.yahoo.com/quote/PSEI.PS/history
2022-02-17,7455.089844,7464.189941,7423.950195,7438.930176,167300,https://finance.yahoo.com/quote/PSEI.PS/history
2022-02-18,7419.580078,7425.439941,7368.669922,7418.790039,187400,https://finance.yahoo.com/quote/PSEI.PS/history
2022-02-21,7330.439941,7372.250000,7257.430176,7372.250000,141800,https://finance.yahoo.com/quote/PSEI.PS/history
2022-02-22,7341.350098,7440.910156,7289.549805,7440.910156,139800,https://finance.yahoo.com/quote/PSEI.PS/history
2022-02-23,7414.990234,7414.990234,7347.439941,7364.209961,135300,https://finance.yahoo.com/quote/PSEI.PS/history
2022-02-24,7355.870117,7383.899902,7179.629883,7212.229980,219400,https://finance.yahoo.com/quote/PSEI.PS/history
2022-02-28,7175.819824,7326.069824,7175.819824,7311.009766,228000,https://finance.yahoo.com/quote/PSEI.PS/history
2022-03-01,7322.379883,7404.609863,7317.439941,7404.609863,126100,https://finance.yahoo.com/quote/PSEI.PS/history
2022-03-02,7375.620117,7379.129883,7286.259766,7304.020020,104000,https://finance.yahoo.com/quote/PSEI.PS/history
2022-03-03,7319.879883,7388.089844,7310.240234,7388.089844,109000,https://finance.yahoo.com/quote/PSEI.PS/history
2022-03-04,7369.799805,7375.279785,7320.439941,7342.009766,87200,https://finance.yahoo.com/quote/PSEI.PS/history
2022-03-07,7304.759766,7304.759766,7158.330078,7288.069824,158600,https://finance.yahoo.com/quote/PSEI.PS/history
2022-03-08,7167.950195,7176.189941,6977.729980,6977.729980,231700,https://finance.yahoo.com/quote/PSEI.PS/history
2022-03-09,6967.540039,7095.120117,6967.540039,6989.879883,156500,https://finance.yahoo.com/quote/PSEI.PS/history
2022-03-10,7094.779785,7125.399902,7043.450195,7124.799805,129800,https://finance.yahoo.com/quote/PSEI.PS/history
2022-03-11,7084.779785,7112.189941,7044.839844,7112.189941,118900,https://finance.yahoo.com/quote/PSEI.PS/history
2022-03-14,7076.790039,7076.790039,6797.089844,6816.950195,171900,https://finance.yahoo.com/quote/PSEI.PS/history
2022-03-15,6820.779785,7019.919922,6638.399902,7019.919922,172500,https://finance.yahoo.com/quote/PSEI.PS/history
2022-03-16,7004.569824,7026.450195,6957.459961,7026.450195,143200,https://finance.yahoo.com/quote/PSEI.PS/history
2022-03-17,7053.540039,7156.770020,7046.560059,7122.450195,157900,https://finance.yahoo.com/quote/PSEI.PS/history
2022-03-18,7112.000000,7140.899902,7007.629883,7007.629883,367900,https://finance.yahoo.com/quote/PSEI.PS/history
2022-03-21,7024.790039,7054.979980,6949.850098,6956.600098,127700,https://finance.yahoo.com/quote/PSEI.PS/history
2022-03-22,6940.850098,7008.939941,6900.490234,7008.939941,118400,https://finance.yahoo.com/quote/PSEI.PS/history
2022-03-23,6986.189941,7013.669922,6977.609863,7009.430176,94600,https://finance.yahoo.com/quote/PSEI.PS/history
2022-03-24,7013.390137,7082.609863,6985.470215,7082.609863,125100,https://finance.yahoo.com/quote/PSEI.PS/history
2022-03-25,7073.609863,7124.839844,7048.529785,7124.839844,102100,https://finance.yahoo.com/quote/PSEI.PS/history
2022-03-28,7120.740234,7134.359863,7080.370117,7134.359863,87900,https://finance.yahoo.com/quote/PSEI.PS/history
2022-03-29,7090.220215,7115.089844,7062.720215,7115.089844,115600,https://finance.yahoo.com/quote/PSEI.PS/history
2022-03-30,7097.180176,7167.020020,7097.180176,7167.020020,164400,https://finance.yahoo.com/quote/PSEI.PS/history
2022-03-31,7173.689941,7203.470215,7156.490234,7203.470215,172400,https://finance.yahoo.com/quote/PSEI.PS/history
2022-04-01,7160.479980,7162.439941,7103.470215,7152.879883,102000,https://finance.yahoo.com/quote/PSEI.PS/history
2022-04-04,7124.250000,7163.209961,7124.250000,7163.209961,78500,https://finance.yahoo.com/quote/PSEI.PS/history
2022-04-05,7158.569824,7158.569824,7106.490234,7156.069824,70400,https://finance.yahoo.com/quote/PSEI.PS/history
2022-04-06,7129.270020,7130.919922,7080.490234,7109.259766,82700,https://finance.yahoo.com/quote/PSEI.PS/history
2022-04-07,7100.060059,7120.819824,6926.029785,6926.029785,149600,https://finance.yahoo.com/quote/PSEI.PS/history
2022-04-08,6957.419922,7018.020020,6950.100098,7018.020020,87200,https://finance.yahoo.com/quote/PSEI.PS/history
2022-04-11,7017.950195,7026.919922,6988.290039,6988.290039,57400,https://finance.yahoo.com/quote/PSEI.PS/history
2022-04-12,6992.970215,6992.970215,6895.359863,6895.359863,105300,https://finance.yahoo.com/quote/PSEI.PS/history
2022-04-13,6907.970215,6984.899902,6907.970215,6984.899902,76900,https://finance.yahoo.com/quote/PSEI.PS/history
2022-04-18,7010.919922,7010.919922,6977.399902,6996.109863,52800,https://finance.yahoo.com/quote/PSEI.PS/history
2022-04-19,7037.740234,7037.740234,7037.740234,7037.740234,0,https://finance.yahoo.com/quote/PSEI.PS/history
2022-04-20,7085.229980,7142.419922,7067.740234,7142.419922,92700,https://finance.yahoo.com/quote/PSEI.PS/history
2022-04-21,7145.500000,7156.850098,7050.620117,7061.490234,104800,https://finance.yahoo.com/quote/PSEI.PS/history
2022-04-22,7067.930176,7072.589844,6959.950195,6998.589844,76600,https://finance.yahoo.com/quote/PSEI.PS/history
2022-04-25,6971.879883,7020.830078,6913.430176,7020.830078,84800,https://finance.yahoo.com/quote/PSEI.PS/history
2022-04-26,6996.009766,7001.910156,6964.000000,6980.020020,73100,https://finance.yahoo.com/quote/PSEI.PS/history
2022-04-27,6936.100098,6945.299805,6832.919922,6863.910156,89300,https://finance.yahoo.com/quote/PSEI.PS/history
2022-04-28,6858.000000,6909.450195,6828.850098,6909.450195,97700,https://finance.yahoo.com/quote/PSEI.PS/history
2022-04-29,6911.640137,6911.640137,6731.250000,6731.250000,189900,https://finance.yahoo.com/quote/PSEI.PS/history
2022-05-02,6742.830078,6764.100098,6668.390137,6721.080078,79500,https://finance.yahoo.com/quote/PSEI.PS/history
2022-05-04,6736.299805,6802.729980,6630.459961,6802.729980,111300,https://finance.yahoo.com/quote/PSEI.PS/history
2022-05-05,6827.939941,6881.589844,6785.390137,6868.919922,104500,https://finance.yahoo.com/quote/PSEI.PS/history
2022-05-06,6800.939941,6855.009766,6759.899902,6759.899902,93300,https://finance.yahoo.com/quote/PSEI.PS/history
2022-05-10,6632.350098,6720.930176,6547.439941,6720.930176,170500,https://finance.yahoo.com/quote/PSEI.PS/history
2022-05-11,6677.240234,6695.850098,6630.520020,6635.859863,153700,https://finance.yahoo.com/quote/PSEI.PS/history
2022-05-12,6633.680176,6633.680176,6532.299805,6532.299805,170300,https://finance.yahoo.com/quote/PSEI.PS/history
2022-05-13,6545.520020,6569.359863,6379.169922,6379.169922,340000,https://finance.yahoo.com/quote/PSEI.PS/history
2022-05-16,6458.569824,6539.330078,6458.569824,6502.120117,173600,https://finance.yahoo.com/quote/PSEI.PS/history
2022-05-17,6518.120117,6594.660156,6495.680176,6594.660156,298100,https://finance.yahoo.com/quote/PSEI.PS/history
2022-05-18,6621.169922,6727.600098,6607.979980,6727.600098,223600,https://finance.yahoo.com/quote/PSEI.PS/history
2022-05-19,6651.169922,6711.149902,6597.140137,6660.049805,225700,https://finance.yahoo.com/quote/PSEI.PS/history
2022-05-20,6683.149902,6763.740234,6683.149902,6746.330078,167000,https://finance.yahoo.com/quote/PSEI.PS/history
2022-05-23,6757.589844,6757.589844,6678.009766,6687.850098,143000,https://finance.yahoo.com/quote/PSEI.PS/history
2022-05-24,6693.609863,6693.609863,6577.450195,6577.450195,145000,https://finance.yahoo.com/quote/PSEI.PS/history
2022-05-25,6580.089844,6612.080078,6574.979980,6597.759766,133800,https://finance.yahoo.com/quote/PSEI.PS/history
2022-05-26,6607.189941,6645.520020,6589.180176,6645.520020,139200,https://finance.yahoo.com/quote/PSEI.PS/history
2022-05-27,6655.509766,6726.140137,6641.160156,6726.140137,142300,https://finance.yahoo.com/quote/PSEI.PS/history
2022-05-30,6741.950195,6839.270020,6729.899902,6822.319824,153900,https://finance.yahoo.com/quote/PSEI.PS/history
2022-05-31,6832.080078,6832.080078,6774.680176,6774.680176,1029500,https://finance.yahoo.com/quote/PSEI.PS/history
2022-06-01,6786.919922,6786.919922,6698.790039,6712.209961,118300,https://finance.yahoo.com/quote/PSEI.PS/history
2022-06-02,6722.729980,6722.729980,6653.410156,6686.830078,84400,https://finance.yahoo.com/quote/PSEI.PS/history
2022-06-03,6667.620117,6743.149902,6653.959961,6741.399902,93800,https://finance.yahoo.com/quote/PSEI.PS/history
2022-06-06,6747.600098,6749.069824,6699.970215,6716.879883,132100,https://finance.yahoo.com/quote/PSEI.PS/history
2022-06-07,6717.620117,6754.009766,6705.629883,6754.009766,96500,https://finance.yahoo.com/quote/PSEI.PS/history
2022-06-08,6768.350098,6797.549805,6733.140137,6769.620117,110200,https://finance.yahoo.com/quote/PSEI.PS/history
2022-06-09,6796.379883,6796.379883,6684.629883,6758.589844,101700,https://finance.yahoo.com/quote/PSEI.PS/history
2022-06-10,6713.330078,6713.330078,6530.040039,6530.040039,121100,https://finance.yahoo.com/quote/PSEI.PS/history
2022-06-13,6503.060059,6503.529785,6430.450195,6467.009766,125300,https://finance.yahoo.com/quote/PSEI.PS/history
2022-06-14,6416.870117,6474.529785,6384.410156,6474.529785,131300,https://finance.yahoo.com/quote/PSEI.PS/history
2022-06-15,6443.850098,6472.640137,6319.419922,6319.419922,128000,https://finance.yahoo.com/quote/PSEI.PS/history
2022-06-16,6374.430176,6393.379883,6327.229980,6393.009766,128000,https://finance.yahoo.com/quote/PSEI.PS/history
2022-06-17,6308.859863,6331.560059,6273.729980,6331.560059,281300,https://finance.yahoo.com/quote/PSEI.PS/history
2022-06-20,6341.979980,6349.009766,6302.500000,6333.939941,87100,https://finance.yahoo.com/quote/PSEI.PS/history
2022-06-21,6349.259766,6370.740234,6255.680176,6285.189941,108900,https://finance.yahoo.com/quote/PSEI.PS/history
2022-06-22,6289.270020,6299.410156,6168.000000,6168.000000,149500,https://finance.yahoo.com/quote/PSEI.PS/history
2022-06-23,6177.560059,6215.899902,6054.790039,6065.229980,140900,https://finance.yahoo.com/quote/PSEI.PS/history
2022-06-24,6096.479980,6217.560059,6096.479980,6217.560059,142500,https://finance.yahoo.com/quote/PSEI.PS/history
2022-06-27,6241.939941,6253.509766,6197.979980,6238.819824,143300,https://finance.yahoo.com/quote/PSEI.PS/history
2022-06-28,6247.140137,6349.490234,6232.049805,6345.410156,162300,https://finance.yahoo.com/quote/PSEI.PS/history
2022-06-29,6361.229980,6374.910156,6303.189941,6303.189941,131200,https://finance.yahoo.com/quote/PSEI.PS/history
2022-06-30,6321.040039,6337.339844,6140.220215,6155.430176,171500,https://finance.yahoo.com/quote/PSEI.PS/history
2022-07-01,6174.370117,6223.560059,6148.430176,6165.350098,124700,https://finance.yahoo.com/quote/PSEI.PS/history
2022-07-04,6195.899902,6210.830078,6160.879883,6183.620117,100400,https://finance.yahoo.com/quote/PSEI.PS/history
2022-07-05,6193.160156,6309.990234,6193.160156,6309.990234,110700,https://finance.yahoo.com/quote/PSEI.PS/history
2022-07-06,6323.620117,6445.009766,6312.089844,6445.009766,132600,https://finance.yahoo.com/quote/PSEI.PS/history
2022-07-07,6419.899902,6425.229980,6332.540039,6352.319824,127800,https://finance.yahoo.com/quote/PSEI.PS/history
2022-07-08,6366.680176,6497.970215,6358.439941,6361.819824,168600,https://finance.yahoo.com/quote/PSEI.PS/history
2022-07-11,6381.109863,6396.000000,6315.520020,6388.640137,80800,https://finance.yahoo.com/quote/PSEI.PS/history
2022-07-12,6378.339844,6393.680176,6349.939941,6349.939941,80100,https://finance.yahoo.com/quote/PSEI.PS/history
2022-07-13,6347.629883,6351.819824,6235.569824,6255.370117,128100,https://finance.yahoo.com/quote/PSEI.PS/history
2022-07-14,6250.060059,6255.959961,6166.609863,6248.129883,112000,https://finance.yahoo.com/quote/PSEI.PS/history
2022-07-15,6240.830078,6240.830078,6127.259766,6195.259766,111800,https://finance.yahoo.com/quote/PSEI.PS/history
2022-07-18,6182.270020,6268.779785,6162.270020,6268.779785,80800,https://finance.yahoo.com/quote/PSEI.PS/history
2022-07-19,6255.569824,6287.029785,6249.259766,6286.240234,90200,https://finance.yahoo.com/quote/PSEI.PS/history
2022-07-20,6294.970215,6351.770020,6263.990234,6274.799805,116800,https://finance.yahoo.com/quote/PSEI.PS/history
2022-07-21,6298.310059,6347.580078,6245.629883,6256.169922,149200,https://finance.yahoo.com/quote/PSEI.PS/history
2022-07-22,6258.569824,6266.629883,6233.410156,6263.390137,63100,https://finance.yahoo.com/quote/PSEI.PS/history
2022-07-25,6239.350098,6241.660156,6163.259766,6209.529785,72300,https://finance.yahoo.com/quote/PSEI.PS/history
2022-07-26,6206.799805,6234.250000,6201.970215,6223.000000,74600,https://finance.yahoo.com/quote/PSEI.PS/history
2022-07-27,6208.930176,6237.270020,6171.450195,6236.759766,56400,https://finance.yahoo.com/quote/PSEI.PS/history
2022-07-28,6274.720215,6379.259766,6274.720215,6379.259766,98800,https://finance.yahoo.com/quote/PSEI.PS/history
2022-07-29,6351.700195,6351.700195,6265.950195,6315.930176,117500,https://finance.yahoo.com/quote/PSEI.PS/history
2022-08-01,6309.069824,6325.970215,6227.330078,6312.029785,134700,https://finance.yahoo.com/quote/PSEI.PS/history
2022-08-02,6310.029785,6362.299805,6291.939941,6362.299805,117100,https://finance.yahoo.com/quote/PSEI.PS/history
2022-08-03,6359.970215,6430.080078,6336.020020,6430.080078,133200,https://finance.yahoo.com/quote/PSEI.PS/history
2022-08-04,6435.609863,6483.109863,6415.390137,6483.109863,104800,https://finance.yahoo.com/quote/PSEI.PS/history
2022-08-05,6484.609863,6519.799805,6405.500000,6405.500000,270400,https://finance.yahoo.com/quote/PSEI.PS/history
2022-08-08,6425.470215,6437.919922,6370.830078,6434.240234,119700,https://finance.yahoo.com/quote/PSEI.PS/history
2022-08-09,6431.600098,6468.970215,6408.390137,6468.970215,129400,https://finance.yahoo.com/quote/PSEI.PS/history
2022-08-10,6464.560059,6471.839844,6413.959961,6471.839844,121600,https://finance.yahoo.com/quote/PSEI.PS/history
2022-08-11,6505.740234,6680.680176,6505.740234,6680.680176,197000,https://finance.yahoo.com/quote/PSEI.PS/history
2022-08-12,6676.270020,6730.529785,6646.790039,6699.660156,173900,https://finance.yahoo.com/quote/PSEI.PS/history
2022-08-15,6699.490234,6745.959961,6691.169922,6737.839844,110400,https://finance.yahoo.com/quote/PSEI.PS/history
2022-08-16,6735.560059,6850.640137,6703.089844,6850.640137,207000,https://finance.yahoo.com/quote/PSEI.PS/history
2022-08-17,6845.649902,6883.600098,6817.000000,6818.990234,156000,https://finance.yahoo.com/quote/PSEI.PS/history
2022-08-18,6770.419922,6844.140137,6753.029785,6824.629883,181200,https://finance.yahoo.com/quote/PSEI.PS/history
2022-08-19,6834.759766,6867.890137,6819.149902,6863.859863,102600,https://finance.yahoo.com/quote/PSEI.PS/history
2022-08-22,6848.950195,6848.950195,6704.410156,6704.410156,120000,https://finance.yahoo.com/quote/PSEI.PS/history
2022-08-23,6680.520020,6680.520020,6591.830078,6618.379883,126000,https://finance.yahoo.com/quote/PSEI.PS/history
2022-08-24,6618.859863,6677.689941,6614.839844,6643.450195,75200,https://finance.yahoo.com/quote/PSEI.PS/history
2022-08-25,6657.180176,6726.680176,6656.700195,6706.430176,61800,https://finance.yahoo.com/quote/PSEI.PS/history
2022-08-26,6697.040039,6752.500000,6680.729980,6752.500000,176300,https://finance.yahoo.com/quote/PSEI.PS/history
2022-08-30,6616.430176,6690.439941,6600.990234,6690.270020,146200,https://finance.yahoo.com/quote/PSEI.PS/history
2022-08-31,6661.149902,6661.149902,6583.649902,6583.649902,247500,https://finance.yahoo.com/quote/PSEI.PS/history
2022-09-01,6594.669922,6606.209961,6569.169922,6588.279785,125600,https://finance.yahoo.com/quote/PSEI.PS/history
2022-09-02,6586.080078,6692.649902,6586.080078,6692.649902,97500,https://finance.yahoo.com/quote/PSEI.PS/history
2022-09-05,6693.839844,6698.540039,6640.029785,6676.040039,84400,https://finance.yahoo.com/quote/PSEI.PS/history
2022-09-06,6681.129883,6721.410156,6668.410156,6709.600098,95500,https://finance.yahoo.com/quote/PSEI.PS/history
2022-09-07,6709.459961,6709.459961,6554.080078,6554.080078,118500,https://finance.yahoo.com/quote/PSEI.PS/history
2022-09-08,6574.479980,6600.660156,6548.080078,6593.740234,124000,https://finance.yahoo.com/quote/PSEI.PS/history
2022-09-09,6593.569824,6629.290039,6586.720215,6606.000000,81100,https://finance.yahoo.com/quote/PSEI.PS/history
2022-09-12,6625.399902,6715.750000,6625.399902,6715.750000,72100,https://finance.yahoo.com/quote/PSEI.PS/history
2022-09-13,6710.890137,6710.890137,6666.140137,6701.810059,85000,https://finance.yahoo.com/quote/PSEI.PS/history
2022-09-14,6604.479980,6618.129883,6560.509766,6582.859863,136300,https://finance.yahoo.com/quote/PSEI.PS/history
2022-09-15,6586.549805,6633.629883,6575.669922,6575.669922,101600,https://finance.yahoo.com/quote/PSEI.PS/history
2022-09-16,6586.910156,6588.250000,6539.250000,6548.770020,439600,https://finance.yahoo.com/quote/PSEI.PS/history
2022-09-19,6544.640137,6550.020020,6433.319824,6437.419922,106900,https://finance.yahoo.com/quote/PSEI.PS/history
2022-09-20,6459.919922,6500.759766,6448.459961,6448.459961,97800,https://finance.yahoo.com/quote/PSEI.PS/history
2022-09-21,6437.399902,6446.979980,6315.540039,6341.689941,128600,https://finance.yahoo.com/quote/PSEI.PS/history
2022-09-22,6304.189941,6304.189941,6227.580078,6301.709961,161100,https://finance.yahoo.com/quote/PSEI.PS/history
2022-09-23,6291.370117,6291.370117,6235.669922,6259.540039,126400,https://finance.yahoo.com/quote/PSEI.PS/history
2022-09-27,6193.040039,6193.040039,5962.169922,6020.069824,179200,https://finance.yahoo.com/quote/PSEI.PS/history
2022-09-28,6038.979980,6044.169922,5879.680176,5879.680176,147000,https://finance.yahoo.com/quote/PSEI.PS/history
2022-09-29,5967.319824,6006.520020,5911.649902,5934.250000,152000,https://finance.yahoo.com/quote/PSEI.PS/history
2022-09-30,5874.569824,5874.569824,5741.069824,5741.069824,180600,https://finance.yahoo.com/quote/PSEI.PS/history
2022-10-03,5734.339844,5784.189941,5699.299805,5783.149902,89900,https://finance.yahoo.com/quote/PSEI.PS/history
2022-10-04,5851.770020,5987.720215,5850.649902,5987.720215,103400,https://finance.yahoo.com/quote/PSEI.PS/history
2022-10-05,6033.430176,6033.430176,5949.810059,5988.589844,107200,https://finance.yahoo.com/quote/PSEI.PS/history
2022-10-06,5990.279785,6021.580078,5934.270020,5934.270020,80000,https://finance.yahoo.com/quote/PSEI.PS/history
2022-10-07,5940.770020,5941.799805,5869.589844,5932.189941,74000,https://finance.yahoo.com/quote/PSEI.PS/history
2022-10-10,5898.830078,5898.830078,5832.580078,5832.580078,66500,https://finance.yahoo.com/quote/PSEI.PS/history
2022-10-11,5849.870117,5899.399902,5835.220215,5847.370117,100600,https://finance.yahoo.com/quote/PSEI.PS/history
2022-10-12,5850.589844,5873.109863,5836.819824,5853.629883,74900,https://finance.yahoo.com/quote/PSEI.PS/history
2022-10-13,5869.850098,5914.729980,5841.569824,5895.640137,78600,https://finance.yahoo.com/quote/PSEI.PS/history
2022-10-14,5954.959961,5967.689941,5904.750000,5904.750000,103000,https://finance.yahoo.com/quote/PSEI.PS/history
2022-10-17,5901.549805,5977.129883,5891.779785,5970.330078,72200,https://finance.yahoo.com/quote/PSEI.PS/history
2022-10-18,5997.779785,6128.640137,5969.779785,6128.640137,128000,https://finance.yahoo.com/quote/PSEI.PS/history
2022-10-19,6130.950195,6148.310059,6077.379883,6148.310059,80400,https://finance.yahoo.com/quote/PSEI.PS/history
2022-10-20,6137.259766,6181.750000,6028.490234,6055.990234,257900,https://finance.yahoo.com/quote/PSEI.PS/history
2022-10-21,6067.629883,6075.740234,5983.560059,5983.560059,80700,https://finance.yahoo.com/quote/PSEI.PS/history
2022-10-24,6021.540039,6071.700195,6018.979980,6028.790039,69300,https://finance.yahoo.com/quote/PSEI.PS/history
2022-10-25,6038.109863,6073.410156,6020.879883,6073.410156,80800,https://finance.yahoo.com/quote/PSEI.PS/history
2022-10-26,6070.009766,6121.529785,6053.589844,6121.529785,62000,https://finance.yahoo.com/quote/PSEI.PS/history
2022-10-27,6120.899902,6230.580078,6111.939941,6230.580078,95900,https://finance.yahoo.com/quote/PSEI.PS/history
2022-10-28,6210.839844,6210.839844,6153.430176,6153.430176,93100,https://finance.yahoo.com/quote/PSEI.PS/history
2022-11-02,6258.910156,6258.910156,6159.600098,6206.240234,120500,https://finance.yahoo.com/quote/PSEI.PS/history
2022-11-03,6155.799805,6157.459961,6110.029785,6156.109863,79100,https://finance.yahoo.com/quote/PSEI.PS/history
2022-11-04,6148.470215,6185.529785,6083.500000,6185.529785,85300,https://finance.yahoo.com/quote/PSEI.PS/history
2022-11-07,6184.790039,6295.580078,6167.649902,6295.580078,101100,https://finance.yahoo.com/quote/PSEI.PS/history
2022-11-08,6303.580078,6345.830078,6260.500000,6289.100098,92000,https://finance.yahoo.com/quote/PSEI.PS/history
2022-11-09,6286.250000,6320.390137,6236.959961,6241.680176,112200,https://finance.yahoo.com/quote/PSEI.PS/history
2022-11-10,6230.839844,6248.910156,6158.259766,6167.569824,106500,https://finance.yahoo.com/quote/PSEI.PS/history
2022-11-11,6307.729980,6349.259766,6272.200195,6286.770020,109700,https://finance.yahoo.com/quote/PSEI.PS/history
2022-11-14,6296.220215,6362.350098,6289.049805,6354.759766,140700,https://finance.yahoo.com/quote/PSEI.PS/history
2022-11-15,6334.669922,6418.939941,6320.740234,6418.939941,128900,https://finance.yahoo.com/quote/PSEI.PS/history
2022-11-16,6423.629883,6423.629883,6333.950195,6392.089844,174800,https://finance.yahoo.com/quote/PSEI.PS/history
2022-11-17,6380.810059,6406.009766,6366.049805,6403.740234,102800,https://finance.yahoo.com/quote/PSEI.PS/history
2022-11-18,6415.339844,6451.609863,6403.500000,6437.379883,143000,https://finance.yahoo.com/quote/PSEI.PS/history
2022-11-21,6451.439941,6451.439941,6364.299805,6403.240234,115400,https://finance.yahoo.com/quote/PSEI.PS/history
2022-11-22,6401.399902,6463.180176,6401.399902,6429.649902,106500,https://finance.yahoo.com/quote/PSEI.PS/history
2022-11-23,6441.419922,6510.319824,6437.759766,6510.319824,100400,https://finance.yahoo.com/quote/PSEI.PS/history
2022-11-24,6503.979980,6536.169922,6496.890137,6530.509766,107800,https://finance.yahoo.com/quote/PSEI.PS/history
2022-11-25,6529.109863,6606.939941,6480.620117,6606.939941,115000,https://finance.yahoo.com/quote/PSEI.PS/history
2022-11-28,6589.930176,6681.609863,6570.620117,6681.470215,141200,https://finance.yahoo.com/quote/PSEI.PS/history
2022-11-29,6652.000000,6780.779785,6600.020020,6780.779785,1304800,https://finance.yahoo.com/quote/PSEI.PS/history
2022-12-01,6814.140137,6814.140137,6732.959961,6734.089844,237300,https://finance.yahoo.com/quote/PSEI.PS/history
2022-12-02,6731.169922,6731.169922,6489.649902,6489.649902,115400,https://finance.yahoo.com/quote/PSEI.PS/history
2022-12-05,6503.569824,6541.770020,6442.129883,6442.129883,90800,https://finance.yahoo.com/quote/PSEI.PS/history
2022-12-06,6463.009766,6674.379883,6456.810059,6674.379883,132700,https://finance.yahoo.com/quote/PSEI.PS/history
2022-12-07,6662.750000,6662.750000,6525.160156,6525.160156,143000,https://finance.yahoo.com/quote/PSEI.PS/history
2022-12-09,6560.129883,6580.120117,6515.529785,6580.120117,134500,https://finance.yahoo.com/quote/PSEI.PS/history
2022-12-12,6602.580078,6642.399902,6566.859863,6585.200195,106100,https://finance.yahoo.com/quote/PSEI.PS/history
2022-12-13,6611.160156,6631.660156,6566.950195,6582.379883,136000,https://finance.yahoo.com/quote/PSEI.PS/history
2022-12-14,6610.459961,6632.120117,6583.350098,6615.069824,131100,https://finance.yahoo.com/quote/PSEI.PS/history
2022-12-15,6618.850098,6631.089844,6537.540039,6566.799805,120400,https://finance.yahoo.com/quote/PSEI.PS/history
2022-12-16,6523.069824,6552.319824,6478.279785,6496.500000,211700,https://finance.yahoo.com/quote/PSEI.PS/history
2022-12-19,6474.000000,6477.990234,6360.970215,6414.270020,244900,https://finance.yahoo.com/quote/PSEI.PS/history
2022-12-20,6412.419922,6458.120117,6385.200195,6458.120117,87800,https://finance.yahoo.com/quote/PSEI.PS/history
2022-12-21,6464.350098,6521.169922,6449.640137,6520.799805,158600,https://finance.yahoo.com/quote/PSEI.PS/history
2022-12-22,6540.930176,6580.209961,6521.669922,6576.939941,183700,https://finance.yahoo.com/quote/PSEI.PS/history
2022-12-23,6567.919922,6567.919922,6536.669922,6541.029785,56100,https://finance.yahoo.com/quote/PSEI.PS/history
2022-12-27,6549.089844,6579.259766,6519.899902,6564.899902,75400,https://finance.yahoo.com/quote/PSEI.PS/history
2022-12-28,6567.129883,6576.709961,6530.270020,6566.540039,88600,https://finance.yahoo.com/quote/PSEI.PS/history
2022-12-29,6553.669922,6591.279785,6529.689941,6566.390137,161100,https://finance.yahoo.com/quote/PSEI.PS/history
2023-01-03,6555.399902,6624.759766,6550.169922,6586.009766,84400,https://finance.yahoo.com/quote/PSEI.PS/history
2023-01-04,6601.500000,6755.270020,6601.500000,6718.500000,209900,https://finance.yahoo.com/quote/PSEI.PS/history
2023-01-05,6738.930176,6767.049805,6730.520020,6761.330078,167200,https://finance.yahoo.com/quote/PSEI.PS/history
2023-01-06,6736.649902,6736.649902,6666.680176,6667.970215,136700,https://finance.yahoo.com/quote/PSEI.PS/history
2023-01-09,6692.299805,6790.240234,6685.069824,6790.240234,150100,https://finance.yahoo.com/quote/PSEI.PS/history
2023-01-10,6783.399902,6783.399902,6740.029785,6756.689941,153900,https://finance.yahoo.com/quote/PSEI.PS/history
2023-01-11,6764.680176,6774.470215,6709.339844,6709.339844,209800,https://finance.yahoo.com/quote/PSEI.PS/history
2023-01-12,6723.529785,6833.529785,6723.529785,6833.529785,200000,https://finance.yahoo.com/quote/PSEI.PS/history
2023-01-13,6833.759766,6959.629883,6816.419922,6951.540039,238400,https://finance.yahoo.com/quote/PSEI.PS/history
2023-01-16,6966.000000,7132.100098,6966.000000,7045.479980,258100,https://finance.yahoo.com/quote/PSEI.PS/history
2023-01-17,7041.060059,7046.450195,6952.790039,7014.040039,192700,https://finance.yahoo.com/quote/PSEI.PS/history
2023-01-18,7008.069824,7094.859863,6967.870117,7094.859863,178900,https://finance.yahoo.com/quote/PSEI.PS/history
2023-01-19,7049.799805,7083.870117,7043.899902,7062.009766,194100,https://finance.yahoo.com/quote/PSEI.PS/history
2023-01-20,7056.430176,7063.500000,7035.649902,7056.620117,117100,https://finance.yahoo.com/quote/PSEI.PS/history
2023-01-23,7051.459961,7069.680176,7003.419922,7069.680176,97900,https://finance.yahoo.com/quote/PSEI.PS/history
2023-01-24,7065.600098,7137.620117,7039.049805,7041.500000,252700,https://finance.yahoo.com/quote/PSEI.PS/history
2023-01-25,7072.490234,7085.540039,7047.729980,7081.359863,138900,https://finance.yahoo.com/quote/PSEI.PS/history
2023-01-26,7088.140137,7101.839844,7042.700195,7042.700195,128400,https://finance.yahoo.com/quote/PSEI.PS/history
2023-01-27,7062.629883,7080.399902,7043.600098,7052.160156,112300,https://finance.yahoo.com/quote/PSEI.PS/history
2023-01-30,7048.759766,7053.720215,6929.180176,6970.970215,302500,https://finance.yahoo.com/quote/PSEI.PS/history
2023-01-31,6935.669922,6935.669922,6740.189941,6793.250000,240900,https://finance.yahoo.com/quote/PSEI.PS/history
2023-02-01,6814.520020,7035.759766,6813.770020,7035.759766,249700,https://finance.yahoo.com/quote/PSEI.PS/history
2023-02-02,7027.919922,7028.370117,6959.779785,6986.189941,257700,https://finance.yahoo.com/quote/PSEI.PS/history
2023-02-03,7012.870117,7027.379883,6901.220215,7027.379883,875100,https://finance.yahoo.com/quote/PSEI.PS/history
2023-02-06,6997.459961,6997.459961,6892.000000,6936.609863,252300,https://finance.yahoo.com/quote/PSEI.PS/history
2023-02-07,6919.009766,6931.790039,6881.259766,6881.259766,107900,https://finance.yahoo.com/quote/PSEI.PS/history
2023-02-08,6885.270020,6963.459961,6884.430176,6923.080078,110300,https://finance.yahoo.com/quote/PSEI.PS/history
2023-02-09,6922.129883,6922.129883,6840.120117,6842.790039,115100,https://finance.yahoo.com/quote/PSEI.PS/history
2023-02-10,6852.169922,6884.200195,6848.709961,6876.790039,109500,https://finance.yahoo.com/quote/PSEI.PS/history
2023-02-13,6865.540039,6902.870117,6834.270020,6838.750000,178400,https://finance.yahoo.com/quote/PSEI.PS/history
2023-02-14,6847.990234,6863.740234,6791.240234,6791.240234,238900,https://finance.yahoo.com/quote/PSEI.PS/history
2023-02-15,6790.529785,6829.029785,6747.100098,6822.089844,97100,https://finance.yahoo.com/quote/PSEI.PS/history
2023-02-16,6814.259766,6848.479980,6808.529785,6815.910156,146400,https://finance.yahoo.com/quote/PSEI.PS/history
2023-02-17,6805.209961,6808.970215,6745.540039,6779.020020,89800,https://finance.yahoo.com/quote/PSEI.PS/history
2023-02-20,6793.859863,6794.979980,6735.529785,6744.120117,74100,https://finance.yahoo.com/quote/PSEI.PS/history
2023-02-21,6757.950195,6800.959961,6719.100098,6800.959961,82300,https://finance.yahoo.com/quote/PSEI.PS/history
2023-02-22,6778.200195,6778.200195,6696.720215,6699.229980,115300,https://finance.yahoo.com/quote/PSEI.PS/history
2023-02-23,6704.910156,6704.910156,6666.410156,6685.899902,129200,https://finance.yahoo.com/quote/PSEI.PS/history
2023-02-24,6704.910156,6704.910156,6666.410156,6685.899902,129200,https://finance.yahoo.com/quote/PSEI.PS/history
2023-02-27,6684.450195,6684.450195,6537.520020,6599.339844,165400,https://finance.yahoo.com/quote/PSEI.PS/history
2023-02-28,6609.410156,6670.490234,6556.200195,6556.200195,767400,https://finance.yahoo.com/quote/PSEI.PS/history
2023-03-01,6602.959961,6630.200195,6579.479980,6607.129883,159000,https://finance.yahoo.com/quote/PSEI.PS/history
2023-03-02,6628.350098,6690.629883,6598.149902,6622.450195,149700,https://finance.yahoo.com/quote/PSEI.PS/history
2023-03-03,6640.330078,6694.359863,6640.330078,6655.370117,204300,https://finance.yahoo.com/quote/PSEI.PS/history
2023-03-06,6673.180176,6737.129883,6671.120117,6671.120117,94800,https://finance.yahoo.com/quote/PSEI.PS/history
2023-03-07,6707.549805,6739.500000,6705.120117,6705.120117,127100,https://finance.yahoo.com/quote/PSEI.PS/history
2023-03-08,6681.209961,6711.490234,6617.859863,6711.490234,141500,https://finance.yahoo.com/quote/PSEI.PS/history
2023-03-09,6711.109863,6711.109863,6609.270020,6609.270020,119500,https://finance.yahoo.com/quote/PSEI.PS/history
2023-03-10,6596.160156,6596.160156,6518.430176,6589.879883,171100,https://finance.yahoo.com/quote/PSEI.PS/history
2023-03-13,6529.569824,6599.959961,6498.399902,6544.450195,96400,https://finance.yahoo.com/quote/PSEI.PS/history
2023-03-14,6525.750000,6525.750000,6393.330078,6393.330078,137000,https://finance.yahoo.com/quote/PSEI.PS/history
2023-03-15,6441.669922,6513.259766,6434.930176,6466.100098,127100,https://finance.yahoo.com/quote/PSEI.PS/history
2023-03-16,6437.669922,6437.669922,6330.529785,6404.910156,108400,https://finance.yahoo.com/quote/PSEI.PS/history
2023-03-17,6411.180176,6485.609863,6409.290039,6469.720215,143100,https://finance.yahoo.com/quote/PSEI.PS/history
2023-03-20,6452.029785,6452.029785,6389.479980,6451.020020,86400,https://finance.yahoo.com/quote/PSEI.PS/history
2023-03-21,6459.540039,6530.750000,6459.540039,6530.750000,100400,https://finance.yahoo.com/quote/PSEI.PS/history
2023-03-22,6540.450195,6593.220215,6540.450195,6546.270020,84000,https://finance.yahoo.com/quote/PSEI.PS/history
2023-03-23,6514.140137,6536.359863,6494.060059,6536.359863,86400,https://finance.yahoo.com/quote/PSEI.PS/history
2023-03-24,6523.729980,6602.839844,6523.729980,6602.169922,74400,https://finance.yahoo.com/quote/PSEI.PS/history
2023-03-27,6598.729980,6598.729980,6568.700195,6595.029785,73700,https://finance.yahoo.com/quote/PSEI.PS/history
2023-03-28,6607.359863,6627.129883,6603.149902,6603.149902,112700,https://finance.yahoo.com/quote/PSEI.PS/history
2023-03-29,6622.439941,6630.970215,6590.109863,6630.970215,83500,https://finance.yahoo.com/quote/PSEI.PS/history
2023-03-30,6632.560059,6644.750000,6610.759766,6644.750000,81500,https://finance.yahoo.com/quote/PSEI.PS/history
2023-03-31,6635.689941,6635.689941,6499.680176,6499.680176,149700,https://finance.yahoo.com/quote/PSEI.PS/history
2023-04-03,6524.310059,6529.990234,6507.100098,6529.990234,96200,https://finance.yahoo.com/quote/PSEI.PS/history
2023-04-04,6533.930176,6538.970215,6463.979980,6472.040039,75200,https://finance.yahoo.com/quote/PSEI.PS/history
2023-04-05,6470.540039,6518.169922,6470.540039,6488.509766,72000,https://finance.yahoo.com/quote/PSEI.PS/history
2023-04-11,6502.459961,6506.589844,6473.950195,6479.629883,91200,https://finance.yahoo.com/quote/PSEI.PS/history
2023-04-12,6473.729980,6479.160156,6428.919922,6469.419922,83500,https://finance.yahoo.com/quote/PSEI.PS/history
2023-04-13,6453.290039,6453.290039,6394.100098,6448.870117,114400,https://finance.yahoo.com/quote/PSEI.PS/history
2023-04-14,6445.549805,6481.910156,6445.549805,6481.910156,79000,https://finance.yahoo.com/quote/PSEI.PS/history
2023-04-17,6483.240234,6505.620117,6425.140137,6505.620117,71300,https://finance.yahoo.com/quote/PSEI.PS/history
2023-04-18,6499.669922,6499.669922,6454.270020,6464.720215,49100,https://finance.yahoo.com/quote/PSEI.PS/history
2023-04-19,6456.959961,6468.629883,6425.899902,6446.350098,57800,https://finance.yahoo.com/quote/PSEI.PS/history
2023-04-20,6466.680176,6520.439941,6453.270020,6520.439941,69900,https://finance.yahoo.com/quote/PSEI.PS/history
2023-04-24,6523.850098,6598.379883,6522.200195,6598.379883,99200,https://finance.yahoo.com/quote/PSEI.PS/history
2023-04-25,6595.509766,6597.330078,6575.040039,6593.390137,112600,https://finance.yahoo.com/quote/PSEI.PS/history
2023-04-26,6584.859863,6584.859863,6512.979980,6540.240234,134300,https://finance.yahoo.com/quote/PSEI.PS/history
2023-04-27,6541.359863,6597.830078,6530.899902,6583.680176,48600,https://finance.yahoo.com/quote/PSEI.PS/history
2023-04-28,6592.140137,6635.399902,6587.410156,6625.080078,235800,https://finance.yahoo.com/quote/PSEI.PS/history
2023-05-02,6624.950195,6673.439941,6616.879883,6672.689941,105500,https://finance.yahoo.com/quote/PSEI.PS/history
2023-05-03,6675.709961,6675.709961,6606.689941,6606.689941,104300,https://finance.yahoo.com/quote/PSEI.PS/history
2023-05-04,6612.140137,6684.439941,6612.140137,6684.350098,115200,https://finance.yahoo.com/quote/PSEI.PS/history
2023-05-05,6678.879883,6706.220215,6673.319824,6685.660156,93700,https://finance.yahoo.com/quote/PSEI.PS/history
2023-05-08,6709.560059,6750.060059,6600.740234,6600.740234,127600,https://finance.yahoo.com/quote/PSEI.PS/history
2023-05-09,6615.729980,6646.580078,6594.450195,6622.609863,76800,https://finance.yahoo.com/quote/PSEI.PS/history
2023-05-10,6632.830078,6660.660156,6621.580078,6658.589844,100400,https://finance.yahoo.com/quote/PSEI.PS/history
2023-05-11,6669.399902,6704.529785,6657.509766,6675.459961,116400,https://finance.yahoo.com/quote/PSEI.PS/history
2023-05-12,6661.600098,6668.649902,6578.149902,6578.149902,150400,https://finance.yahoo.com/quote/PSEI.PS/history
2023-05-15,6582.569824,6585.720215,6523.149902,6523.149902,78700,https://finance.yahoo.com/quote/PSEI.PS/history
2023-05-16,6549.339844,6596.339844,6549.339844,6588.899902,65700,https://finance.yahoo.com/quote/PSEI.PS/history
2023-05-17,6595.459961,6644.379883,6593.660156,6635.109863,103100,https://finance.yahoo.com/quote/PSEI.PS/history
2023-05-18,6642.529785,6658.160156,6628.640137,6628.640137,81200,https://finance.yahoo.com/quote/PSEI.PS/history
2023-05-19,6635.450195,6694.089844,6635.450195,6664.549805,96200,https://finance.yahoo.com/quote/PSEI.PS/history
2023-05-22,6651.189941,6651.189941,6596.790039,6620.830078,83100,https://finance.yahoo.com/quote/PSEI.PS/history
2023-05-23,6601.750000,6641.759766,6592.169922,6603.560059,97300,https://finance.yahoo.com/quote/PSEI.PS/history
2023-05-24,6596.299805,6615.950195,6589.810059,6615.950195,60000,https://finance.yahoo.com/quote/PSEI.PS/history
2023-05-25,6612.470215,6613.850098,6560.220215,6560.220215,60500,https://finance.yahoo.com/quote/PSEI.PS/history
2023-05-26,6570.950195,6570.950195,6496.470215,6530.200195,62300,https://finance.yahoo.com/quote/PSEI.PS/history
2023-05-29,6543.930176,6593.160156,6532.720215,6593.160156,67000,https://finance.yahoo.com/quote/PSEI.PS/history
2023-05-30,6574.790039,6574.790039,6510.669922,6510.669922,75900,https://finance.yahoo.com/quote/PSEI.PS/history
2023-05-31,6517.069824,6522.089844,6469.910156,6477.359863,982000,https://finance.yahoo.com/quote/PSEI.PS/history
2023-06-01,6502.759766,6502.759766,6430.580078,6430.580078,119900,https://finance.yahoo.com/quote/PSEI.PS/history
2023-06-02,6449.970215,6512.009766,6449.970215,6512.009766,149500,https://finance.yahoo.com/quote/PSEI.PS/history
2023-06-05,6525.629883,6544.129883,6521.060059,6521.640137,67300,https://finance.yahoo.com/quote/PSEI.PS/history
2023-06-06,6526.209961,6539.490234,6479.930176,6479.930176,95600,https://finance.yahoo.com/quote/PSEI.PS/history
2023-06-07,6490.350098,6564.700195,6483.870117,6564.700195,82600,https://finance.yahoo.com/quote/PSEI.PS/history
2023-06-08,6546.470215,6551.979980,6520.529785,6539.359863,65800,https://finance.yahoo.com/quote/PSEI.PS/history
2023-06-09,6541.040039,6553.229980,6501.930176,6507.149902,80100,https://finance.yahoo.com/quote/PSEI.PS/history
2023-06-12,6541.040039,6553.229980,6501.930176,6507.149902,80100,https://finance.yahoo.com/quote/PSEI.PS/history
2023-06-13,6492.060059,6525.419922,6471.529785,6507.259766,130200,https://finance.yahoo.com/quote/PSEI.PS/history
2023-06-14,6505.339844,6526.359863,6423.689941,6434.060059,207100,https://finance.yahoo.com/quote/PSEI.PS/history
2023-06-15,6434.939941,6461.419922,6386.839844,6461.419922,111900,https://finance.yahoo.com/quote/PSEI.PS/history
2023-06-16,6450.299805,6508.370117,6413.569824,6508.339844,216400,https://finance.yahoo.com/quote/PSEI.PS/history
2023-06-19,6491.850098,6491.850098,6422.109863,6450.339844,96000,https://finance.yahoo.com/quote/PSEI.PS/history
2023-06-20,6434.029785,6448.899902,6410.330078,6448.899902,116400,https://finance.yahoo.com/quote/PSEI.PS/history
2023-06-21,6420.799805,6437.399902,6406.879883,6424.209961,126300,https://finance.yahoo.com/quote/PSEI.PS/history
2023-06-22,6423.060059,6423.060059,6374.069824,6404.910156,130700,https://finance.yahoo.com/quote/PSEI.PS/history
2023-06-23,6404.379883,6421.779785,6392.629883,6393.549805,67400,https://finance.yahoo.com/quote/PSEI.PS/history
2023-06-26,6422.569824,6545.450195,6419.930176,6523.089844,138700,https://finance.yahoo.com/quote/PSEI.PS/history
2023-06-27,6519.790039,6547.330078,6491.810059,6502.850098,94600,https://finance.yahoo.com/quote/PSEI.PS/history
2023-06-29,6507.419922,6550.250000,6507.419922,6511.490234,83200,https://finance.yahoo.com/quote/PSEI.PS/history
2023-06-30,6525.390137,6525.390137,6468.069824,6468.069824,118700,https://finance.yahoo.com/quote/PSEI.PS/history
2023-07-03,6459.529785,6508.209961,6459.529785,6508.209961,42900,https://finance.yahoo.com/quote/PSEI.PS/history
2023-07-04,6501.649902,6519.069824,6494.509766,6514.470215,37100,https://finance.yahoo.com/quote/PSEI.PS/history
2023-07-05,6509.200195,6512.390137,6446.790039,6512.390137,131000,https://finance.yahoo.com/quote/PSEI.PS/history
2023-07-06,6491.529785,6496.149902,6436.540039,6474.259766,117800,https://finance.yahoo.com/quote/PSEI.PS/history
2023-07-07,6459.259766,6459.259766,6379.029785,6379.029785,65000,https://finance.yahoo.com/quote/PSEI.PS/history
2023-07-10,6386.229980,6410.500000,6375.259766,6379.720215,67300,https://finance.yahoo.com/quote/PSEI.PS/history
2023-07-11,6387.979980,6430.279785,6385.439941,6398.640137,79000,https://finance.yahoo.com/quote/PSEI.PS/history
2023-07-12,6424.189941,6466.850098,6421.049805,6466.850098,113400,https://finance.yahoo.com/quote/PSEI.PS/history
2023-07-13,6475.660156,6579.040039,6475.660156,6578.490234,92600,https://finance.yahoo.com/quote/PSEI.PS/history
2023-07-14,6581.399902,6624.790039,6526.439941,6624.790039,129200,https://finance.yahoo.com/quote/PSEI.PS/history
2023-07-17,6604.910156,6610.890137,6550.759766,6550.759766,63700,https://finance.yahoo.com/quote/PSEI.PS/history
2023-07-18,6560.370117,6610.569824,6528.799805,6528.799805,54300,https://finance.yahoo.com/quote/PSEI.PS/history
2023-07-19,6539.229980,6564.169922,6530.330078,6541.910156,62100,https://finance.yahoo.com/quote/PSEI.PS/history
2023-07-20,6547.799805,6645.359863,6547.799805,6613.500000,103500,https://finance.yahoo.com/quote/PSEI.PS/history
2023-07-21,6620.029785,6689.040039,6620.029785,6647.560059,88200,https://finance.yahoo.com/quote/PSEI.PS/history
2023-07-24,6653.549805,6677.479980,6631.250000,6631.250000,88500,https://finance.yahoo.com/quote/PSEI.PS/history
2023-07-25,6650.620117,6698.410156,6650.620117,6661.109863,103900,https://finance.yahoo.com/quote/PSEI.PS/history
2023-07-26,6683.220215,6683.220215,6622.609863,6679.129883,79500,https://finance.yahoo.com/quote/PSEI.PS/history
2023-07-27,6660.120117,6677.919922,6627.589844,6677.919922,78400,https://finance.yahoo.com/quote/PSEI.PS/history
2023-07-28,6664.620117,6671.609863,6625.259766,6625.259766,65700,https://finance.yahoo.com/quote/PSEI.PS/history
2023-07-31,6632.600098,6678.290039,6591.470215,6591.470215,79500,https://finance.yahoo.com/quote/PSEI.PS/history
2023-08-01,6627.560059,6641.919922,6593.799805,6593.799805,86200,https://finance.yahoo.com/quote/PSEI.PS/history
2023-08-02,6607.049805,6616.259766,6475.799805,6483.279785,92900,https://finance.yahoo.com/quote/PSEI.PS/history
2023-08-03,6496.859863,6576.759766,6496.859863,6576.759766,75600,https://finance.yahoo.com/quote/PSEI.PS/history
2023-08-04,6580.490234,6590.649902,6450.839844,6450.839844,194200,https://finance.yahoo.com/quote/PSEI.PS/history
2023-08-07,6498.589844,6522.589844,6485.029785,6507.779785,77700,https://finance.yahoo.com/quote/PSEI.PS/history
2023-08-08,6517.129883,6541.640137,6465.979980,6472.970215,142800,https://finance.yahoo.com/quote/PSEI.PS/history
2023-08-09,6490.089844,6530.450195,6478.740234,6530.450195,94700,https://finance.yahoo.com/quote/PSEI.PS/history
2023-08-10,6508.779785,6508.779785,6446.799805,6449.660156,112300,https://finance.yahoo.com/quote/PSEI.PS/history
2023-08-11,6457.049805,6458.770020,6405.910156,6405.910156,100800,https://finance.yahoo.com/quote/PSEI.PS/history
2023-08-14,6404.270020,6404.270020,6306.810059,6329.189941,187300,https://finance.yahoo.com/quote/PSEI.PS/history
2023-08-15,6337.669922,6370.430176,6297.169922,6335.910156,128600,https://finance.yahoo.com/quote/PSEI.PS/history
2023-08-16,6333.200195,6410.089844,6322.100098,6410.089844,98500,https://finance.yahoo.com/quote/PSEI.PS/history
2023-08-17,6393.529785,6409.979980,6353.740234,6364.970215,95500,https://finance.yahoo.com/quote/PSEI.PS/history
2023-08-18,6352.080078,6366.080078,6290.270020,6290.270020,120300,https://finance.yahoo.com/quote/PSEI.PS/history
2023-08-22,6286.919922,6291.040039,6212.390137,6212.390137,107900,https://finance.yahoo.com/quote/PSEI.PS/history
2023-08-23,6225.299805,6225.299805,6179.629883,6179.629883,86000,https://finance.yahoo.com/quote/PSEI.PS/history
2023-08-24,6204.299805,6278.180176,6204.299805,6225.779785,67900,https://finance.yahoo.com/quote/PSEI.PS/history
2023-08-25,6222.299805,6222.299805,6155.200195,6160.279785,39800,https://finance.yahoo.com/quote/PSEI.PS/history
2023-08-29,6161.029785,6225.000000,6142.149902,6225.000000,126400,https://finance.yahoo.com/quote/PSEI.PS/history
2023-08-30,6224.810059,6300.439941,6224.810059,6295.290039,131500,https://finance.yahoo.com/quote/PSEI.PS/history
2023-08-31,6291.950195,6291.950195,6175.250000,6175.250000,160600,https://finance.yahoo.com/quote/PSEI.PS/history
2023-09-01,6215.549805,6220.250000,6179.879883,6181.060059,616700,https://finance.yahoo.com/quote/PSEI.PS/history
2023-09-04,6195.370117,6217.740234,6183.740234,6214.680176,1768700,https://finance.yahoo.com/quote/PSEI.PS/history
2023-09-05,6211.750000,6258.500000,6193.910156,6225.000000,63900,https://finance.yahoo.com/quote/PSEI.PS/history
2023-09-06,6243.370117,6245.740234,6205.799805,6241.689941,61600,https://finance.yahoo.com/quote/PSEI.PS/history
2023-09-07,6223.750000,6223.750000,6170.069824,6183.069824,68100,https://finance.yahoo.com/quote/PSEI.PS/history
2023-09-08,6193.399902,6222.939941,6173.100098,6222.939941,48700,https://finance.yahoo.com/quote/PSEI.PS/history
2023-09-11,6217.560059,6233.740234,6198.500000,6233.740234,75300,https://finance.yahoo.com/quote/PSEI.PS/history
2023-09-12,6238.890137,6260.870117,6230.200195,6230.200195,101800,https://finance.yahoo.com/quote/PSEI.PS/history
2023-09-13,6235.819824,6239.399902,6149.180176,6149.180176,92000,https://finance.yahoo.com/quote/PSEI.PS/history
2023-09-14,6156.649902,6208.399902,6149.290039,6208.399902,66600,https://finance.yahoo.com/quote/PSEI.PS/history
2023-09-15,6202.890137,6216.459961,6126.339844,6126.339844,167200,https://finance.yahoo.com/quote/PSEI.PS/history
2023-09-18,6157.220215,6159.680176,6085.169922,6124.569824,66700,https://finance.yahoo.com/quote/PSEI.PS/history
2023-09-19,6121.069824,6121.160156,6034.359863,6047.970215,66300,https://finance.yahoo.com/quote/PSEI.PS/history
2023-09-20,6049.020020,6061.649902,5998.310059,6041.040039,86900,https://finance.yahoo.com/quote/PSEI.PS/history
2023-09-21,6053.959961,6094.709961,6043.129883,6094.709961,96500,https://finance.yahoo.com/quote/PSEI.PS/history
2023-09-22,6096.879883,6142.790039,6086.779785,6142.790039,76800,https://finance.yahoo.com/quote/PSEI.PS/history
2023-09-25,6156.870117,6191.459961,6118.140137,6172.839844,134300,https://finance.yahoo.com/quote/PSEI.PS/history
2023-09-26,6183.540039,6280.720215,6171.779785,6263.939941,108400,https://finance.yahoo.com/quote/PSEI.PS/history
2023-09-27,6254.350098,6374.680176,6245.729980,6374.680176,103900,https://finance.yahoo.com/quote/PSEI.PS/history
2023-09-28,6365.649902,6412.939941,6335.470215,6385.520020,73000,https://finance.yahoo.com/quote/PSEI.PS/history
2023-09-29,6383.410156,6392.089844,6321.240234,6321.240234,154300,https://finance.yahoo.com/quote/PSEI.PS/history
2023-10-02,6334.000000,6339.290039,6304.529785,6304.529785,68800,https://finance.yahoo.com/quote/PSEI.PS/history
2023-10-03,6304.089844,6307.939941,6253.330078,6305.990234,96700,https://finance.yahoo.com/quote/PSEI.PS/history
2023-10-04,6289.299805,6298.200195,6270.359863,6298.200195,68700,https://finance.yahoo.com/quote/PSEI.PS/history
2023-10-05,6266.000000,6289.669922,6178.600098,6178.600098,108600,https://finance.yahoo.com/quote/PSEI.PS/history
2023-10-06,6196.049805,6270.890137,6166.689941,6259.950195,85400,https://finance.yahoo.com/quote/PSEI.PS/history
2023-10-09,6238.169922,6271.720215,6227.250000,6252.160156,79100,https://finance.yahoo.com/quote/PSEI.PS/history
2023-10-10,6265.859863,6303.439941,6263.740234,6264.069824,141400,https://finance.yahoo.com/quote/PSEI.PS/history
2023-10-11,6280.850098,6308.049805,6253.959961,6253.959961,121700,https://finance.yahoo.com/quote/PSEI.PS/history
2023-10-12,6266.040039,6283.720215,6234.600098,6263.060059,71100,https://finance.yahoo.com/quote/PSEI.PS/history
2023-10-13,6264.660156,6283.500000,6260.500000,6266.339844,55500,https://finance.yahoo.com/quote/PSEI.PS/history
2023-10-16,6261.720215,6265.850098,6198.830078,6198.830078,71900,https://finance.yahoo.com/quote/PSEI.PS/history
2023-10-17,6215.129883,6286.209961,6215.129883,6280.899902,97800,https://finance.yahoo.com/quote/PSEI.PS/history
2023-10-18,6278.500000,6290.049805,6255.029785,6268.270020,148600,https://finance.yahoo.com/quote/PSEI.PS/history
2023-10-19,6263.220215,6263.220215,6216.100098,6219.160156,87200,https://finance.yahoo.com/quote/PSEI.PS/history
2023-10-20,6208.500000,6208.500000,6142.899902,6142.899902,77000,https://finance.yahoo.com/quote/PSEI.PS/history
2023-10-23,6135.700195,6139.049805,6065.370117,6088.439941,58000,https://finance.yahoo.com/quote/PSEI.PS/history
2023-10-24,6086.439941,6103.620117,6039.720215,6039.720215,50000,https://finance.yahoo.com/quote/PSEI.PS/history
2023-10-25,6050.100098,6080.490234,6026.430176,6054.500000,71300,https://finance.yahoo.com/quote/PSEI.PS/history
2023-10-26,6051.259766,6051.259766,5974.169922,6018.490234,85900,https://finance.yahoo.com/quote/PSEI.PS/history
2023-10-27,5996.200195,5999.549805,5956.859863,5961.990234,82400,https://finance.yahoo.com/quote/PSEI.PS/history
2023-10-31,5971.740234,5980.819824,5920.470215,5973.779785,86600,https://finance.yahoo.com/quote/PSEI.PS/history
2023-11-03,6039.379883,6083.689941,5989.270020,5989.270020,81700,https://finance.yahoo.com/quote/PSEI.PS/history
2023-11-06,6006.589844,6078.029785,6006.589844,6006.589844,56500,https://finance.yahoo.com/quote/PSEI.PS/history
2023-11-07,6081.439941,6131.319824,6055.680176,6131.319824,54600,https://finance.yahoo.com/quote/PSEI.PS/history
2023-11-08,6133.189941,6155.029785,6103.640137,6155.029785,64900,https://finance.yahoo.com/quote/PSEI.PS/history
2023-11-09,6155.649902,6203.720215,6155.649902,6188.220215,85700,https://finance.yahoo.com/quote/PSEI.PS/history
2023-11-10,6189.000000,6189.000000,6127.959961,6161.890137,61600,https://finance.yahoo.com/quote/PSEI.PS/history
2023-11-13,6158.220215,6158.759766,6114.339844,6116.140137,38000,https://finance.yahoo.com/quote/PSEI.PS/history
2023-11-14,6122.390137,6128.069824,6079.149902,6110.879883,62600,https://finance.yahoo.com/quote/PSEI.PS/history
2023-11-15,6114.580078,6173.259766,6106.589844,6171.129883,75500,https://finance.yahoo.com/quote/PSEI.PS/history
2023-11-16,6177.629883,6191.479980,6164.200195,6191.479980,78100,https://finance.yahoo.com/quote/PSEI.PS/history
2023-11-17,6172.390137,6232.120117,6171.169922,6211.890137,85000,https://finance.yahoo.com/quote/PSEI.PS/history
2023-11-20,6206.310059,6211.970215,6174.520020,6183.629883,70900,https://finance.yahoo.com/quote/PSEI.PS/history
2023-11-21,6196.990234,6219.060059,6183.049805,6208.830078,91800,https://finance.yahoo.com/quote/PSEI.PS/history
2023-11-22,6213.680176,6253.180176,6204.229980,6253.180176,59600,https://finance.yahoo.com/quote/PSEI.PS/history
2023-11-23,6249.459961,6259.660156,6233.669922,6246.200195,51300,https://finance.yahoo.com/quote/PSEI.PS/history
2023-11-24,6249.790039,6271.629883,6237.660156,6269.500000,57100,https://finance.yahoo.com/quote/PSEI.PS/history
2023-11-28,6274.160156,6310.970215,6274.160156,6309.569824,108200,https://finance.yahoo.com/quote/PSEI.PS/history
2023-11-29,6306.959961,6329.419922,6265.140137,6265.140137,91200,https://finance.yahoo.com/quote/PSEI.PS/history
2023-11-30,6258.870117,6259.279785,6207.069824,6223.729980,142800,https://finance.yahoo.com/quote/PSEI.PS/history
2023-12-01,6230.870117,6254.029785,6221.520020,6245.180176,57800,https://finance.yahoo.com/quote/PSEI.PS/history
2023-12-04,6237.870117,6284.370117,6234.220215,6284.370117,52600,https://finance.yahoo.com/quote/PSEI.PS/history
2023-12-05,6288.859863,6308.950195,6235.580078,6308.950195,70100,https://finance.yahoo.com/quote/PSEI.PS/history
2023-12-06,6306.390137,6306.390137,6273.970215,6305.850098,81900,https://finance.yahoo.com/quote/PSEI.PS/history
2023-12-07,6304.709961,6306.419922,6227.720215,6234.770020,72600,https://finance.yahoo.com/quote/PSEI.PS/history
2023-12-11,6203.390137,6228.290039,6167.209961,6228.290039,107100,https://finance.yahoo.com/quote/PSEI.PS/history
2023-12-12,6225.750000,6292.390137,6206.879883,6292.390137,61800,https://finance.yahoo.com/quote/PSEI.PS/history
2023-12-13,6256.669922,6306.009766,6245.660156,6255.740234,54500,https://finance.yahoo.com/quote/PSEI.PS/history
2023-12-14,6280.259766,6411.240234,6280.259766,6410.479980,156500,https://finance.yahoo.com/quote/PSEI.PS/history
2023-12-15,6402.750000,6478.439941,6396.479980,6478.439941,238200,https://finance.yahoo.com/quote/PSEI.PS/history
2023-12-18,6459.910156,6516.330078,6452.419922,6475.500000,118400,https://finance.yahoo.com/quote/PSEI.PS/history
2023-12-19,6455.009766,6524.580078,6455.009766,6521.270020,114500,https://finance.yahoo.com/quote/PSEI.PS/history
2023-12-20,6521.959961,6566.410156,6500.970215,6520.750000,197400,https://finance.yahoo.com/quote/PSEI.PS/history
2023-12-21,6486.270020,6496.419922,6428.120117,6469.229980,204200,https://finance.yahoo.com/quote/PSEI.PS/history
2023-12-22,6466.930176,6501.000000,6459.680176,6501.000000,158300,https://finance.yahoo.com/quote/PSEI.PS/history
2023-12-27,6499.600098,6500.540039,6462.799805,6462.799805,86900,https://finance.yahoo.com/quote/PSEI.PS/history
2023-12-28,6478.600098,6519.109863,6472.290039,6519.109863,61000,https://finance.yahoo.com/quote/PSEI.PS/history
2023-12-29,6514.750000,6523.830078,6450.040039,6450.040039,78000,https://finance.yahoo.com/quote/PSEI.PS/history
2024-01-02,6478.520020,6555.609863,6464.339844,6554.040039,63600,https://finance.yahoo.com/quote/PSEI.PS/history
2024-01-03,6539.810059,6544.899902,6483.799805,6498.879883,43700,https://finance.yahoo.com/quote/PSEI.PS/history
2024-01-04,6505.109863,6602.919922,6493.370117,6602.520020,88800,https://finance.yahoo.com/quote/PSEI.PS/history
2024-01-05,6606.240234,6629.640137,6583.060059,6629.640137,99400,https://finance.yahoo.com/quote/PSEI.PS/history
2024-01-08,6633.209961,6661.250000,6609.220215,6609.220215,85300,https://finance.yahoo.com/quote/PSEI.PS/history
2024-01-09,6628.549805,6678.350098,6618.520020,6618.520020,96500,https://finance.yahoo.com/quote/PSEI.PS/history
2024-01-10,6587.669922,6593.770020,6546.109863,6546.109863,84000,https://finance.yahoo.com/quote/PSEI.PS/history
2024-01-11,6562.370117,6637.700195,6562.370117,6613.729980,78700,https://finance.yahoo.com/quote/PSEI.PS/history
2024-01-12,6619.910156,6676.540039,6619.910156,6643.180176,70200,https://finance.yahoo.com/quote/PSEI.PS/history
2024-01-15,6655.990234,6695.410156,6650.410156,6680.450195,70300,https://finance.yahoo.com/quote/PSEI.PS/history
2024-01-16,6681.669922,6695.169922,6637.000000,6637.000000,89800,https://finance.yahoo.com/quote/PSEI.PS/history
2024-01-17,6647.080078,6663.680176,6567.759766,6572.509766,133300,https://finance.yahoo.com/quote/PSEI.PS/history
2024-01-18,6567.290039,6570.299805,6500.310059,6510.870117,86700,https://finance.yahoo.com/quote/PSEI.PS/history
2024-01-19,6528.680176,6528.680176,6496.959961,6503.540039,66000,https://finance.yahoo.com/quote/PSEI.PS/history
2024-01-22,6532.830078,6583.470215,6532.830078,6583.470215,75000,https://finance.yahoo.com/quote/PSEI.PS/history
2024-01-23,6594.290039,6624.430176,6593.069824,6621.879883,67100,https://finance.yahoo.com/quote/PSEI.PS/history
2024-01-24,6630.259766,6679.959961,6626.819824,6679.959961,76600,https://finance.yahoo.com/quote/PSEI.PS/history
2024-01-25,6676.399902,6687.120117,6644.589844,6673.500000,88500,https://finance.yahoo.com/quote/PSEI.PS/history
2024-01-26,6674.439941,6686.089844,6643.830078,6686.089844,72500,https://finance.yahoo.com/quote/PSEI.PS/history
2024-01-29,6680.680176,6689.180176,6630.680176,6630.680176,54800,https://finance.yahoo.com/quote/PSEI.PS/history
2024-01-30,6636.040039,6662.439941,6622.009766,6622.009766,83000,https://finance.yahoo.com/quote/PSEI.PS/history
2024-01-31,6633.450195,6722.319824,6633.450195,6646.439941,97100,https://finance.yahoo.com/quote/PSEI.PS/history
2024-02-01,6623.939941,6644.109863,6601.339844,6623.009766,65600,https://finance.yahoo.com/quote/PSEI.PS/history
2024-02-02,6652.479980,6765.379883,6652.040039,6707.250000,136900,https://finance.yahoo.com/quote/PSEI.PS/history
2024-02-05,6702.120117,6760.410156,6702.120117,6728.220215,69900,https://finance.yahoo.com/quote/PSEI.PS/history
2024-02-06,6756.720215,6774.209961,6695.819824,6755.259766,80100,https://finance.yahoo.com/quote/PSEI.PS/history
2024-02-07,6772.930176,6877.609863,6772.930176,6830.040039,104600,https://finance.yahoo.com/quote/PSEI.PS/history
2024-02-08,6844.609863,6931.549805,6844.609863,6850.160156,112200,https://finance.yahoo.com/quote/PSEI.PS/history
2024-02-12,6856.450195,6891.689941,6807.819824,6807.819824,74900,https://finance.yahoo.com/quote/PSEI.PS/history
2024-02-13,6824.080078,6848.569824,6824.080078,6827.919922,99300,https://finance.yahoo.com/quote/PSEI.PS/history
2024-02-14,6810.640137,6854.529785,6780.729980,6854.529785,82300,https://finance.yahoo.com/quote/PSEI.PS/history
2024-02-15,6862.379883,6918.149902,6855.729980,6882.149902,83400,https://finance.yahoo.com/quote/PSEI.PS/history
2024-02-16,6893.220215,6916.430176,6873.229980,6873.229980,93200,https://finance.yahoo.com/quote/PSEI.PS/history
2024-02-19,6882.319824,6901.310059,6798.609863,6798.609863,92800,https://finance.yahoo.com/quote/PSEI.PS/history
2024-02-20,6818.140137,6860.799805,6818.140137,6854.660156,73200,https://finance.yahoo.com/quote/PSEI.PS/history
2024-02-21,6846.529785,6897.359863,6833.919922,6897.359863,84900,https://finance.yahoo.com/quote/PSEI.PS/history
2024-02-22,6899.609863,6922.500000,6896.330078,6903.149902,72300,https://finance.yahoo.com/quote/PSEI.PS/history
2024-02-23,6915.250000,6990.649902,6913.209961,6913.209961,71400,https://finance.yahoo.com/quote/PSEI.PS/history
2024-02-26,6918.729980,6941.850098,6891.490234,6891.490234,59700,https://finance.yahoo.com/quote/PSEI.PS/history
2024-02-27,6887.359863,6887.359863,6842.330078,6860.669922,91400,https://finance.yahoo.com/quote/PSEI.PS/history
2024-02-28,6864.390137,6878.229980,6845.810059,6876.520020,68100,https://finance.yahoo.com/quote/PSEI.PS/history
2024-02-29,6908.729980,6944.709961,6887.910156,6944.709961,153100,https://finance.yahoo.com/quote/PSEI.PS/history
2024-03-01,6931.319824,7005.299805,6919.589844,6919.589844,57500,https://finance.yahoo.com/quote/PSEI.PS/history
2024-03-04,6923.240234,7021.040039,6908.810059,6951.669922,80600,https://finance.yahoo.com/quote/PSEI.PS/history
2024-03-05,6969.080078,6981.839844,6905.459961,6905.459961,88800,https://finance.yahoo.com/quote/PSEI.PS/history
2024-03-06,6882.430176,6894.479980,6861.549805,6878.540039,89100,https://finance.yahoo.com/quote/PSEI.PS/history
2024-03-07,6849.629883,6851.859863,6807.439941,6837.339844,76900,https://finance.yahoo.com/quote/PSEI.PS/history
2024-03-08,6839.740234,6942.209961,6835.529785,6942.209961,75800,https://finance.yahoo.com/quote/PSEI.PS/history
2024-03-11,6939.540039,6939.540039,6852.209961,6872.240234,79800,https://finance.yahoo.com/quote/PSEI.PS/history
2024-03-12,6885.919922,6928.410156,6878.490234,6879.589844,101400,https://finance.yahoo.com/quote/PSEI.PS/history
2024-03-13,6890.229980,6980.640137,6889.560059,6965.509766,122400,https://finance.yahoo.com/quote/PSEI.PS/history
2024-03-14,6962.439941,6989.379883,6939.009766,6967.959961,118400,https://finance.yahoo.com/quote/PSEI.PS/history
2024-03-15,6946.700195,6946.700195,6790.959961,6822.319824,405500,https://finance.yahoo.com/quote/PSEI.PS/history
2024-03-18,6838.029785,6910.290039,6838.029785,6853.290039,76900,https://finance.yahoo.com/quote/PSEI.PS/history
2024-03-19,6851.350098,6900.589844,6831.180176,6848.430176,118500,https://finance.yahoo.com/quote/PSEI.PS/history
2024-03-20,6856.020020,6871.220215,6840.700195,6856.770020,93100,https://finance.yahoo.com/quote/PSEI.PS/history
2024-03-21,6875.240234,6963.220215,6875.240234,6963.220215,87200,https://finance.yahoo.com/quote/PSEI.PS/history
2024-03-22,6917.680176,6919.759766,6871.450195,6881.970215,98100,https://finance.yahoo.com/quote/PSEI.PS/history
2024-03-25,6879.750000,6886.529785,6843.500000,6853.100098,95500,https://finance.yahoo.com/quote/PSEI.PS/history
2024-03-26,6840.850098,6898.169922,6797.649902,6898.169922,92100,https://finance.yahoo.com/quote/PSEI.PS/history
2024-03-27,6884.459961,6925.370117,6884.459961,6903.529785,113000,https://finance.yahoo.com/quote/PSEI.PS/history
2024-04-01,6948.540039,6991.770020,6947.270020,6979.810059,85000,https://finance.yahoo.com/quote/PSEI.PS/history
2024-04-02,7016.930176,7070.720215,6960.430176,6960.430176,133000,https://finance.yahoo.com/quote/PSEI.PS/history
2024-04-03,6960.549805,6964.930176,6863.819824,6863.819824,64400,https://finance.yahoo.com/quote/PSEI.PS/history
2024-04-04,6870.899902,6881.580078,6809.779785,6827.060059,69400,https://finance.yahoo.com/quote/PSEI.PS/history
2024-04-05,6819.229980,6819.229980,6728.839844,6745.459961,84900,https://finance.yahoo.com/quote/PSEI.PS/history
2024-04-08,6750.740234,6750.740234,6686.500000,6741.069824,81400,https://finance.yahoo.com/quote/PSEI.PS/history
2024-04-11,6727.270020,6727.270020,6669.680176,6677.649902,123400,https://finance.yahoo.com/quote/PSEI.PS/history
2024-04-12,6681.259766,6719.200195,6659.390137,6659.390137,131000,https://finance.yahoo.com/quote/PSEI.PS/history
2024-04-15,6630.430176,6630.430176,6556.930176,6562.430176,91600,https://finance.yahoo.com/quote/PSEI.PS/history
2024-04-16,6534.939941,6534.939941,6404.970215,6404.970215,122300,https://finance.yahoo.com/quote/PSEI.PS/history
2024-04-17,6432.100098,6497.819824,6424.810059,6450.040039,94500,https://finance.yahoo.com/quote/PSEI.PS/history
2024-04-18,6481.899902,6548.890137,6481.009766,6523.189941,101500,https://finance.yahoo.com/quote/PSEI.PS/history
2024-04-19,6511.500000,6540.810059,6406.979980,6443.000000,103200,https://finance.yahoo.com/quote/PSEI.PS/history
2024-04-22,6484.609863,6509.660156,6439.439941,6444.080078,60700,https://finance.yahoo.com/quote/PSEI.PS/history
2024-04-23,6463.649902,6515.430176,6463.649902,6506.799805,61600,https://finance.yahoo.com/quote/PSEI.PS/history
2024-04-24,6538.979980,6595.410156,6538.979980,6572.750000,66900,https://finance.yahoo.com/quote/PSEI.PS/history
2024-04-25,6598.140137,6598.140137,6574.879883,6574.879883,53900,https://finance.yahoo.com/quote/PSEI.PS/history
2024-04-26,6557.950195,6628.750000,6547.759766,6628.750000,58500,https://finance.yahoo.com/quote/PSEI.PS/history
2024-04-29,6629.569824,6769.640137,6629.569824,6769.640137,107600,https://finance.yahoo.com/quote/PSEI.PS/history
2024-04-30,6756.319824,6777.270020,6700.490234,6700.490234,95600,https://finance.yahoo.com/quote/PSEI.PS/history
2024-05-02,6654.970215,6679.500000,6634.839844,6646.549805,80500,https://finance.yahoo.com/quote/PSEI.PS/history
2024-05-03,6664.490234,6666.049805,6604.509766,6615.549805,83200,https://finance.yahoo.com/quote/PSEI.PS/history
2024-05-06,6639.270020,6683.709961,6639.270020,6652.490234,65400,https://finance.yahoo.com/quote/PSEI.PS/history
2024-05-07,6668.240234,6691.680176,6618.580078,6618.580078,106400,https://finance.yahoo.com/quote/PSEI.PS/history
2024-05-08,6620.350098,6659.180176,6573.569824,6659.180176,109000,https://finance.yahoo.com/quote/PSEI.PS/history
2024-05-09,6670.850098,6719.189941,6536.250000,6542.459961,171700,https://finance.yahoo.com/quote/PSEI.PS/history
2024-05-10,6574.220215,6598.930176,6511.930176,6511.930176,59700,https://finance.yahoo.com/quote/PSEI.PS/history
2024-05-13,6523.879883,6612.729980,6523.879883,6604.250000,72500,https://finance.yahoo.com/quote/PSEI.PS/history
2024-05-14,6601.930176,6608.359863,6587.890137,6608.359863,80900,https://finance.yahoo.com/quote/PSEI.PS/history
2024-05-15,6578.649902,6578.649902,6547.709961,6558.629883,156500,https://finance.yahoo.com/quote/PSEI.PS/history
2024-05-16,6589.240234,6628.200195,6579.740234,6628.200195,251000,https://finance.yahoo.com/quote/PSEI.PS/history
2024-05-17,6619.509766,6649.609863,6578.259766,6618.689941,112100,https://finance.yahoo.com/quote/PSEI.PS/history
2024-05-20,6633.589844,6703.000000,6617.580078,6682.779785,117900,https://finance.yahoo.com/quote/PSEI.PS/history
2024-05-21,6704.140137,6704.140137,6614.509766,6633.660156,124200,https://finance.yahoo.com/quote/PSEI.PS/history
2024-05-22,6606.799805,6620.560059,6578.580078,6607.220215,87200,https://finance.yahoo.com/quote/PSEI.PS/history
2024-05-23,6612.089844,6659.990234,6606.370117,6659.990234,94900,https://finance.yahoo.com/quote/PSEI.PS/history
2024-05-24,6634.609863,6634.609863,6587.049805,6619.890137,68400,https://finance.yahoo.com/quote/PSEI.PS/history
2024-05-27,6590.970215,6595.089844,6552.299805,6571.600098,98600,https://finance.yahoo.com/quote/PSEI.PS/history
2024-05-28,6572.959961,6572.959961,6495.990234,6501.339844,110900,https://finance.yahoo.com/quote/PSEI.PS/history
2024-05-29,6506.399902,6506.399902,6411.410156,6411.410156,89500,https://finance.yahoo.com/quote/PSEI.PS/history
2024-05-30,6410.390137,6415.609863,6341.540039,6371.750000,111700,https://finance.yahoo.com/quote/PSEI.PS/history
2024-05-31,6387.890137,6433.100098,6356.520020,6433.100098,606500,https://finance.yahoo.com/quote/PSEI.PS/history
2024-06-03,6433.540039,6472.520020,6410.479980,6470.740234,96300,https://finance.yahoo.com/quote/PSEI.PS/history
2024-06-04,6498.560059,6498.560059,6351.189941,6386.419922,85200,https://finance.yahoo.com/quote/PSEI.PS/history
2024-06-05,6400.459961,6443.589844,6367.729980,6441.319824,73100,https://finance.yahoo.com/quote/PSEI.PS/history
2024-06-06,6465.129883,6511.729980,6453.490234,6509.859863,80300,https://finance.yahoo.com/quote/PSEI.PS/history
2024-06-07,6524.359863,6532.930176,6512.049805,6518.759766,62700,https://finance.yahoo.com/quote/PSEI.PS/history
2024-06-10,6511.890137,6511.890137,6443.520020,6458.640137,45700,https://finance.yahoo.com/quote/PSEI.PS/history
2024-06-11,6456.850098,6464.259766,6410.069824,6410.069824,55000,https://finance.yahoo.com/quote/PSEI.PS/history
2024-06-13,6428.279785,6446.060059,6390.830078,6390.830078,76800,https://finance.yahoo.com/quote/PSEI.PS/history
2024-06-14,6394.430176,6400.339844,6370.680176,6383.700195,68400,https://finance.yahoo.com/quote/PSEI.PS/history
2024-06-18,6394.330078,6394.330078,6343.689941,6368.799805,60300,https://finance.yahoo.com/quote/PSEI.PS/history
2024-06-19,6371.520020,6382.759766,6364.399902,6366.029785,101400,https://finance.yahoo.com/quote/PSEI.PS/history
2024-06-20,6372.459961,6372.750000,6313.149902,6344.560059,85000,https://finance.yahoo.com/quote/PSEI.PS/history
2024-06-21,6349.669922,6349.669922,6158.479980,6158.479980,168200,https://finance.yahoo.com/quote/PSEI.PS/history
2024-06-24,6202.640137,6272.459961,6184.720215,6272.459961,81800,https://finance.yahoo.com/quote/PSEI.PS/history
2024-06-25,6291.089844,6307.509766,6281.669922,6299.049805,84800,https://finance.yahoo.com/quote/PSEI.PS/history
2024-06-26,6308.569824,6313.109863,6277.859863,6313.109863,113500,https://finance.yahoo.com/quote/PSEI.PS/history
2024-06-27,6314.839844,6390.580078,6301.839844,6390.580078,69100,https://finance.yahoo.com/quote/PSEI.PS/history
2024-06-28,6394.729980,6442.790039,6387.680176,6411.910156,123100,https://finance.yahoo.com/quote/PSEI.PS/history
2024-07-01,6401.959961,6436.399902,6382.250000,6398.770020,71800,https://finance.yahoo.com/quote/PSEI.PS/history
2024-07-02,6399.370117,6399.370117,6348.060059,6358.959961,64000,https://finance.yahoo.com/quote/PSEI.PS/history
2024-07-03,6366.580078,6451.939941,6355.709961,6450.029785,71700,https://finance.yahoo.com/quote/PSEI.PS/history
2024-07-04,6447.290039,6517.640137,6437.580078,6507.490234,70100,https://finance.yahoo.com/quote/PSEI.PS/history
2024-07-05,6507.279785,6560.200195,6492.750000,6492.750000,82000,https://finance.yahoo.com/quote/PSEI.PS/history
2024-07-08,6506.419922,6559.379883,6506.419922,6529.430176,94400,https://finance.yahoo.com/quote/PSEI.PS/history
2024-07-09,6530.049805,6557.319824,6497.529785,6556.660156,78800,https://finance.yahoo.com/quote/PSEI.PS/history
2024-07-10,6550.049805,6561.709961,6489.350098,6489.350098,80900,https://finance.yahoo.com/quote/PSEI.PS/history
2024-07-11,6492.459961,6609.240234,6492.459961,6609.240234,90700,https://finance.yahoo.com/quote/PSEI.PS/history
2024-07-12,6611.390137,6648.229980,6589.589844,6648.229980,68100,https://finance.yahoo.com/quote/PSEI.PS/history
2024-07-15,6635.270020,6738.120117,6635.270020,6689.370117,85800,https://finance.yahoo.com/quote/PSEI.PS/history
2024-07-16,6723.209961,6736.810059,6667.089844,6667.089844,85700,https://finance.yahoo.com/quote/PSEI.PS/history
2024-07-17,6677.850098,6700.180176,6629.509766,6687.709961,78900,https://finance.yahoo.com/quote/PSEI.PS/history
2024-07-18,6663.649902,6706.200195,6649.930176,6705.009766,93200,https://finance.yahoo.com/quote/PSEI.PS/history
2024-07-19,6707.450195,6829.970215,6707.450195,6791.689941,121800,https://finance.yahoo.com/quote/PSEI.PS/history
2024-07-22,6756.759766,6832.660156,6712.049805,6712.049805,109400,https://finance.yahoo.com/quote/PSEI.PS/history
2024-07-23,6727.580078,6753.879883,6686.709961,6753.120117,78200,https://finance.yahoo.com/quote/PSEI.PS/history
2024-07-25,6698.250000,6698.250000,6651.680176,6670.270020,74800,https://finance.yahoo.com/quote/PSEI.PS/history
2024-07-26,6684.629883,6726.009766,6675.620117,6726.009766,86600,https://finance.yahoo.com/quote/PSEI.PS/history
2024-07-29,6728.330078,6761.759766,6649.229980,6649.229980,121500,https://finance.yahoo.com/quote/PSEI.PS/history
2024-07-30,6658.950195,6671.339844,6569.859863,6606.359863,73600,https://finance.yahoo.com/quote/PSEI.PS/history
2024-07-31,6599.970215,6640.169922,6597.870117,6619.089844,135200,https://finance.yahoo.com/quote/PSEI.PS/history
2024-08-01,6645.100098,6693.830078,6619.700195,6693.830078,89300,https://finance.yahoo.com/quote/PSEI.PS/history
2024-08-02,6672.470215,6672.470215,6562.910156,6605.299805,80700,https://finance.yahoo.com/quote/PSEI.PS/history
2024-08-05,6535.569824,6535.569824,6397.100098,6434.729980,121300,https://finance.yahoo.com/quote/PSEI.PS/history
2024-08-06,6439.799805,6512.470215,6433.240234,6433.240234,96000,https://finance.yahoo.com/quote/PSEI.PS/history
2024-08-07,6461.859863,6535.169922,6451.950195,6535.169922,73000,https://finance.yahoo.com/quote/PSEI.PS/history
2024-08-08,6536.500000,6570.819824,6515.910156,6549.270020,105600,https://finance.yahoo.com/quote/PSEI.PS/history
2024-08-09,6571.649902,6647.799805,6571.649902,6647.799805,157100,https://finance.yahoo.com/quote/PSEI.PS/history
2024-08-12,6653.000000,6661.859863,6594.589844,6613.359863,69600,https://finance.yahoo.com/quote/PSEI.PS/history
2024-08-13,6624.330078,6670.049805,6615.379883,6650.439941,101300,https://finance.yahoo.com/quote/PSEI.PS/history
2024-08-14,6663.709961,6723.109863,6663.709961,6704.959961,150500,https://finance.yahoo.com/quote/PSEI.PS/history
2024-08-15,6714.200195,6742.479980,6692.910156,6692.910156,120500,https://finance.yahoo.com/quote/PSEI.PS/history
2024-08-16,6724.270020,6866.660156,6724.270020,6847.370117,126000,https://finance.yahoo.com/quote/PSEI.PS/history
2024-08-19,6863.049805,6943.529785,6863.049805,6889.870117,158200,https://finance.yahoo.com/quote/PSEI.PS/history
2024-08-20,6930.799805,7005.270020,6930.799805,6944.759766,122400,https://finance.yahoo.com/quote/PSEI.PS/history
2024-08-21,6952.270020,6983.810059,6900.620117,6900.620117,77700,https://finance.yahoo.com/quote/PSEI.PS/history
2024-08-22,6917.290039,6987.040039,6917.290039,6961.959961,124600,https://finance.yahoo.com/quote/PSEI.PS/history
2024-08-27,6967.950195,7008.870117,6967.950195,6973.410156,118000,https://finance.yahoo.com/quote/PSEI.PS/history
2024-08-28,6985.560059,7016.040039,6958.009766,6958.009766,85700,https://finance.yahoo.com/quote/PSEI.PS/history
2024-08-29,6953.009766,6959.640137,6872.549805,6891.549805,100700,https://finance.yahoo.com/quote/PSEI.PS/history
2024-08-30,6904.509766,6930.419922,6881.399902,6897.540039,229100,https://finance.yahoo.com/quote/PSEI.PS/history
2024-09-02,6927.250000,6933.509766,6904.540039,6923.410156,72900,https://finance.yahoo.com/quote/PSEI.PS/history
2024-09-03,6934.700195,6950.609863,6878.479980,6882.919922,78600,https://finance.yahoo.com/quote/PSEI.PS/history
2024-09-04,6814.709961,6882.120117,6759.930176,6882.120117,77200,https://finance.yahoo.com/quote/PSEI.PS/history
2024-09-05,6876.270020,6914.629883,6872.700195,6907.970215,68000,https://finance.yahoo.com/quote/PSEI.PS/history
2024-09-06,6888.709961,6940.470215,6886.490234,6936.089844,86800,https://finance.yahoo.com/quote/PSEI.PS/history
2024-09-09,6931.299805,7025.459961,6920.879883,6984.250000,91700,https://finance.yahoo.com/quote/PSEI.PS/history
2024-09-10,7004.020020,7109.750000,6984.629883,6984.629883,129300,https://finance.yahoo.com/quote/PSEI.PS/history
2024-09-11,7001.729980,7017.740234,6944.879883,6944.879883,103700,https://finance.yahoo.com/quote/PSEI.PS/history
2024-09-12,6979.740234,7049.810059,6975.490234,7024.669922,89600,https://finance.yahoo.com/quote/PSEI.PS/history
2024-09-13,7049.709961,7090.680176,7022.850098,7022.850098,64900,https://finance.yahoo.com/quote/PSEI.PS/history
2024-09-16,7032.339844,7104.200195,7031.129883,7104.200195,61000,https://finance.yahoo.com/quote/PSEI.PS/history
2024-09-17,7094.359863,7180.720215,7094.359863,7175.359863,96800,https://finance.yahoo.com/quote/PSEI.PS/history
2024-09-18,7161.750000,7219.169922,7147.819824,7155.899902,77500,https://finance.yahoo.com/quote/PSEI.PS/history
2024-09-19,7151.279785,7248.379883,7151.279785,7202.160156,100300,https://finance.yahoo.com/quote/PSEI.PS/history
2024-09-20,7219.620117,7338.660156,7219.620117,7252.319824,194000,https://finance.yahoo.com/quote/PSEI.PS/history
2024-09-23,7291.470215,7417.250000,7291.470215,7417.250000,105400,https://finance.yahoo.com/quote/PSEI.PS/history
2024-09-24,7436.330078,7474.439941,7425.370117,7432.209961,146800,https://finance.yahoo.com/quote/PSEI.PS/history
2024-09-25,7422.359863,7441.990234,7341.129883,7362.620117,96500,https://finance.yahoo.com/quote/PSEI.PS/history
2024-09-26,7374.709961,7458.740234,7369.350098,7458.740234,99300,https://finance.yahoo.com/quote/PSEI.PS/history
2024-09-27,7428.490234,7436.459961,7402.350098,7428.299805,81600,https://finance.yahoo.com/quote/PSEI.PS/history
2024-09-30,7417.479980,7421.240234,7272.649902,7272.649902,91300,https://finance.yahoo.com/quote/PSEI.PS/history
2024-10-01,7278.149902,7388.149902,7278.149902,7380.319824,65700,https://finance.yahoo.com/quote/PSEI.PS/history
2024-10-02,7351.770020,7412.870117,7335.189941,7402.810059,65000,https://finance.yahoo.com/quote/PSEI.PS/history
2024-10-03,7406.790039,7470.390137,7388.919922,7388.919922,84200,https://finance.yahoo.com/quote/PSEI.PS/history
2024-10-04,7392.490234,7467.919922,7392.410156,7467.919922,96100,https://finance.yahoo.com/quote/PSEI.PS/history
2024-10-07,7464.810059,7604.609863,7464.810059,7554.680176,110500,https://finance.yahoo.com/quote/PSEI.PS/history
2024-10-08,7535.339844,7546.290039,7488.990234,7537.250000,91700,https://finance.yahoo.com/quote/PSEI.PS/history
2024-10-09,7518.209961,7518.209961,7424.520020,7424.520020,85100,https://finance.yahoo.com/quote/PSEI.PS/history
2024-10-10,7416.430176,7457.410156,7399.430176,7411.470215,75000,https://finance.yahoo.com/quote/PSEI.PS/history
2024-10-11,7415.189941,7415.189941,7291.049805,7310.319824,72900,https://finance.yahoo.com/quote/PSEI.PS/history
2024-10-14,7334.589844,7404.459961,7326.410156,7326.410156,56800,https://finance.yahoo.com/quote/PSEI.PS/history
2024-10-15,7359.100098,7479.589844,7359.100098,7456.310059,76600,https://finance.yahoo.com/quote/PSEI.PS/history
2024-10-16,7471.879883,7483.779785,7430.399902,7437.000000,115800,https://finance.yahoo.com/quote/PSEI.PS/history
2024-10-17,7468.040039,7484.669922,7400.330078,7400.330078,91100,https://finance.yahoo.com/quote/PSEI.PS/history
2024-10-18,7427.589844,7447.939941,7393.149902,7415.729980,64200,https://finance.yahoo.com/quote/PSEI.PS/history
2024-10-21,7416.810059,7428.020020,7386.850098,7406.629883,38300,https://finance.yahoo.com/quote/PSEI.PS/history
2024-10-22,7414.129883,7452.740234,7398.990234,7413.160156,94300,https://finance.yahoo.com/quote/PSEI.PS/history
2024-10-23,7411.310059,7415.899902,7346.240234,7367.660156,101900,https://finance.yahoo.com/quote/PSEI.PS/history
2024-10-24,7354.069824,7354.069824,7283.790039,7283.790039,73200,https://finance.yahoo.com/quote/PSEI.PS/history
2024-10-25,7283.790039,7317.430176,7272.209961,7314.229980,57700,https://finance.yahoo.com/quote/PSEI.PS/history
2024-10-28,7314.419922,7355.549805,7296.029785,7343.240234,48100,https://finance.yahoo.com/quote/PSEI.PS/history
2024-10-29,7331.890137,7331.890137,7230.970215,7239.979980,79600,https://finance.yahoo.com/quote/PSEI.PS/history
2024-10-30,7215.720215,7280.240234,7184.720215,7280.240234,73600,https://finance.yahoo.com/quote/PSEI.PS/history
2024-10-31,7252.109863,7252.109863,7142.959961,7142.959961,72100,https://finance.yahoo.com/quote/PSEI.PS/history
2024-11-04,7150.560059,7150.560059,7106.680176,7136.100098,61600,https://finance.yahoo.com/quote/PSEI.PS/history
2024-11-05,7131.259766,7257.939941,7131.259766,7257.939941,64900,https://finance.yahoo.com/quote/PSEI.PS/history
2024-11-06,7252.950195,7262.240234,7154.879883,7165.419922,63100,https://finance.yahoo.com/quote/PSEI.PS/history
2024-11-07,7142.540039,7142.540039,6923.990234,7014.439941,126600,https://finance.yahoo.com/quote/PSEI.PS/history
2024-11-08,7010.020020,7010.020020,6899.200195,6977.180176,93200,https://finance.yahoo.com/quote/PSEI.PS/history
2024-11-11,6967.479980,6969.169922,6900.930176,6940.009766,65900,https://finance.yahoo.com/quote/PSEI.PS/history
2024-11-12,6934.109863,6953.970215,6810.109863,6810.109863,90500,https://finance.yahoo.com/quote/PSEI.PS/history
2024-11-13,6815.609863,6832.990234,6714.330078,6714.330078,118000,https://finance.yahoo.com/quote/PSEI.PS/history
2024-11-14,6730.379883,6730.379883,6557.089844,6557.089844,127000,https://finance.yahoo.com/quote/PSEI.PS/history
2024-11-15,6567.439941,6694.589844,6565.149902,6676.649902,97700,https://finance.yahoo.com/quote/PSEI.PS/history
2024-11-18,6710.669922,6774.240234,6693.390137,6761.350098,91200,https://finance.yahoo.com/quote/PSEI.PS/history
2024-11-19,6768.939941,6835.229980,6758.379883,6803.189941,91500,https://finance.yahoo.com/quote/PSEI.PS/history
2024-11-20,6829.209961,6975.629883,6775.720215,6975.629883,93800,https://finance.yahoo.com/quote/PSEI.PS/history
2024-11-21,6890.759766,6919.569824,6857.899902,6863.009766,80700,https://finance.yahoo.com/quote/PSEI.PS/history
2024-11-22,6856.279785,6856.279785,6771.370117,6780.129883,62600,https://finance.yahoo.com/quote/PSEI.PS/history
2024-11-25,6803.100098,6880.759766,6794.470215,6850.000000,138200,https://finance.yahoo.com/quote/PSEI.PS/history
2024-11-26,6852.990234,6859.160156,6806.859863,6806.859863,67800,https://finance.yahoo.com/quote/PSEI.PS/history
2024-11-27,6820.979980,6823.140137,6702.589844,6702.589844,65000,https://finance.yahoo.com/quote/PSEI.PS/history
2024-11-28,6638.540039,6638.540039,6638.540039,6638.540039,0,https://finance.yahoo.com/quote/PSEI.PS/history
2024-11-29,6634.250000,6683.540039,6609.560059,6613.850098,101200,https://finance.yahoo.com/quote/PSEI.PS/history
2024-12-02,6625.700195,6742.890137,6625.700195,6742.890137,69000,https://finance.yahoo.com/quote/PSEI.PS/history
2024-12-03,6771.919922,6771.919922,6707.149902,6734.209961,77300,https://finance.yahoo.com/quote/PSEI.PS/history
2024-12-04,6743.859863,6762.879883,6701.350098,6729.959961,85000,https://finance.yahoo.com/quote/PSEI.PS/history
2024-12-05,6730.060059,6737.229980,6683.669922,6690.770020,81300,https://finance.yahoo.com/quote/PSEI.PS/history
2024-12-06,6692.950195,6729.140137,6645.279785,6729.140137,63600,https://finance.yahoo.com/quote/PSEI.PS/history
2024-12-09,6729.140137,6729.140137,6670.229980,6680.569824,66100,https://finance.yahoo.com/quote/PSEI.PS/history
2024-12-10,6729.049805,6742.009766,6648.240234,6724.819824,101100,https://finance.yahoo.com/quote/PSEI.PS/history
2024-12-11,6720.930176,6724.899902,6642.709961,6642.709961,75100,https://finance.yahoo.com/quote/PSEI.PS/history
2024-12-12,6622.330078,6667.979980,6598.500000,6641.350098,132100,https://finance.yahoo.com/quote/PSEI.PS/history
2024-12-13,6631.609863,6633.600098,6583.609863,6616.509766,77800,https://finance.yahoo.com/quote/PSEI.PS/history
2024-12-16,6622.509766,6633.890137,6575.069824,6615.160156,89400,https://finance.yahoo.com/quote/PSEI.PS/history
2024-12-17,6591.240234,6591.240234,6462.720215,6501.709961,134700,https://finance.yahoo.com/quote/PSEI.PS/history
2024-12-18,6512.490234,6520.810059,6461.189941,6469.080078,71700,https://finance.yahoo.com/quote/PSEI.PS/history
2024-12-19,6439.379883,6439.379883,6337.830078,6395.600098,113600,https://finance.yahoo.com/quote/PSEI.PS/history
2024-12-20,6415.819824,6476.930176,6401.859863,6406.379883,111700,https://finance.yahoo.com/quote/PSEI.PS/history
2024-12-23,6422.740234,6534.910156,6382.200195,6534.910156,62100,https://finance.yahoo.com/quote/PSEI.PS/history
2024-12-26,6523.560059,6539.509766,6489.470215,6539.020020,38200,https://finance.yahoo.com/quote/PSEI.PS/history
2024-12-27,6558.810059,6560.339844,6472.750000,6528.790039,86600,https://finance.yahoo.com/quote/PSEI.PS/history
2025-01-02,6527.839844,6550.390137,6484.569824,6550.390137,45300,https://finance.yahoo.com/quote/PSEI.PS/history
2025-01-03,6540.319824,6627.120117,6521.609863,6603.810059,61200,https://finance.yahoo.com/quote/PSEI.PS/history
2025-01-06,6623.229980,6661.129883,6602.759766,6625.169922,49000,https://finance.yahoo.com/quote/PSEI.PS/history
2025-01-07,6628.160156,6640.990234,6545.379883,6545.379883,81000,https://finance.yahoo.com/quote/PSEI.PS/history
2025-01-08,6565.290039,6566.709961,6496.720215,6496.720215,70300,https://finance.yahoo.com/quote/PSEI.PS/history
2025-01-09,6501.000000,6516.700195,6460.600098,6511.569824,62700,https://finance.yahoo.com/quote/PSEI.PS/history
2025-01-10,6516.459961,6520.290039,6473.129883,6496.319824,62200,https://finance.yahoo.com/quote/PSEI.PS/history
2025-01-13,6492.870117,6492.870117,6343.100098,6343.100098,82000,https://finance.yahoo.com/quote/PSEI.PS/history
2025-01-14,6353.950195,6374.720215,6290.890137,6299.669922,98300,https://finance.yahoo.com/quote/PSEI.PS/history
2025-01-15,6332.649902,6373.069824,6309.089844,6330.459961,112100,https://finance.yahoo.com/quote/PSEI.PS/history
2025-01-16,6370.580078,6419.259766,6265.520020,6265.520020,121200,https://finance.yahoo.com/quote/PSEI.PS/history
2025-01-17,6329.430176,6352.120117,6278.109863,6352.120117,67700,https://finance.yahoo.com/quote/PSEI.PS/history
2025-01-20,6319.830078,6382.250000,6316.850098,6349.890137,85200,https://finance.yahoo.com/quote/PSEI.PS/history
2025-01-21,6339.240234,6368.029785,6326.299805,6340.209961,70400,https://finance.yahoo.com/quote/PSEI.PS/history
2025-01-22,6335.589844,6392.049805,6335.589844,6348.339844,104100,https://finance.yahoo.com/quote/PSEI.PS/history
2025-01-23,6359.370117,6385.729980,6319.390137,6378.859863,69300,https://finance.yahoo.com/quote/PSEI.PS/history
2025-01-24,6367.870117,6378.700195,6296.200195,6296.200195,70400,https://finance.yahoo.com/quote/PSEI.PS/history
2025-01-27,6320.779785,6325.609863,6196.879883,6196.879883,82000,https://finance.yahoo.com/quote/PSEI.PS/history
2025-01-28,6212.080078,6248.310059,6153.470215,6153.470215,66100,https://finance.yahoo.com/quote/PSEI.PS/history
2025-01-30,6163.020020,6163.020020,6076.930176,6107.660156,138800,https://finance.yahoo.com/quote/PSEI.PS/history
2025-01-31,6122.629883,6128.930176,5862.589844,5862.589844,593900,https://finance.yahoo.com/quote/PSEI.PS/history
2025-02-03,5986.649902,5994.040039,5883.040039,5883.040039,240700,https://finance.yahoo.com/quote/PSEI.PS/history
2025-02-04,5930.740234,6094.000000,5930.740234,6089.060059,96700,https://finance.yahoo.com/quote/PSEI.PS/history
2025-02-05,6102.490234,6282.069824,6094.660156,6281.080078,131900,https://finance.yahoo.com/quote/PSEI.PS/history
2025-02-06,6281.089844,6281.089844,6206.720215,6241.970215,76500,https://finance.yahoo.com/quote/PSEI.PS/history
2025-02-07,6254.649902,6254.649902,6154.990234,6154.990234,81800,https://finance.yahoo.com/quote/PSEI.PS/history
2025-02-10,6167.569824,6188.890137,6030.500000,6037.120117,79500,https://finance.yahoo.com/quote/PSEI.PS/history
2025-02-11,6059.310059,6059.310059,5955.729980,5987.750000,86500,https://finance.yahoo.com/quote/PSEI.PS/history
2025-02-12,6013.430176,6073.830078,5957.479980,6044.129883,106400,https://finance.yahoo.com/quote/PSEI.PS/history
2025-02-13,6038.169922,6117.270020,6022.939941,6113.189941,88100,https://finance.yahoo.com/quote/PSEI.PS/history
2025-02-14,6111.990234,6113.450195,6061.330078,6061.330078,121600,https://finance.yahoo.com/quote/PSEI.PS/history
2025-02-17,6070.020020,6070.020020,5968.529785,5993.479980,136500,https://finance.yahoo.com/quote/PSEI.PS/history
2025-02-18,5994.640137,6107.620117,5994.640137,6094.959961,108000,https://finance.yahoo.com/quote/PSEI.PS/history
2025-02-19,6097.770020,6142.859863,6089.649902,6119.879883,101600,https://finance.yahoo.com/quote/PSEI.PS/history
2025-02-20,6126.770020,6126.770020,6050.290039,6066.629883,106200,https://finance.yahoo.com/quote/PSEI.PS/history
2025-02-21,6070.299805,6114.580078,6068.990234,6098.040039,74600,https://finance.yahoo.com/quote/PSEI.PS/history
2025-02-24,6108.020020,6114.600098,6060.470215,6095.970215,76300,https://finance.yahoo.com/quote/PSEI.PS/history
2025-02-25,6101.290039,6106.339844,6030.060059,6064.160156,71000,https://finance.yahoo.com/quote/PSEI.PS/history
2025-02-26,6070.589844,6144.959961,6058.209961,6144.959961,98800,https://finance.yahoo.com/quote/PSEI.PS/history
2025-02-27,6151.299805,6168.830078,6122.049805,6124.089844,90800,https://finance.yahoo.com/quote/PSEI.PS/history
2025-02-28,6143.160156,6143.160156,5997.970215,5997.970215,531900,https://finance.yahoo.com/quote/PSEI.PS/history
2025-03-03,6045.569824,6087.100098,6037.189941,6037.189941,169300,https://finance.yahoo.com/quote/PSEI.PS/history
2025-03-04,6040.939941,6081.270020,6000.540039,6064.109863,104300,https://finance.yahoo.com/quote/PSEI.PS/history
2025-03-05,6060.950195,6141.600098,6057.720215,6121.770020,137100,https://finance.yahoo.com/quote/PSEI.PS/history
2025-03-06,6139.410156,6275.339844,6135.970215,6219.959961,116800,https://finance.yahoo.com/quote/PSEI.PS/history
2025-03-07,6237.220215,6306.169922,6224.200195,6298.290039,94700,https://finance.yahoo.com/quote/PSEI.PS/history
2025-03-10,6283.089844,6360.770020,6279.419922,6360.770020,101800,https://finance.yahoo.com/quote/PSEI.PS/history
2025-03-11,6311.299805,6311.339844,6156.970215,6206.549805,164900,https://finance.yahoo.com/quote/PSEI.PS/history
2025-03-12,6173.740234,6195.259766,6123.879883,6195.259766,121200,https://finance.yahoo.com/quote/PSEI.PS/history
2025-03-13,6212.100098,6271.490234,6206.629883,6242.069824,108400,https://finance.yahoo.com/quote/PSEI.PS/history
2025-03-14,6251.459961,6299.700195,6236.600098,6294.109863,100700,https://finance.yahoo.com/quote/PSEI.PS/history
2025-03-17,6313.240234,6335.950195,6306.189941,6306.189941,85800,https://finance.yahoo.com/quote/PSEI.PS/history
2025-03-18,6312.629883,6329.740234,6284.680176,6284.680176,89100,https://finance.yahoo.com/quote/PSEI.PS/history
2025-03-19,6268.500000,6313.120117,6245.240234,6313.120117,140600,https://finance.yahoo.com/quote/PSEI.PS/history
2025-03-20,6315.109863,6337.720215,6305.529785,6323.129883,76900,https://finance.yahoo.com/quote/PSEI.PS/history
2025-03-21,6325.939941,6325.939941,6266.750000,6266.750000,154500,https://finance.yahoo.com/quote/PSEI.PS/history
2025-03-24,6266.430176,6266.430176,6187.490234,6192.020020,123800,https://finance.yahoo.com/quote/PSEI.PS/history
2025-03-25,6194.020020,6194.020020,6106.390137,6159.850098,79800,https://finance.yahoo.com/quote/PSEI.PS/history
2025-03-26,6162.189941,6166.049805,6114.359863,6166.049805,99800,https://finance.yahoo.com/quote/PSEI.PS/history
2025-03-27,6180.220215,6180.220215,6125.520020,6139.509766,100900,https://finance.yahoo.com/quote/PSEI.PS/history
2025-03-28,6142.990234,6151.299805,6126.600098,6147.439941,64400,https://finance.yahoo.com/quote/PSEI.PS/history
2025-03-31,6149.189941,6180.720215,6105.930176,6180.720215,111800,https://finance.yahoo.com/quote/PSEI.PS/history
2025-04-02,6197.220215,6247.680176,6170.359863,6247.680176,90000,https://finance.yahoo.com/quote/PSEI.PS/history
2025-04-03,6221.020020,6221.020020,6112.779785,6145.729980,68900,https://finance.yahoo.com/quote/PSEI.PS/history
2025-04-04,6111.109863,6111.109863,6053.740234,6084.189941,69300,https://finance.yahoo.com/quote/PSEI.PS/history
2025-04-07,5900.189941,5900.189941,5804.560059,5822.850098,151400,https://finance.yahoo.com/quote/PSEI.PS/history
2025-04-08,5839.060059,6006.339844,5839.060059,6006.339844,97700,https://finance.yahoo.com/quote/PSEI.PS/history
2025-04-10,6197.720215,6197.720215,6067.970215,6077.819824,134000,https://finance.yahoo.com/quote/PSEI.PS/history
2025-04-11,6048.740234,6087.180176,5970.080078,6082.439941,70200,https://finance.yahoo.com/quote/PSEI.PS/history
2025-04-14,6111.600098,6145.520020,6091.609863,6145.520020,0,https://finance.yahoo.com/quote/PSEI.PS/history
2025-04-15,6131.529785,6186.100098,6128.229980,6186.100098,133100,https://finance.yahoo.com/quote/PSEI.PS/history
2025-04-16,6175.060059,6178.080078,6121.259766,6134.620117,73500,https://finance.yahoo.com/quote/PSEI.PS/history
2025-04-21,6143.069824,6152.379883,6120.299805,6138.000000,74300,https://finance.yahoo.com/quote/PSEI.PS/history
2025-04-22,6146.160156,6150.240234,6112.259766,6145.589844,66300,https://finance.yahoo.com/quote/PSEI.PS/history
2025-04-23,6148.479980,6168.479980,6111.709961,6168.479980,163200,https://finance.yahoo.com/quote/PSEI.PS/history
2025-04-24,6167.279785,6183.870117,6146.410156,6158.479980,100300,https://finance.yahoo.com/quote/PSEI.PS/history
2025-04-25,6188.120117,6294.720215,6188.120117,6268.750000,266500,https://finance.yahoo.com/quote/PSEI.PS/history
2025-04-28,6293.509766,6323.450195,6249.500000,6249.500000,224500,https://finance.yahoo.com/quote/PSEI.PS/history
2025-04-29,6268.529785,6285.979980,6223.750000,6252.189941,121900,https://finance.yahoo.com/quote/PSEI.PS/history
2025-04-30,6280.279785,6375.450195,6278.540039,6354.990234,183200,https://finance.yahoo.com/quote/PSEI.PS/history
2025-05-02,6373.970215,6452.629883,6370.939941,6411.859863,153500,https://finance.yahoo.com/quote/PSEI.PS/history
2025-05-05,6418.620117,6445.350098,6359.629883,6359.629883,192100,https://finance.yahoo.com/quote/PSEI.PS/history
2025-05-06,6368.850098,6437.979980,6368.850098,6418.689941,241100,https://finance.yahoo.com/quote/PSEI.PS/history
2025-05-07,6458.350098,6531.990234,6458.350098,6465.450195,178800,https://finance.yahoo.com/quote/PSEI.PS/history
2025-05-08,6474.700195,6516.850098,6389.490234,6389.490234,139500,https://finance.yahoo.com/quote/PSEI.PS/history
2025-05-09,6441.350098,6487.490234,6433.939941,6458.200195,185600,https://finance.yahoo.com/quote/PSEI.PS/history
2025-05-13,6506.220215,6566.819824,6499.870117,6566.819824,153200,https://finance.yahoo.com/quote/PSEI.PS/history
2025-05-14,6558.560059,6591.939941,6550.060059,6551.810059,215400,https://finance.yahoo.com/quote/PSEI.PS/history
2025-05-15,6537.470215,6537.470215,6436.000000,6466.859863,186000,https://finance.yahoo.com/quote/PSEI.PS/history
2025-05-16,6459.740234,6471.879883,6403.029785,6465.529785,97700,https://finance.yahoo.com/quote/PSEI.PS/history
2025-05-19,6482.870117,6482.870117,6445.020020,6454.839844,143000,https://finance.yahoo.com/quote/PSEI.PS/history
2025-05-20,6458.270020,6458.270020,6335.330078,6335.330078,160700,https://finance.yahoo.com/quote/PSEI.PS/history
2025-05-21,6343.799805,6375.350098,6315.040039,6375.350098,116100,https://finance.yahoo.com/quote/PSEI.PS/history
2025-05-22,6360.379883,6360.379883,6269.089844,6305.370117,126800,https://finance.yahoo.com/quote/PSEI.PS/history
2025-05-23,6335.060059,6413.100098,6335.060059,6413.100098,117800,https://finance.yahoo.com/quote/PSEI.PS/history
2025-05-26,6403.319824,6405.310059,6373.350098,6389.939941,115300,https://finance.yahoo.com/quote/PSEI.PS/history
2025-05-27,6387.319824,6399.850098,6374.910156,6384.620117,162400,https://finance.yahoo.com/quote/PSEI.PS/history
2025-05-28,6411.009766,6473.819824,6411.009766,6425.799805,168400,https://finance.yahoo.com/quote/PSEI.PS/history
2025-05-29,6452.930176,6453.720215,6412.810059,6412.810059,129000,https://finance.yahoo.com/quote/PSEI.PS/history
2025-05-30,6444.919922,6456.270020,6337.240234,6341.529785,512100,https://finance.yahoo.com/quote/PSEI.PS/history
2025-06-02,6350.370117,6367.910156,6319.290039,6352.660156,150000,https://finance.yahoo.com/quote/PSEI.PS/history
2025-06-03,6366.319824,6412.859863,6366.319824,6412.859863,209400,https://finance.yahoo.com/quote/PSEI.PS/history
2025-06-04,6420.270020,6428.890137,6378.560059,6378.560059,165900,https://finance.yahoo.com/quote/PSEI.PS/history
2025-06-05,6379.140137,6401.669922,6361.580078,6376.790039,166100,https://finance.yahoo.com/quote/PSEI.PS/history
2025-06-09,6386.990234,6406.129883,6368.959961,6406.129883,221700,https://finance.yahoo.com/quote/PSEI.PS/history
2025-06-10,6403.750000,6413.180176,6340.240234,6347.669922,374100,https://finance.yahoo.com/quote/PSEI.PS/history
2025-06-11,6359.529785,6384.450195,6345.770020,6381.319824,211200,https://finance.yahoo.com/quote/PSEI.PS/history
2025-06-13,6405.759766,6422.899902,6394.850098,6395.589844,309600,https://finance.yahoo.com/quote/PSEI.PS/history
2025-06-16,6375.680176,6377.270020,6335.979980,6358.580078,152800,https://finance.yahoo.com/quote/PSEI.PS/history
2025-06-17,6378.589844,6396.939941,6364.770020,6369.189941,150800,https://finance.yahoo.com/quote/PSEI.PS/history
2025-06-18,6375.540039,6386.040039,6332.580078,6337.430176,141100,https://finance.yahoo.com/quote/PSEI.PS/history
2025-06-19,6344.339844,6365.970215,6320.560059,6357.009766,0,https://finance.yahoo.com/quote/PSEI.PS/history
2025-06-20,6358.339844,6370.279785,6332.500000,6339.770020,471100,https://finance.yahoo.com/quote/PSEI.PS/history
2025-06-23,6300.169922,6300.169922,6204.040039,6218.279785,165900,https://finance.yahoo.com/quote/PSEI.PS/history
2025-06-24,6259.620117,6331.020020,6259.620117,6292.750000,133600,https://finance.yahoo.com/quote/PSEI.PS/history
2025-06-25,6307.970215,6337.959961,6307.970215,6325.640137,114600,https://finance.yahoo.com/quote/PSEI.PS/history
2025-06-26,6340.990234,6345.660156,6306.410156,6330.649902,179000,https://finance.yahoo.com/quote/PSEI.PS/history
2025-06-27,6334.740234,6417.240234,6334.740234,6408.270020,165500,https://finance.yahoo.com/quote/PSEI.PS/history
2025-06-30,6414.060059,6448.020020,6364.939941,6364.939941,199000,https://finance.yahoo.com/quote/PSEI.PS/history
2025-07-01,6393.660156,6423.850098,6372.589844,6423.850098,210400,https://finance.yahoo.com/quote/PSEI.PS/history
2025-07-02,6416.950195,6419.049805,6385.540039,6419.049805,152200,https://finance.yahoo.com/quote/PSEI.PS/history
2025-07-03,6401.200195,6489.660156,6401.200195,6468.979980,244800,https://finance.yahoo.com/quote/PSEI.PS/history
2025-07-04,6469.410156,6470.009766,6395.569824,6395.569824,128900,https://finance.yahoo.com/quote/PSEI.PS/history
2025-07-07,6403.569824,6425.240234,6376.990234,6425.240234,117900,https://finance.yahoo.com/quote/PSEI.PS/history
2025-07-08,6422.830078,6447.419922,6393.310059,6433.600098,124500,https://finance.yahoo.com/quote/PSEI.PS/history
2025-07-09,6438.620117,6508.600098,6438.620117,6504.339844,143800,https://finance.yahoo.com/quote/PSEI.PS/history
2025-07-10,6511.919922,6536.680176,6463.200195,6463.200195,147200,https://finance.yahoo.com/quote/PSEI.PS/history
2025-07-11,6481.450195,6488.149902,6450.410156,6459.879883,109000,https://finance.yahoo.com/quote/PSEI.PS/history
2025-07-14,6479.129883,6547.799805,6476.569824,6525.040039,106000,https://finance.yahoo.com/quote/PSEI.PS/history
2025-07-15,6529.939941,6537.850098,6459.470215,6459.470215,113600,https://finance.yahoo.com/quote/PSEI.PS/history
2025-07-16,6428.259766,6428.259766,6309.310059,6337.479980,131500,https://finance.yahoo.com/quote/PSEI.PS/history
2025-07-17,6347.100098,6358.589844,6285.410156,6295.549805,132700,https://finance.yahoo.com/quote/PSEI.PS/history
2025-07-18,6312.640137,6339.859863,6290.600098,6303.720215,122100,https://finance.yahoo.com/quote/PSEI.PS/history
2025-07-21,6310.100098,6355.089844,6310.100098,6352.740234,101500,https://finance.yahoo.com/quote/PSEI.PS/history
2025-07-22,6365.259766,6365.259766,6326.259766,6355.689941,76300,https://finance.yahoo.com/quote/PSEI.PS/history
2025-07-23,6370.339844,6462.250000,6370.339844,6462.250000,99000,https://finance.yahoo.com/quote/PSEI.PS/history
2025-07-24,6451.620117,6466.100098,6436.339844,6444.160156,77900,https://finance.yahoo.com/quote/PSEI.PS/history
2025-07-25,6461.850098,6461.850098,6393.830078,6413.180176,88300,https://finance.yahoo.com/quote/PSEI.PS/history
2025-07-28,6411.259766,6417.430176,6340.509766,6379.750000,116000,https://finance.yahoo.com/quote/PSEI.PS/history
2025-07-29,6384.229980,6384.229980,6316.700195,6325.419922,134400,https://finance.yahoo.com/quote/PSEI.PS/history
2025-07-30,6328.779785,6333.919922,6305.509766,6318.229980,64500,https://finance.yahoo.com/quote/PSEI.PS/history
2025-07-31,6314.399902,6315.490234,6222.040039,6252.729980,112900,https://finance.yahoo.com/quote/PSEI.PS/history
2025-08-01,6257.290039,6306.129883,6245.020020,6306.129883,82100,https://finance.yahoo.com/quote/PSEI.PS/history
2025-08-04,6315.540039,6348.649902,6258.930176,6348.649902,95400,https://finance.yahoo.com/quote/PSEI.PS/history
2025-08-05,6355.520020,6375.379883,6334.819824,6353.629883,82300,https://finance.yahoo.com/quote/PSEI.PS/history
2025-08-06,6355.890137,6412.430176,6348.729980,6370.649902,107000,https://finance.yahoo.com/quote/PSEI.PS/history
2025-08-07,6386.910156,6388.580078,6310.970215,6364.689941,114800,https://finance.yahoo.com/quote/PSEI.PS/history
2025-08-08,6355.319824,6377.490234,6322.830078,6339.379883,97800,https://finance.yahoo.com/quote/PSEI.PS/history
2025-08-11,6340.290039,6342.629883,6244.770020,6254.359863,119900,https://finance.yahoo.com/quote/PSEI.PS/history
2025-08-12,6266.759766,6299.410156,6260.169922,6289.850098,154300,https://finance.yahoo.com/quote/PSEI.PS/history
2025-08-13,6300.359863,6340.500000,6286.680176,6325.089844,218000,https://finance.yahoo.com/quote/PSEI.PS/history
2025-08-14,6346.169922,6366.779785,6291.850098,6291.850098,145400,https://finance.yahoo.com/quote/PSEI.PS/history
2025-08-15,6313.430176,6321.169922,6266.709961,6315.930176,257900,https://finance.yahoo.com/quote/PSEI.PS/history
2025-08-18,6331.009766,6336.359863,6286.089844,6288.879883,85300,https://finance.yahoo.com/quote/PSEI.PS/history
2025-08-19,6288.580078,6290.169922,6237.509766,6277.669922,103100,https://finance.yahoo.com/quote/PSEI.PS/history
2025-08-20,6288.279785,6301.500000,6270.939941,6277.870117,90100,https://finance.yahoo.com/quote/PSEI.PS/history
2025-08-22,6309.240234,6309.240234,6267.549805,6281.580078,86700,https://finance.yahoo.com/quote/PSEI.PS/history
2025-08-26,6267.930176,6271.750000,6145.240234,6145.240234,180000,https://finance.yahoo.com/quote/PSEI.PS/history
2025-08-27,6197.569824,6277.910156,6184.229980,6273.339844,119500,https://finance.yahoo.com/quote/PSEI.PS/history
2025-08-28,6279.049805,6279.049805,6190.189941,6190.189941,96800,https://finance.yahoo.com/quote/PSEI.PS/history
2025-08-29,6186.629883,6207.799805,6137.089844,6155.569824,101100,https://finance.yahoo.com/quote/PSEI.PS/history
2025-09-01,6170.680176,6170.680176,6114.339844,6140.350098,60500,https://finance.yahoo.com/quote/PSEI.PS/history
2025-09-02,6145.259766,6145.680176,6076.270020,6128.890137,101500,https://finance.yahoo.com/quote/PSEI.PS/history
2025-09-03,6113.350098,6113.350098,6065.100098,6082.930176,69000,https://finance.yahoo.com/quote/PSEI.PS/history
2025-09-04,6095.149902,6115.990234,6088.209961,6106.919922,78700,https://finance.yahoo.com/quote/PSEI.PS/history
2025-09-05,6131.390137,6175.479980,6122.899902,6149.129883,74600,https://finance.yahoo.com/quote/PSEI.PS/history
2025-09-08,6162.009766,6170.240234,6101.859863,6101.859863,89900,https://finance.yahoo.com/quote/PSEI.PS/history
2025-09-09,6107.419922,6142.330078,6100.229980,6122.709961,107500,https://finance.yahoo.com/quote/PSEI.PS/history
2025-09-10,6134.370117,6151.729980,6109.339844,6120.089844,106200,https://finance.yahoo.com/quote/PSEI.PS/history
2025-09-11,6137.720215,6138.270020,6114.109863,6126.890137,103500,https://finance.yahoo.com/quote/PSEI.PS/history
2025-09-12,6133.520020,6146.649902,6102.009766,6109.209961,175500,https://finance.yahoo.com/quote/PSEI.PS/history
2025-09-15,6116.100098,6116.100098,6036.629883,6057.430176,104800,https://finance.yahoo.com/quote/PSEI.PS/history
2025-09-16,6066.729980,6158.500000,6066.729980,6148.740234,121100,https://finance.yahoo.com/quote/PSEI.PS/history
2025-09-17,6167.689941,6225.450195,6155.220215,6210.660156,102500,https://finance.yahoo.com/quote/PSEI.PS/history
2025-09-18,6197.839844,6233.620117,6186.149902,6233.620117,95800,https://finance.yahoo.com/quote/PSEI.PS/history
2025-09-19,6255.790039,6287.379883,6248.459961,6264.490234,178100,https://finance.yahoo.com/quote/PSEI.PS/history
2025-09-22,6256.080078,6256.080078,6210.689941,6214.830078,65900,https://finance.yahoo.com/quote/PSEI.PS/history
2025-09-23,6222.459961,6236.149902,6118.540039,6118.540039,78200,https://finance.yahoo.com/quote/PSEI.PS/history
2025-09-24,6132.319824,6149.209961,6080.419922,6108.720215,62400,https://finance.yahoo.com/quote/PSEI.PS/history
2025-09-25,6117.290039,6120.890137,6032.200195,6042.279785,92800,https://finance.yahoo.com/quote/PSEI.PS/history
2025-09-26,6067.040039,6067.040039,5997.750000,6027.120117,105200,https://finance.yahoo.com/quote/PSEI.PS/history
2025-09-29,6042.939941,6059.089844,5984.089844,5997.600098,63200,https://finance.yahoo.com/quote/PSEI.PS/history
2025-09-30,5991.189941,6008.609863,5905.350098,5953.459961,113300,https://finance.yahoo.com/quote/PSEI.PS/history
2025-10-01,5951.850098,6033.589844,5932.350098,6026.029785,82700,https://finance.yahoo.com/quote/PSEI.PS/history
2025-10-02,6025.149902,6050.549805,6008.549805,6039.759766,69000,https://finance.yahoo.com/quote/PSEI.PS/history
2025-10-03,6063.220215,6108.859863,6034.479980,6108.859863,56200,https://finance.yahoo.com/quote/PSEI.PS/history
2025-10-06,6111.149902,6129.100098,6000.319824,6000.319824,84300,https://finance.yahoo.com/quote/PSEI.PS/history
2025-10-07,6007.399902,6083.830078,6007.399902,6083.830078,69300,https://finance.yahoo.com/quote/PSEI.PS/history
2025-10-08,6097.060059,6138.250000,6093.899902,6098.740234,98000,https://finance.yahoo.com/quote/PSEI.PS/history
2025-10-09,6105.560059,6117.080078,6056.649902,6057.399902,85000,https://finance.yahoo.com/quote/PSEI.PS/history
2025-10-10,6051.229980,6071.419922,6032.259766,6037.790039,75400,https://finance.yahoo.com/quote/PSEI.PS/history
2025-10-13,6026.109863,6078.370117,6002.979980,6052.330078,73400,https://finance.yahoo.com/quote/PSEI.PS/history
2025-10-14,6054.069824,6112.990234,6054.069824,6076.220215,64400,https://finance.yahoo.com/quote/PSEI.PS/history
2025-10-15,6103.459961,6110.729980,6071.560059,6094.100098,139100,https://finance.yahoo.com/quote/PSEI.PS/history
2025-10-16,6104.470215,6130.169922,6093.669922,6093.669922,49300,https://finance.yahoo.com/quote/PSEI.PS/history
2025-10-17,6120.450195,6120.450195,6077.439941,6089.529785,54800,https://finance.yahoo.com/quote/PSEI.PS/history
2025-10-20,6110.680176,6141.870117,6084.069824,6084.069824,52100,https://finance.yahoo.com/quote/PSEI.PS/history
2025-10-21,6113.500000,6130.979980,6078.649902,6093.529785,87900,https://finance.yahoo.com/quote/PSEI.PS/history
2025-10-22,6087.839844,6093.779785,6023.810059,6030.870117,65500,https://finance.yahoo.com/quote/PSEI.PS/history
2025-10-23,6024.509766,6055.750000,6006.600098,6053.959961,74200,https://finance.yahoo.com/quote/PSEI.PS/history
2025-10-24,6062.350098,6069.890137,5980.350098,5988.020020,191600,https://finance.yahoo.com/quote/PSEI.PS/history
2025-10-27,5996.419922,5996.419922,5895.020020,5933.759766,86600,https://finance.yahoo.com/quote/PSEI.PS/history
2025-10-28,5934.390137,5961.490234,5926.540039,5953.160156,63400,https://finance.yahoo.com/quote/PSEI.PS/history
2025-10-29,5961.279785,6021.290039,5959.020020,5963.770020,89300,https://finance.yahoo.com/quote/PSEI.PS/history
2025-10-30,5961.560059,5972.450195,5905.270020,5929.680176,88800,https://finance.yahoo.com/quote/PSEI.PS/history
2025-11-03,5801.339844,5828.970215,5761.319824,5828.060059,50100,https://finance.yahoo.com/quote/PSEI.PS/history
2025-11-04,5849.209961,5907.129883,5849.209961,5867.040039,97500,https://finance.yahoo.com/quote/PSEI.PS/history
2025-11-05,5891.229980,5891.229980,5763.680176,5818.060059,85100,https://finance.yahoo.com/quote/PSEI.PS/history
2025-11-06,5833.879883,5876.299805,5828.399902,5835.589844,95600,https://finance.yahoo.com/quote/PSEI.PS/history
2025-11-07,5790.669922,5804.819824,5722.709961,5759.370117,142100,https://finance.yahoo.com/quote/PSEI.PS/history
2025-11-10,5763.459961,5784.339844,5702.640137,5702.640137,132500,https://finance.yahoo.com/quote/PSEI.PS/history
2025-11-11,5712.169922,5712.169922,5613.410156,5629.069824,148500,https://finance.yahoo.com/quote/PSEI.PS/history
2025-11-12,5646.350098,5721.439941,5646.350098,5714.020020,79500,https://finance.yahoo.com/quote/PSEI.PS/history
2025-11-13,5704.370117,5768.910156,5690.689941,5726.990234,102200,https://finance.yahoo.com/quote/PSEI.PS/history
2025-11-14,5726.390137,5769.810059,5584.350098,5584.350098,91400,https://finance.yahoo.com/quote/PSEI.PS/history
2025-11-17,5616.100098,5795.850098,5616.100098,5779.120117,121200,https://finance.yahoo.com/quote/PSEI.PS/history
2025-11-18,5803.819824,5809.509766,5723.740234,5756.660156,110900,https://finance.yahoo.com/quote/PSEI.PS/history
2025-11-19,5756.399902,5821.479980,5756.399902,5813.709961,123900,https://finance.yahoo.com/quote/PSEI.PS/history
2025-11-20,5805.910156,5934.870117,5769.549805,5930.810059,153400,https://finance.yahoo.com/quote/PSEI.PS/history
2025-11-21,5893.310059,5997.129883,5853.779785,5997.129883,132700,https://finance.yahoo.com/quote/PSEI.PS/history
2025-11-24,5987.939941,6021.589844,5918.509766,6021.589844,194000,https://finance.yahoo.com/quote/PSEI.PS/history
2025-11-25,6016.919922,6066.180176,5976.169922,5976.169922,153700,https://finance.yahoo.com/quote/PSEI.PS/history
2025-11-26,5997.720215,6012.430176,5960.430176,6004.700195,122400,https://finance.yahoo.com/quote/PSEI.PS/history
2025-11-27,6005.450195,6005.450195,5929.669922,5969.129883,65300,https://finance.yahoo.com/quote/PSEI.PS/history
2025-11-28,5986.500000,6043.990234,5973.339844,6022.240234,121700,https://finance.yahoo.com/quote/PSEI.PS/history
2025-12-01,6052.500000,6110.919922,5989.290039,5989.290039,210000,https://finance.yahoo.com/quote/PSEI.PS/history
2025-12-02,6006.330078,6006.330078,5972.600098,5994.399902,65000,https://finance.yahoo.com/quote/PSEI.PS/history
2025-12-03,6004.540039,6004.540039,5905.839844,5905.839844,98100,https://finance.yahoo.com/quote/PSEI.PS/history
2025-12-04,5915.620117,5922.319824,5881.720215,5887.580078,89300,https://finance.yahoo.com/quote/PSEI.PS/history
2025-12-05,5905.259766,5955.459961,5888.439941,5949.220215,70000,https://finance.yahoo.com/quote/PSEI.PS/history
2025-12-09,5963.750000,5976.640137,5922.729980,5976.640137,111900,https://finance.yahoo.com/quote/PSEI.PS/history
2025-12-10,5991.100098,5991.100098,5927.970215,5959.939941,87800,https://finance.yahoo.com/quote/PSEI.PS/history
2025-12-11,5973.439941,6011.680176,5965.450195,5990.000000,187200,https://finance.yahoo.com/quote/PSEI.PS/history
2025-12-12,6000.490234,6062.589844,5993.240234,6036.720215,134100,https://finance.yahoo.com/quote/PSEI.PS/history
2025-12-15,6033.450195,6093.830078,6031.609863,6058.020020,122000,https://finance.yahoo.com/quote/PSEI.PS/history
2025-12-16,6065.740234,6112.200195,6053.270020,6055.680176,148300,https://finance.yahoo.com/quote/PSEI.PS/history
2025-12-17,6082.209961,6111.950195,6065.569824,6079.020020,106900,https://finance.yahoo.com/quote/PSEI.PS/history
2025-12-18,6075.660156,6080.009766,6020.660156,6031.479980,73900,https://finance.yahoo.com/quote/PSEI.PS/history
2025-12-19,6050.359863,6068.379883,5920.870117,5920.870117,126600,https://finance.yahoo.com/quote/PSEI.PS/history
2025-12-22,5951.740234,6041.259766,5951.740234,6041.259766,69700,https://finance.yahoo.com/quote/PSEI.PS/history
2025-12-23,6058.100098,6063.819824,5988.669922,6041.910156,69700,https://finance.yahoo.com/quote/PSEI.PS/history
2025-12-26,6058.600098,6077.459961,6048.330078,6065.640137,43300,https://finance.yahoo.com/quote/PSEI.PS/history
2025-12-29,6073.899902,6100.709961,6052.919922,6052.919922,83800,https://finance.yahoo.com/quote/PSEI.PS/history
2026-01-02,6066.399902,6135.060059,6063.500000,6135.060059,56100,https://finance.yahoo.com/quote/PSEI.PS/history
2026-01-05,6115.790039,6237.140137,6115.790039,6164.529785,114800,https://finance.yahoo.com/quote/PSEI.PS/history
2026-01-06,6190.069824,6342.959961,6190.069824,6317.910156,129900,https://finance.yahoo.com/quote/PSEI.PS/history
2026-01-07,6309.709961,6343.270020,6244.879883,6292.089844,95400,https://finance.yahoo.com/quote/PSEI.PS/history
2026-01-08,6301.750000,6378.049805,6299.970215,6320.669922,95200,https://finance.yahoo.com/quote/PSEI.PS/history
2026-01-09,6339.100098,6367.770020,6339.029785,6348.140137,97600,https://finance.yahoo.com/quote/PSEI.PS/history
2026-01-12,6351.470215,6431.080078,6351.470215,6419.959961,116500,https://finance.yahoo.com/quote/PSEI.PS/history
2026-01-13,6424.500000,6436.939941,6392.879883,6408.759766,98900,https://finance.yahoo.com/quote/PSEI.PS/history
2026-01-14,6398.220215,6444.109863,6389.180176,6389.810059,91600,https://finance.yahoo.com/quote/PSEI.PS/history
2026-01-15,6391.529785,6487.529785,6384.109863,6487.529785,142400,https://finance.yahoo.com/quote/PSEI.PS/history
2026-01-16,6486.200195,6494.100098,6464.560059,6464.669922,162400,https://finance.yahoo.com/quote/PSEI.PS/history
2026-01-19,6478.729980,6491.319824,6437.779785,6437.779785,86000,https://finance.yahoo.com/quote/PSEI.PS/history
2026-01-20,6441.890137,6445.609863,6350.020020,6352.859863,128400,https://finance.yahoo.com/quote/PSEI.PS/history
2026-01-21,6335.549805,6357.229980,6329.720215,6330.100098,110700,https://finance.yahoo.com/quote/PSEI.PS/history
2026-01-22,6341.509766,6413.069824,6341.509766,6398.600098,75800,https://finance.yahoo.com/quote/PSEI.PS/history
2026-01-23,6403.770020,6404.430176,6326.640137,6333.259766,83100,https://finance.yahoo.com/quote/PSEI.PS/history
2026-01-26,6346.410156,6357.839844,6273.870117,6273.870117,74400,https://finance.yahoo.com/quote/PSEI.PS/history
2026-01-27,6283.689941,6331.720215,6283.689941,6306.899902,159200,https://finance.yahoo.com/quote/PSEI.PS/history
2026-01-28,6303.339844,6355.779785,6287.040039,6355.779785,143500,https://finance.yahoo.com/quote/PSEI.PS/history
2026-01-29,6365.459961,6365.459961,6215.799805,6223.359863,108800,https://finance.yahoo.com/quote/PSEI.PS/history
2026-01-30,6253.450195,6328.970215,6212.689941,6328.970215,249400,https://finance.yahoo.com/quote/PSEI.PS/history
2026-02-02,6339.370117,6345.160156,6284.459961,6297.080078,107200,https://finance.yahoo.com/quote/PSEI.PS/history
2026-02-03,6314.189941,6401.959961,6314.189941,6401.959961,102000,https://finance.yahoo.com/quote/PSEI.PS/history
2026-02-04,6408.709961,6424.180176,6372.950195,6372.950195,108900,https://finance.yahoo.com/quote/PSEI.PS/history
2026-02-05,6398.069824,6412.640137,6382.040039,6382.040039,98400,https://finance.yahoo.com/quote/PSEI.PS/history
2026-02-06,6383.049805,6400.899902,6357.859863,6390.910156,107500,https://finance.yahoo.com/quote/PSEI.PS/history
2026-02-09,6402.709961,6458.790039,6349.160156,6349.160156,92900,https://finance.yahoo.com/quote/PSEI.PS/history
2026-02-10,6383.979980,6474.600098,6383.979980,6474.600098,87600,https://finance.yahoo.com/quote/PSEI.PS/history
2026-02-11,6492.330078,6543.350098,6474.040039,6498.819824,90400,https://finance.yahoo.com/quote/PSEI.PS/history
2026-02-12,6517.189941,6519.479980,6454.430176,6471.250000,100500,https://finance.yahoo.com/quote/PSEI.PS/history
2026-02-13,6481.169922,6481.169922,6384.580078,6384.580078,105400,https://finance.yahoo.com/quote/PSEI.PS/history
2026-02-16,6389.490234,6389.490234,6328.680176,6368.549805,135200,https://finance.yahoo.com/quote/PSEI.PS/history
2026-02-18,6375.959961,6395.189941,6348.720215,6394.770020,158300,https://finance.yahoo.com/quote/PSEI.PS/history
2026-02-19,6412.350098,6427.899902,6387.729980,6407.149902,136800,https://finance.yahoo.com/quote/PSEI.PS/history
2026-02-20,6406.080078,6465.120117,6387.149902,6465.120117,117900,https://finance.yahoo.com/quote/PSEI.PS/history
2026-02-23,6468.910156,6534.000000,6468.910156,6488.509766,93700,https://finance.yahoo.com/quote/PSEI.PS/history
2026-02-24,6508.819824,6547.979980,6482.129883,6547.979980,108100,https://finance.yahoo.com/quote/PSEI.PS/history
2026-02-25,6551.120117,6667.500000,6529.899902,6619.870117,120600,https://finance.yahoo.com/quote/PSEI.PS/history
2026-02-26,6622.240234,6673.609863,6622.240234,6625.459961,97200,https://finance.yahoo.com/quote/PSEI.PS/history
2026-02-27,6607.790039,6616.450195,6554.390137,6611.240234,198600,https://finance.yahoo.com/quote/PSEI.PS/history
2026-03-02,6461.939941,6500.180176,6425.069824,6426.830078,131800,https://finance.yahoo.com/quote/PSEI.PS/history
2026-03-03,6430.410156,6496.299805,6421.439941,6445.379883,118100,https://finance.yahoo.com/quote/PSEI.PS/history
2026-03-04,6428.640137,6441.990234,6247.979980,6307.839844,161000,https://finance.yahoo.com/quote/PSEI.PS/history
2026-03-05,6325.169922,6380.529785,6312.089844,6380.529785,80700,https://finance.yahoo.com/quote/PSEI.PS/history
2026-03-06,6352.540039,6364.509766,6284.979980,6320.410156,83600,https://finance.yahoo.com/quote/PSEI.PS/history
2026-03-09,6198.450195,6198.450195,5938.390137,6006.220215,148300,https://finance.yahoo.com/quote/PSEI.PS/history
2026-03-10,6085.459961,6150.000000,6085.459961,6126.660156,93400,https://finance.yahoo.com/quote/PSEI.PS/history
2026-03-11,6176.529785,6212.950195,6158.330078,6158.330078,109500,https://finance.yahoo.com/quote/PSEI.PS/history
2026-03-12,6151.169922,6151.560059,6066.839844,6113.580078,96600,https://finance.yahoo.com/quote/PSEI.PS/history
2026-03-13,6090.939941,6099.410156,6058.939941,6058.939941,89500,https://finance.yahoo.com/quote/PSEI.PS/history
2026-03-16,6048.979980,6048.979980,5970.319824,6006.549805,96000,https://finance.yahoo.com/quote/PSEI.PS/history
2026-03-17,6031.879883,6073.100098,6014.520020,6026.009766,96900,https://finance.yahoo.com/quote/PSEI.PS/history
2026-03-18,6005.459961,6055.450195,5998.209961,6055.450195,73500,https://finance.yahoo.com/quote/PSEI.PS/history
2026-03-19,5993.870117,6018.620117,5934.680176,6018.620117,137300,https://finance.yahoo.com/quote/PSEI.PS/history
2026-03-23,5951.939941,5951.939941,5816.819824,5899.180176,130400,https://finance.yahoo.com/quote/PSEI.PS/history
2026-03-24,5922.779785,5948.640137,5911.839844,5936.200195,78200,https://finance.yahoo.com/quote/PSEI.PS/history
2026-03-25,5960.629883,6044.169922,5960.240234,6044.169922,103700,https://finance.yahoo.com/quote/PSEI.PS/history
2026-03-26,6062.089844,6062.089844,5984.200195,5984.200195,76600,https://finance.yahoo.com/quote/PSEI.PS/history
2026-03-27,5963.950195,5980.160156,5927.370117,5972.830078,96400,https://finance.yahoo.com/quote/PSEI.PS/history
2026-03-30,5938.160156,5938.160156,5823.490234,5869.490234,146600,https://finance.yahoo.com/quote/PSEI.PS/history
2026-03-31,5851.660156,5948.939941,5828.669922,5948.939941,173300,https://finance.yahoo.com/quote/PSEI.PS/history
2026-04-01,6009.370117,6057.970215,5992.450195,5998.680176,160100,https://finance.yahoo.com/quote/PSEI.PS/history
2026-04-06,6010.310059,6010.310059,5912.700195,5948.330078,74000,https://finance.yahoo.com/quote/PSEI.PS/history
2026-04-07,5950.029785,5967.580078,5917.020020,5957.870117,93800,https://finance.yahoo.com/quote/PSEI.PS/history
2026-04-08,6074.060059,6114.259766,6061.529785,6089.910156,134600,https://finance.yahoo.com/quote/PSEI.PS/history
2026-04-10,6125.399902,6151.799805,6095.109863,6098.209961,95200,https://finance.yahoo.com/quote/PSEI.PS/history
2026-04-13,6036.979980,6054.049805,5970.750000,6054.049805,115100,https://finance.yahoo.com/quote/PSEI.PS/history
2026-04-14,6043.359863,6065.620117,6013.100098,6013.100098,110500,https://finance.yahoo.com/quote/PSEI.PS/history
2026-04-15,6049.479980,6081.140137,6043.089844,6063.350098,95600,https://finance.yahoo.com/quote/PSEI.PS/history
2026-04-16,6074.540039,6100.319824,6045.250000,6063.689941,86500,https://finance.yahoo.com/quote/PSEI.PS/history
2026-04-17,6063.689941,6069.419922,5996.890137,5999.129883,95900,https://finance.yahoo.com/quote/PSEI.PS/history
2026-04-20,6028.799805,6080.209961,6010.799805,6016.029785,83600,https://finance.yahoo.com/quote/PSEI.PS/history
2026-04-21,6032.089844,6051.169922,6005.939941,6018.700195,91300,https://finance.yahoo.com/quote/PSEI.PS/history
2026-04-22,6027.990234,6051.250000,5969.140137,5989.560059,77900,https://finance.yahoo.com/quote/PSEI.PS/history
2026-04-23,6000.189941,6001.439941,5969.359863,5983.810059,66500,https://finance.yahoo.com/quote/PSEI.PS/history
2026-04-24,5991.700195,6000.259766,5941.319824,5943.490234,83400,https://finance.yahoo.com/quote/PSEI.PS/history
2026-04-27,5956.950195,5959.770020,5901.149902,5901.149902,69300,https://finance.yahoo.com/quote/PSEI.PS/history
2026-04-28,5914.310059,5914.310059,5833.919922,5866.790039,105000,https://finance.yahoo.com/quote/PSEI.PS/history
2026-04-29,5887.240234,5918.770020,5869.450195,5907.890137,74800,https://finance.yahoo.com/quote/PSEI.PS/history
2026-04-30,5889.620117,5898.060059,5833.640137,5833.640137,100000,https://finance.yahoo.com/quote/PSEI.PS/history
2026-05-04,5866.419922,5942.160156,5861.879883,5942.160156,82800,https://finance.yahoo.com/quote/PSEI.PS/history
2026-05-05,5929.399902,5985.970215,5898.080078,5898.080078,86800,https://finance.yahoo.com/quote/PSEI.PS/history
2026-05-06,5946.330078,5967.209961,5929.169922,5967.209961,121400,https://finance.yahoo.com/quote/PSEI.PS/history
2026-05-07,6033.270020,6106.959961,6021.330078,6034.270020,0,https://finance.yahoo.com/quote/PSEI.PS/history
